# https://github.com/mikedh/trimesh
mtllib material.mtl

o Cesium_Man
usemtl Cesium_Man-effect
v 0.04871457 0.97357500 0.09342920
v 0.08925402 0.97753501 0.07329291
v 0.04660588 1.04690993 0.08482265
v 0.08148968 1.05010998 0.07630437
v 0.51752888 0.84468198 0.15625703
v 0.50410991 0.83433497 0.16423202
v 0.54535388 0.81083697 0.17022502
v 0.54680192 0.79490697 0.18095402
v 0.52840191 0.80229414 0.10521502
v 0.54153293 0.81280798 0.09775199
v 0.55187791 0.78460014 0.13724103
v 0.56831389 0.78253311 0.14273802
v -0.51752914 0.84468192 0.15625698
v -0.53428412 0.84106600 0.13177998
v -0.54535414 0.81083691 0.17022497
v -0.56459910 0.79791892 0.16282988
v -0.52840209 0.80229402 0.10521498
v -0.51135910 0.80607593 0.13020398
v -0.55187810 0.78459990 0.13724098
v -0.55051721 0.77952093 0.16086098
v -0.56913710 0.77710289 0.17212987
v -0.54680211 0.79490691 0.18095397
v 0.11323999 0.07415407 0.03650462
v 0.10916790 0.08993077 0.03090149
v 0.07940595 0.07905560 0.04584175
v 0.07893788 0.08963781 0.04261744
v 0.07842248 0.07311892 -0.05382740
v 0.05065834 0.07279306 -0.04102379
v 0.07783377 0.08999311 -0.04751855
v 0.04891651 0.08962327 -0.03536623
v -0.04530197 0.07365930 0.03736221
v -0.04843187 0.08943355 0.03179931
v -0.07940603 0.07905554 0.04584175
v -0.07893788 0.08963775 0.04261744
v -0.10702700 0.09027397 -0.03713685
v -0.07783377 0.08999305 -0.04751855
v -0.10635600 0.07343888 -0.04253709
v -0.07842248 0.07311886 -0.05382740
v -0.12571320 1.26541996 -0.03820831
v -0.13410620 1.28244996 -0.03820831
v -0.12222620 1.26742995 -0.06549997
v -0.13038620 1.28399003 -0.06549997
v -0.07258057 1.21228993 -0.03820831
v -0.08836519 1.22283995 -0.03820831
v -0.07056730 1.21577001 -0.06549996
v -0.08591407 1.22602999 -0.06549997
v -0.00000019 1.18965995 -0.04922467
v -0.01898664 1.19080997 -0.04899257
v -0.00000019 1.19686997 -0.06549996
v -0.01842117 1.19807994 -0.06549996
v 0.07258015 1.21228993 -0.03820830
v 0.05554831 1.20388997 -0.03820830
v 0.07056690 1.21577001 -0.06549996
v 0.05400747 1.20761001 -0.06549996
v 0.12571280 1.26541996 -0.03820830
v 0.11515980 1.24962997 -0.03820830
v 0.12222580 1.26742995 -0.06549996
v 0.11196480 1.25208998 -0.06549996
v 0.14516071 1.33800006 -0.03820830
v 0.14391381 1.31904995 -0.03820830
v 0.14113370 1.33800006 -0.06549996
v 0.13992170 1.31957996 -0.06549996
v 0.12571280 1.41057992 -0.03820830
v 0.13410580 1.39354992 -0.03820830
v 0.12222580 1.40856993 -0.06549996
v 0.13038580 1.39200997 -0.06549996
v 0.07258015 1.46370995 -0.03820830
v 0.08836472 1.45315993 -0.03820830
v 0.07056684 1.46022999 -0.06549996
v 0.08591365 1.44997001 -0.06549996
v -0.00000024 1.48316002 -0.03820830
v 0.01894629 1.48190999 -0.03820830
v -0.00000024 1.47912991 -0.06549996
v 0.01842075 1.47791994 -0.06549996
v -0.07258063 1.46370995 -0.03820831
v -0.05554872 1.47210991 -0.03820830
v -0.07056730 1.46022999 -0.06549996
v -0.05400782 1.46838999 -0.06549996
v -0.12571320 1.41057992 -0.03820831
v -0.11516020 1.42636991 -0.03820831
v -0.12222620 1.40856993 -0.06549997
v -0.11196520 1.42391002 -0.06549997
v -0.14516119 1.33800006 -0.03820831
v -0.14391421 1.35694993 -0.03820831
v -0.14113420 1.33800006 -0.06549997
v -0.13992220 1.35641992 -0.06549997
v -0.14158321 1.25625992 0.08523326
v -0.15103621 1.27543998 0.08523326
v -0.13896421 1.25776994 0.06549996
v -0.14824221 1.27660000 0.06549995
v -0.08174336 1.19641995 0.08523327
v -0.09952068 1.20829999 0.08523327
v -0.08023107 1.19903994 0.06549996
v -0.09767949 1.21069992 0.06549996
v -0.00000020 1.17451000 0.08523327
v -0.02133864 1.17592001 0.08523327
v -0.00000019 1.17753994 0.06549996
v -0.02094388 1.17891991 0.06549996
v 0.08174300 1.19641995 0.08523327
v 0.06256096 1.18695998 0.08523327
v 0.08023071 1.19903994 0.06549996
v 0.06140357 1.18975997 0.06549996
v 0.14158269 1.25625992 0.08523328
v 0.12969769 1.23847997 0.08523328
v 0.13896380 1.25776994 0.06549997
v 0.12729780 1.24031997 0.06549997
v 0.16348579 1.33800006 0.08523328
v 0.16208180 1.31665993 0.08523328
v 0.16046171 1.33800006 0.06549997
v 0.15908280 1.31705999 0.06549997
v 0.14158269 1.41973996 0.08523328
v 0.15103569 1.40056002 0.08523328
v 0.13896359 1.41822994 0.06549997
v 0.14824180 1.39940000 0.06549997
v 0.08174294 1.47957993 0.08523327
v 0.09952025 1.46770000 0.08523328
v 0.08023064 1.47695994 0.06549996
v 0.09767901 1.46529996 0.06549997
v -0.00000025 1.50149000 0.08523327
v 0.02133822 1.50007999 0.08523327
v -0.00000025 1.49845994 0.06549996
v 0.02094340 1.49707997 0.06549996
v -0.08174342 1.47957993 0.08523327
v -0.06256146 1.48904002 0.08523327
v -0.08023113 1.47695994 0.06549996
v -0.06140393 1.48623991 0.06549996
v -0.14158321 1.41973996 0.08523326
v -0.12969821 1.43751991 0.08523327
v -0.13896421 1.41822994 0.06549996
v -0.12729821 1.43567991 0.06549996
v -0.16348620 1.33800006 0.08523326
v -0.16208211 1.35933995 0.08523326
v -0.16046220 1.33800006 0.06549995
v -0.15908321 1.35894001 0.06549995
v 0.03902912 1.48365998 0.00000000
v 0.05770552 1.47730994 0.00000000
v 0.03757005 1.47820997 -0.03820830
v 0.05554831 1.47210991 -0.03820830
v -0.15110520 1.37848997 0.03820830
v -0.14452221 1.39785993 0.03820830
v -0.14566021 1.37703001 -0.00000001
v -0.13931420 1.39570999 -0.00000001
v 0.07539874 1.46859992 0.00000000
v 0.09179633 1.45762992 0.00000000
v -0.13059521 1.41339993 -0.00000001
v -0.11963220 1.42979991 -0.00000001
v 0.10662970 1.44462991 0.00000000
v 0.11963170 1.42979991 0.00000001
v 0.10264370 1.44063997 -0.03820830
v 0.11515980 1.42636991 -0.03820830
v -0.11061620 1.44861996 0.03820830
v -0.09522843 1.46209991 0.03820830
v -0.10663020 1.44462991 -0.00000000
v -0.09179681 1.45762992 -0.00000000
v 0.13059470 1.41339993 0.00000001
v 0.13931380 1.39570999 0.00000001
v -0.07539921 1.46859992 -0.00000000
v -0.05770593 1.47730994 -0.00000000
v -0.03902953 1.48365998 -0.00000000
v -0.01968264 1.48749995 -0.00000000
v -0.03757053 1.47820997 -0.03820830
v -0.01894676 1.48190999 -0.03820830
v -0.15079820 1.33800006 -0.00000001
v -0.14950220 1.35767996 -0.00000001
v -0.03789359 1.19455993 -0.03995811
v -0.04425489 1.18867993 0.00001908
v -0.05554872 1.20388997 -0.03820830
v -0.05770593 1.19868994 -0.00000000
v 0.03494840 1.17591000 -0.03140515
v 0.04058361 1.17384994 0.00007634
v 0.03617554 1.15942001 -0.03044110
v 0.04155266 1.15889001 0.00012311
v -0.02074176 1.16873002 0.04327917
v -0.02092289 1.15682995 0.04307782
v -0.00000019 1.16785002 0.04420232
v -0.00000019 1.15635002 0.04473507
v -0.01984238 1.17537999 -0.04313695
v -0.02063024 1.15881991 -0.04285293
v -0.03494882 1.17591000 -0.03140515
v -0.03617590 1.15942001 -0.03044110
v 0.03960001 1.14161992 -0.03272086
v 0.03674560 1.14850998 -0.03023815
v 0.04524731 1.14155996 -0.00002777
v 0.04202187 1.14848995 0.00011077
v -0.02261716 1.14121997 0.04613256
v -0.00000019 1.14110994 0.04814481
v -0.02102988 1.14787996 0.04324889
v -0.00000019 1.14767992 0.04526168
v -0.03960037 1.14161992 -0.03272086
v -0.03674608 1.14850998 -0.03023815
v -0.02263075 1.14156997 -0.04652833
v -0.02099239 1.14813995 -0.04306048
v 0.03340888 0.36911198 0.05714625
v 0.03140449 0.40540498 0.04933273
v 0.04382997 0.36889198 0.01589447
v 0.04214757 0.40498900 0.00323111
v 0.07727801 0.30228600 -0.00259214
v 0.04540109 0.30222300 0.01021248
v 0.07719945 0.33875799 0.00480926
v 0.04478114 0.33871800 0.01782608
v 0.07844673 0.36941901 0.10759900
v 0.07715982 0.40597600 0.10604401
v 0.04508435 0.36933801 0.09726005
v 0.04318678 0.40582600 0.09424430
v 0.12167090 0.33858901 0.05238838
v 0.12108390 0.30220801 0.04412662
v 0.11006490 0.33872399 0.01666219
v 0.10957590 0.30230510 0.00894869
v -0.07844686 0.36941901 0.10759899
v -0.04508447 0.36933801 0.09726005
v -0.07715995 0.40597600 0.10604400
v -0.04318696 0.40582600 0.09424430
v -0.12179600 0.36912999 0.05259418
v -0.12182611 0.35390201 0.05418281
v -0.11138700 0.36935100 0.09157329
v -0.11154210 0.35383299 0.09166169
v 0.12026990 0.56128800 0.00981152
v 0.10796590 0.56139898 -0.05319035
v 0.12000980 0.59400600 0.00253672
v 0.10760191 0.59413302 -0.06473999
v 0.03078740 0.60635900 0.07862317
v 0.03340643 0.59388500 0.07853877
v 0.06909149 0.60634702 0.09878307
v 0.07054560 0.59384102 0.09805595
v -0.02280187 0.56129199 0.01544320
v -0.03486329 0.56140101 -0.05178308
v -0.02099579 0.59401101 0.00835293
v -0.03333818 0.59413600 -0.06328696
v -0.06909167 0.60634702 0.09878307
v -0.10739010 0.60635602 0.07139331
v -0.07054580 0.59384102 0.09805595
v -0.10766300 0.59388101 0.07126747
v 0.10882990 0.48376501 -0.02577143
v 0.12088290 0.48395601 0.02706749
v 0.10970590 0.40500700 0.00203634
v 0.12150590 0.40542999 0.04457235
v -0.03140461 0.40540498 0.04933273
v -0.04214769 0.40498900 0.00323111
v -0.02707028 0.48394400 0.03226745
v -0.03847920 0.48375601 -0.02446913
v -0.07354735 0.48369700 -0.04338300
v -0.03847920 0.48375601 -0.02446913
v -0.07575076 0.40485901 -0.01213920
v -0.04214769 0.40498900 0.00323111
v -0.10948310 0.48414400 0.08120650
v -0.11078100 0.40584591 0.08829849
v -0.07440579 0.48420301 0.10271800
v 0.10692080 0.62270999 0.07364727
v 0.10623990 0.64039999 0.07608425
v 0.06547366 0.62271601 0.10186401
v 0.06180249 0.64040101 0.10501191
v 0.01021009 0.62271601 0.00569063
v 0.01801162 0.60639000 0.00657564
v 0.02402609 0.62272102 0.08060288
v 0.02402609 0.62270999 -0.07061266
v 0.06547367 0.62270802 -0.09604710
v 0.03077048 0.60641998 -0.06691777
v 0.06906987 0.60642898 -0.09141545
v -0.10692110 0.62270802 -0.07200379
v -0.10624010 0.64039898 -0.07468408
v -0.06547390 0.62270802 -0.09604711
v -0.06180280 0.64039898 -0.09958858
v -0.10533010 0.65688902 -0.07542735
v -0.12037710 0.65688902 -0.00000790
v -0.10334610 0.68760401 -0.07369668
v -0.11811010 0.68762302 0.00072660
v 0.10532990 0.65688902 -0.07542734
v 0.06018847 0.65688902 -0.10056700
v 0.10334590 0.68760401 -0.07369667
v 0.05905479 0.68759799 -0.09850435
v -0.08136457 1.10974002 0.05615890
v -0.08149004 1.05010998 0.07630437
v -0.04377406 1.10295999 0.07570409
v -0.04660624 1.04690993 0.08482265
v -0.06018872 0.65685499 0.10594000
v -0.10533011 0.65687996 0.07675880
v -0.06180281 0.64040101 0.10501190
v -0.10624010 0.64039999 0.07608424
v -0.10199820 1.11230993 -0.02849996
v -0.13280110 1.09693003 -0.02849996
v -0.10201010 1.10123003 0.01245105
v -0.13214110 1.08620000 0.01160519
v -0.12752020 1.01110995 -0.02849996
v -0.12818020 1.02182996 -0.06944609
v -0.10209510 1.02365994 -0.02849996
v -0.10208320 1.03473997 -0.07029789
v 0.13015970 1.05401993 0.02553415
v 0.13214080 1.08620000 0.01160521
v 0.10204580 1.06797993 0.02666598
v 0.10200980 1.10123003 0.01245105
v -0.13016019 1.05401993 -0.08253419
v -0.13214110 1.08620000 -0.06860506
v -0.10204610 1.06797993 -0.08366596
v -0.10201010 1.10123003 -0.06945109
v -0.33688522 0.94932902 0.03699701
v -0.32480410 0.92443401 0.02649240
v -0.31758711 0.96019602 0.02529268
v -0.30472821 0.93448293 0.01411758
v 0.30020979 0.92595297 -0.02099697
v 0.32175291 0.91545111 -0.00658326
v 0.30472791 0.93448311 0.01411760
v 0.32480380 0.92443413 0.02649242
v 0.27754182 1.02467000 -0.02849995
v 0.27370280 1.01560998 0.00763084
v 0.31055179 1.00818992 -0.02849995
v 0.30619380 0.99941498 0.00671525
v -0.25067011 0.96127492 0.00844799
v -0.28004521 0.94675201 0.00749015
v -0.24683110 0.95221794 -0.02849997
v -0.27568722 0.93797493 -0.02849997
v 0.27370280 1.01560998 -0.06463085
v 0.30619380 0.99941498 -0.06371526
v 0.26218582 0.98844510 -0.07721929
v 0.29311881 0.97308397 -0.07597028
v -0.33437809 0.99473393 -0.02115119
v -0.35503221 0.98141593 -0.00678821
v -0.33029911 0.98598200 0.01328419
v -0.34971911 0.97377491 0.02566007
v -0.26218611 0.98844492 -0.07721931
v -0.25067010 0.96127492 -0.06544799
v -0.29311910 0.97308391 -0.07597030
v -0.28004521 0.94675303 -0.06449020
v 0.26218581 0.98844510 0.02021921
v 0.25066981 0.96127510 0.00844801
v 0.29311880 0.97308397 0.01897026
v 0.28004491 0.94675308 0.00749017
v -0.20480411 1.06097996 -0.02849997
v -0.20252910 1.05110002 -0.06662959
v -0.12818021 1.02182996 0.01244597
v -0.18887810 0.99182492 0.01046459
v -0.18660310 0.98194492 -0.02849997
v 0.19570380 1.02145994 0.02289618
v 0.20252880 1.05110002 0.00962962
v -0.19570410 1.02145994 -0.07989622
v -0.42352119 0.86578691 0.06190244
v -0.40470010 0.87496501 0.04928777
v -0.41559512 0.87897301 0.08263633
v -0.39828021 0.88764101 0.07195357
v -0.43986822 0.89115202 0.11204698
v -0.43360720 0.86929893 0.10356188
v -0.43514511 0.89388502 0.10262388
v -0.42829812 0.87230092 0.09515104
v 0.43773281 0.85836613 0.07184012
v 0.44481390 0.85436714 0.07711269
v 0.42829781 0.87230110 0.09515108
v 0.43360689 0.86929911 0.10356192
v 0.39827990 0.88764113 0.07195360
v 0.41559481 0.87897313 0.08263637
v 0.40652880 0.91006112 0.07924558
v 0.42311480 0.90071797 0.08930559
v -0.43354321 0.89455402 0.01944897
v -0.41878709 0.87596101 0.02665177
v -0.45387012 0.88305491 0.03460435
v -0.43893209 0.86565101 0.04119471
v 0.47916192 0.86854911 0.04222651
v 0.46337092 0.85217708 0.05067511
v 0.46977880 0.87396210 0.04108800
v 0.45453289 0.85720998 0.04853691
v -0.46719122 0.90947992 0.07187197
v -0.47421611 0.90533394 0.07716057
v -0.45065210 0.91048694 0.09471295
v -0.45595211 0.90735501 0.10307598
v 0.45346391 0.91798598 0.06200744
v 0.43537181 0.92964911 0.04940672
v 0.43832290 0.91804713 0.08229949
v 0.42153090 0.92860413 0.07158859
v 0.44536080 0.88797408 0.12300802
v 0.46210491 0.90371913 0.11278502
v 0.43986791 0.89115208 0.11204702
v 0.45595181 0.90735513 0.10307602
v 0.49008292 0.86224914 0.04355134
v 0.47367880 0.84630811 0.05316879
v -0.49008322 0.86224902 0.04355130
v -0.49530611 0.88461989 0.05379799
v -0.47916222 0.86854893 0.04222647
v -0.48512912 0.89057094 0.05123303
v -0.44536111 0.88797402 0.12300798
v -0.43979711 0.86579794 0.11336598
v 0.38714981 0.92080408 -0.01514027
v 0.43354291 0.89455414 0.01944901
v 0.37334481 0.89923513 -0.00621299
v 0.41878679 0.87596112 0.02665181
v 0.39562881 0.95525712 0.02160294
v 0.39720792 0.94453198 -0.00568364
v 0.35503191 0.98141611 -0.00678818
v 0.35202491 0.97256613 -0.03918556
v -0.38606322 0.95091492 0.04890177
v -0.42153120 0.92860401 0.07158855
v -0.37215910 0.92944092 0.05839530
v -0.40652910 0.91006100 0.07924554
v -0.39720821 0.94453192 -0.00568368
v -0.44154510 0.91702402 0.02719525
v -0.39562911 0.95525694 0.02160290
v -0.43537212 0.92964894 0.04940668
v -0.05820542 1.13238001 0.04538035
v -0.06651735 1.13312995 -0.00244457
v -0.06834268 1.12667000 0.04868209
v -0.07812458 1.12809992 -0.00784296
v 0.06651699 1.13312995 -0.00244456
v 0.07812422 1.12809992 -0.00784295
v 0.05819958 1.13366997 -0.05075579
v 0.06837511 1.12932992 -0.06478946
v 0.03326058 1.13150001 0.06313747
v 0.03904891 1.12579000 0.06941229
v 0.05820500 1.13238001 0.04538035
v 0.06834226 1.12667000 0.04868209
v -0.00000019 1.13102996 0.06449896
v -0.03326094 1.13150001 0.06313747
v -0.00000019 1.12547994 0.07082867
v -0.03904920 1.12579000 0.06941229
v 0.03907501 1.12960994 -0.08678417
v -0.00000018 1.12951994 -0.08904349
v 0.03325617 1.13388002 -0.06997125
v -0.00000018 1.13389993 -0.07230508
v -0.03907543 1.12960994 -0.08678418
v -0.06837546 1.12932992 -0.06478947
v -0.03325659 1.13388002 -0.06997126
v -0.05819994 1.13366997 -0.05075579
v -0.07885874 0.35381901 0.10710500
v -0.07898783 0.33846101 0.10428799
v -0.04572862 0.35384700 0.09719967
v -0.04604083 0.33853298 0.09451121
v -0.11148811 0.33846399 0.08919464
v -0.12167100 0.33858901 0.05238836
v 0.11981990 0.22377600 0.02631379
v 0.10852190 0.22385600 -0.00766712
v 0.07896012 0.30210799 0.09479010
v 0.07890182 0.22351900 0.07425648
v 0.11110990 0.30210599 0.08029085
v 0.11029490 0.22362100 0.06106877
v 0.04714500 0.22347100 0.06424665
v 0.03652977 0.22347590 0.02940917
v 0.04788905 0.14594389 0.04385310
v 0.03788465 0.14594389 0.01102489
v 0.04673725 0.22355600 -0.00620216
v 0.07744765 0.22373299 -0.01853340
v 0.04805278 0.14609300 -0.02236616
v 0.07761478 0.14639300 -0.03422838
v -0.04861140 0.11321000 -0.02922785
v -0.04805284 0.14609300 -0.02236616
v -0.03845971 0.11303200 0.00322073
v -0.03788471 0.14594389 0.01102489
v -0.04831248 0.10183300 0.03295230
v -0.04820483 0.11303400 0.03519582
v -0.07884591 0.10203400 0.04334980
v -0.07882052 0.11322490 0.04543823
v -0.10915200 0.11350100 0.03409820
v -0.11804600 0.11375600 0.00132650
v -0.10910090 0.10232290 0.03200440
v -0.11795000 0.10258600 -0.00103945
v -0.07768570 0.11356190 -0.04089087
v -0.10704400 0.11383000 -0.03097171
v -0.07761478 0.14639300 -0.03422838
v -0.10748400 0.14661799 -0.02402688
v -0.05342078 0.06151849 0.07929825
v -0.08324617 0.06732684 0.07907038
v -0.05945999 0.05166304 0.12341800
v -0.08831311 0.05604749 0.12329200
v 0.08831310 0.05604755 0.12329200
v 0.09304945 0.04312336 0.16424801
v 0.11727400 0.05199462 0.12314401
v 0.11292490 0.04323077 0.15356401
v -0.08716243 1.39073002 0.13100001
v -0.06931294 1.38998997 0.13100001
v -0.08554864 1.40706992 0.13100001
v -0.06887103 1.40687001 0.13100001
v -0.09009909 1.33800006 0.13100001
v -0.08971668 1.32007992 0.13100001
v -0.07069088 1.33800006 0.13100001
v -0.07048548 1.32050002 0.13100001
v -0.07069088 1.33800006 0.13100001
v -0.08971668 1.32007992 0.13100001
v -0.06906897 1.25244999 0.13100001
v -0.06887109 1.26912999 0.13100001
v -0.08428628 1.25370991 0.13100001
v -0.08554858 1.26892996 0.13100001
v -0.05187082 1.38986993 0.13100001
v -0.03461302 1.39006996 0.13100001
v -0.05198585 1.40731001 0.13100001
v -0.03486962 1.40798998 0.13100001
v -0.05198585 1.40731001 0.13100001
v -0.03461302 1.39006996 0.13100001
v -0.05236238 1.33800006 0.13100001
v -0.05226577 1.32068002 0.13100001
v -0.03469908 1.33800006 0.13100001
v -0.03466141 1.32071996 0.13100001
v -0.03558517 1.24930000 0.13100001
v -0.03486955 1.26801002 0.13100001
v -0.05273485 1.25083995 0.13100001
v -0.05198581 1.26868999 0.13100001
v -0.00000023 1.40868998 0.13100001
v -0.01749862 1.40848994 0.13100001
v -0.00000023 1.39036000 0.13100001
v -0.01731629 1.39026999 0.13100001
v -0.00000022 1.32070994 0.13100001
v -0.00000022 1.33800006 0.13100001
v -0.01727605 1.32071996 0.13100001
v -0.01728684 1.33800006 0.13100001
v -0.00000021 1.24790001 0.13100001
v -0.00000022 1.26731002 0.13100001
v -0.01792121 1.24827993 0.13100001
v -0.01749862 1.26750994 0.13100001
v 0.01749812 1.40848994 0.13100001
v 0.01731585 1.39026999 0.13100001
v 0.03486912 1.40798998 0.13100001
v 0.03461246 1.39006996 0.13100001
v 0.01727562 1.32071996 0.13100001
v 0.03466086 1.32071996 0.13100001
v 0.01728640 1.33800006 0.13100001
v 0.03469866 1.33800006 0.13100001
v 0.01792084 1.24827993 0.13100001
v 0.03558468 1.24930000 0.13100001
v 0.01749818 1.26750994 0.13100001
v 0.03486918 1.26801002 0.13100001
v 0.01749818 1.26750994 0.13100001
v 0.03558468 1.24930000 0.13100001
v 0.05187027 1.38986993 0.13100001
v 0.06931245 1.38998997 0.13100002
v 0.05198543 1.40731001 0.13100001
v 0.06887065 1.40687001 0.13100002
v 0.05198543 1.40731001 0.13100001
v 0.06931245 1.38998997 0.13100002
v 0.07069045 1.33800006 0.13100002
v 0.05236196 1.33800006 0.13100001
v 0.07048504 1.32050002 0.13100002
v 0.05226527 1.32068002 0.13100001
v 0.05273448 1.25083995 0.13100001
v 0.06906860 1.25244999 0.13100002
v 0.05198543 1.26868999 0.13100001
v 0.06887053 1.26912999 0.13100002
v 0.10497180 1.39241993 0.13100002
v 0.10151269 1.40859997 0.13100002
v 0.08716195 1.39073002 0.13100002
v 0.08554816 1.40706992 0.13100002
v 0.11027680 1.33800006 0.13100002
v 0.09009867 1.33800006 0.13100002
v 0.10963380 1.31936002 0.13100002
v 0.08971624 1.32007992 0.13100002
v 0.08428584 1.25370991 0.13100002
v 0.09788340 1.25316000 0.13100002
v 0.08554816 1.26892996 0.13100002
v 0.10151269 1.26740003 0.13100002
v 0.08554816 1.26892996 0.13100002
v 0.09788340 1.25316000 0.13100002
v -0.06798665 1.29686999 -0.13100002
v -0.05406409 1.29744995 -0.13100001
v -0.06672798 1.28412998 -0.13100002
v -0.05371946 1.28427994 -0.13100001
v -0.06672798 1.28412998 -0.13100002
v -0.05406409 1.29744995 -0.13100001
v -0.07027726 1.33800006 -0.13100002
v -0.06997913 1.35197997 -0.13100002
v -0.05513900 1.33800006 -0.13100001
v -0.05497860 1.35165000 -0.13100001
v -0.05387382 1.40472996 -0.13100001
v -0.05371951 1.39171994 -0.13100001
v -0.06574337 1.40373993 -0.13100002
v -0.06672798 1.39187002 -0.13100002
v -0.04045927 1.29753995 -0.13100001
v -0.02699815 1.29738998 -0.13100001
v -0.04054897 1.28393996 -0.13100001
v -0.02719830 1.28340995 -0.13100001
v -0.04054897 1.28393996 -0.13100001
v -0.02699815 1.29738998 -0.13100001
v -0.04084270 1.33800006 -0.13100001
v -0.04076736 1.35150993 -0.13100001
v -0.02706538 1.33800006 -0.13100001
v -0.02703600 1.35146999 -0.13100001
v -0.02775650 1.40717995 -0.13100001
v -0.02719830 1.39258993 -0.13100001
v -0.04113322 1.40599000 -0.13100001
v -0.04054897 1.39205992 -0.13100001
v -0.00000020 1.28285992 -0.13100001
v -0.01364879 1.28302002 -0.13100001
v -0.00000021 1.29715991 -0.13100001
v -0.01350676 1.29723001 -0.13100001
v -0.00000021 1.35148001 -0.13100001
v -0.00000021 1.33800006 -0.13100001
v -0.01347534 1.35148001 -0.13100001
v -0.01348381 1.33800006 -0.13100001
v -0.00000023 1.40828001 -0.13100001
v -0.00000023 1.39313996 -0.13100001
v -0.01397859 1.40797997 -0.13100001
v -0.01364885 1.39297998 -0.13100001
v -0.01397859 1.40797997 -0.13100001
v -0.00000023 1.39313996 -0.13100001
v 0.01364846 1.28302002 -0.13100001
v 0.01350636 1.29723001 -0.13100001
v 0.02719784 1.28340995 -0.13100001
v 0.02699775 1.29738998 -0.13100001
v 0.01347495 1.35148001 -0.13100001
v 0.02703554 1.35146999 -0.13100001
v 0.01348329 1.33800006 -0.13100001
v 0.02706492 1.33800006 -0.13100001
v 0.01397813 1.40797997 -0.13100001
v 0.02775604 1.40717995 -0.13100001
v 0.01364846 1.39297998 -0.13100001
v 0.02719777 1.39258993 -0.13100001
v 0.01364846 1.39297998 -0.13100001
v 0.02775604 1.40717995 -0.13100001
v 0.04045880 1.29753995 -0.13100001
v 0.05406362 1.29744995 -0.13100001
v 0.04054857 1.28393996 -0.13100001
v 0.05371905 1.28427994 -0.13100001
v 0.05513847 1.33800006 -0.13100001
v 0.04084224 1.33800006 -0.13100001
v 0.05497826 1.35165000 -0.13100001
v 0.04076696 1.35150993 -0.13100001
v 0.04113269 1.40599000 -0.13100001
v 0.05387337 1.40472996 -0.13100001
v 0.04054857 1.39205992 -0.13100001
v 0.05371905 1.39171994 -0.13100001
v 0.08187818 1.29554999 -0.13100001
v 0.07917976 1.28293002 -0.13100001
v 0.06798625 1.29686999 -0.13100001
v 0.06672758 1.28412998 -0.13100001
v 0.06798625 1.29686999 -0.13100001
v 0.07917976 1.28293002 -0.13100001
v 0.08601594 1.33800006 -0.13100001
v 0.07027685 1.33800006 -0.13100001
v 0.08551419 1.35254002 -0.13100001
v 0.06997865 1.35197997 -0.13100001
v 0.08551419 1.35254002 -0.13100001
v 0.07027685 1.33800006 -0.13100001
v 0.06574297 1.40373993 -0.13100001
v 0.07634897 1.40416992 -0.13100001
v 0.06672758 1.39187002 -0.13100001
v 0.07917976 1.39306998 -0.13100001
v 0.09507674 1.06861997 -0.08606851
v 0.09583164 1.03224003 -0.07127630
v 0.09296828 1.06120992 -0.09251838
v 0.09467279 1.01604998 -0.07363730
v 0.09431928 1.10492003 -0.07086539
v 0.09125399 1.10600996 -0.07454556
v 0.09406018 1.11677003 -0.02679961
v 0.09065639 1.11994994 -0.02169889
v -0.09125434 1.10600996 -0.07454557
v -0.08145456 1.11360002 -0.08440119
v -0.09296864 1.06120992 -0.09251839
v -0.08154892 1.05255997 -0.09940570
v -0.09467315 1.01604998 -0.07363730
v -0.08926373 0.97779500 -0.08399100
v -0.09524136 1.00102997 -0.01592242
v -0.09793692 0.96202099 -0.00533271
v 0.09944386 0.74797398 -0.06895440
v 0.09458267 0.82323599 -0.06602317
v 0.11364990 0.74804699 0.00294584
v 0.10809480 0.82335502 0.00401056
v -0.11365010 0.74804699 0.00294583
v -0.09944409 0.74811101 0.07598965
v -0.10809510 0.82335502 0.00401055
v -0.09458291 0.82347202 0.07492225
v 0.05682504 0.74794900 -0.09292119
v -0.00000012 0.74794900 -0.09292119
v 0.05404710 0.82319599 -0.08936768
v -0.00000013 0.82319599 -0.08936768
v -0.09944409 0.74797398 -0.06895441
v -0.09458290 0.82323599 -0.06602318
v -0.05682528 0.74794900 -0.09292119
v -0.05404740 0.82319599 -0.08936768
v 0.09944385 0.74811101 0.07598966
v 0.09458267 0.82347202 0.07492226
v 0.05682503 0.74810398 0.10338690
v 0.05404710 0.82350397 0.10090100
v -0.05682528 0.74810398 0.10338690
v -0.00000013 0.74808300 0.10567400
v -0.05404741 0.82350397 0.10090100
v -0.00000014 0.82349902 0.10265700
v -0.14597020 1.42227995 0.12259999
v -0.13371620 1.44059992 0.12259999
v -0.14544321 1.42197001 0.11294200
v -0.13323321 1.44023001 0.11294200
v 0.03316229 1.45851994 -0.13100001
v 0.04890584 1.45308995 -0.13100001
v 0.03203846 1.44991994 -0.13100001
v 0.04716104 1.44497991 -0.13100001
v -0.14597020 1.25371993 0.12259999
v -0.15571620 1.27349997 0.12259999
v -0.14544321 1.25402999 0.11294200
v -0.15515420 1.27372992 0.11294200
v 0.09836137 1.46473992 0.13100002
v 0.09381455 1.45691001 0.13100002
v 0.11341070 1.45140994 0.13100002
v 0.10730060 1.44529998 0.13100002
v -0.00000019 1.21306992 -0.13100001
v -0.01674907 1.21419001 -0.13100001
v -0.00000019 1.22203994 -0.13100001
v -0.01619886 1.22307003 -0.13100001
v -0.03316276 1.21747994 -0.13100001
v -0.04890631 1.22290993 -0.13100001
v -0.03203879 1.22607994 -0.13100001
v -0.04716139 1.23101997 -0.13100001
v 0.11918380 1.21881998 0.12260000
v 0.10260380 1.20428002 0.12260000
v 0.11875379 1.21924996 0.11294201
v 0.10223380 1.20476997 0.11294201
v 0.12381480 1.35474992 -0.13100001
v 0.11493081 1.35420001 -0.13100001
v 0.12051581 1.37115991 -0.13100001
v 0.11191480 1.37003994 -0.13100001
v -0.00000025 1.50654995 0.12260000
v 0.02199928 1.50510001 0.12260000
v -0.00000025 1.50593996 0.11294200
v 0.02191990 1.50449991 0.11294200
v -0.15873720 1.35947001 0.13100001
v -0.14734720 1.35877001 0.13100001
v -0.15450821 1.38051999 0.13100001
v -0.14348111 1.37907994 0.13100001
v -0.11918421 1.45717990 0.12259999
v -0.10260421 1.47171998 0.12259999
v -0.11875421 1.45674992 0.11294200
v -0.10223420 1.47122991 0.11294200
v 0.16855180 1.33800006 0.12260000
v 0.16710379 1.31600010 0.12260000
v 0.16794280 1.33800006 0.11294201
v 0.16649970 1.31607997 0.11294201
v -0.00000019 1.20386994 -0.11294200
v -0.00000019 1.20528996 -0.12260000
v 0.01750725 1.20501995 -0.11294200
v 0.01732123 1.20642996 -0.12260000
v 0.13818180 1.41948998 0.13100002
v 0.12674370 1.43636000 0.13100002
v 0.12880669 1.41627002 0.13100002
v 0.11891069 1.43181002 0.13100002
v 0.08427566 1.19202995 0.12260000
v 0.06449937 1.18227994 0.12260000
v 0.08397138 1.19255996 0.11294201
v 0.06426650 1.18285000 0.11294201
v -0.08427614 1.48396993 0.12259999
v -0.06449985 1.49371994 0.12259999
v -0.08397180 1.48343992 0.11294200
v -0.06426693 1.49315000 0.11294200
v -0.00000020 1.17782998 0.13100001
v 0.02147268 1.17926002 0.13100001
v -0.00000020 1.18934000 0.13100001
v 0.02076739 1.19064999 0.13100001
v 0.06356413 1.44577992 -0.13100001
v 0.07672185 1.43685997 -0.13100001
v 0.06104655 1.43847001 -0.13100001
v 0.07317538 1.43075001 -0.13100001
v -0.13413520 1.33800006 -0.11294201
v -0.13271020 1.33800006 -0.12260000
v -0.13298210 1.32049000 -0.11294201
v -0.13157020 1.32068002 -0.12260000
v -0.16280921 1.29437995 0.12259999
v -0.16710420 1.31600010 0.12259999
v -0.16222121 1.29452991 0.11294200
v -0.16650020 1.31607997 0.11294200
v -0.04890631 1.45308995 -0.13100001
v -0.04716144 1.44497991 -0.13100001
v -0.06356459 1.44577992 -0.13100001
v -0.06104694 1.43847001 -0.13100001
v 0.14596980 1.42227995 0.12260000
v 0.15571580 1.40249991 0.12260000
v 0.14544269 1.42197001 0.11294201
v 0.15515379 1.40226996 0.11294201
v -0.00000020 1.16944993 0.12260000
v -0.02199978 1.17089999 0.12260000
v -0.00000020 1.17005992 0.11294200
v -0.02192038 1.17149997 0.11294200
v 0.04890591 1.22290993 -0.13100001
v 0.04716111 1.23101997 -0.13100001
v 0.06356419 1.23021996 -0.13100001
v 0.06104661 1.23752999 -0.13100001
v 0.09885996 1.41471994 -0.13100001
v 0.09275055 1.41118002 -0.13100001
v 0.08846003 1.42645991 -0.13100001
v 0.08369428 1.42168999 -0.13100001
v 0.12493071 1.33800006 -0.13100001
v 0.12381480 1.32124996 -0.13100001
v 0.11595771 1.33800006 -0.13100001
v 0.11493081 1.32179999 -0.13100001
v -0.07672231 1.43685997 -0.13100002
v -0.07317577 1.43075001 -0.13100002
v -0.08846049 1.42645991 -0.13100002
v -0.08369468 1.42168999 -0.13100002
v -0.12956419 1.37272000 -0.11294201
v -0.12818820 1.37234998 -0.12260000
v -0.13298210 1.35551000 -0.11294201
v -0.13157020 1.35531998 -0.12260000
v 0.16280870 1.38161993 0.12260000
v 0.16710379 1.36000001 0.12260000
v 0.16222070 1.38146996 0.11294201
v 0.16649970 1.35992002 0.11294201
v -0.00000023 1.46292996 -0.13100001
v 0.01674861 1.46180999 -0.13100001
v -0.00000023 1.45395994 -0.13100001
v 0.01619846 1.45292997 -0.13100001
v 0.07672190 1.23913991 -0.13100001
v 0.07317538 1.24524999 -0.13100001
v 0.08846009 1.24953997 -0.13100001
v 0.08369428 1.25431001 -0.13100001
v -0.04362453 1.17518997 0.12259999
v -0.06449979 1.18227994 0.12259999
v -0.04346705 1.17577994 0.11294200
v -0.06426687 1.18285000 0.11294200
v -0.11508610 1.28908992 -0.13100002
v -0.10697620 1.29083991 -0.13100002
v -0.10778219 1.27443993 -0.13100002
v -0.10047019 1.27695000 -0.13100002
v -0.10778219 1.40155995 -0.13100002
v -0.09886044 1.41471994 -0.13100002
v -0.10047019 1.39905000 -0.13100002
v -0.09275101 1.41118002 -0.13100002
v -0.00000023 1.47212994 -0.11294200
v -0.00000023 1.47070992 -0.12260000
v -0.01750773 1.47097993 -0.11294200
v -0.01732169 1.46956992 -0.12260000
v 0.10778180 1.27443993 -0.13100001
v 0.09885996 1.26127994 -0.13100001
v 0.10046980 1.27695000 -0.13100001
v 0.09275055 1.26481998 -0.13100001
v -0.08427609 1.19202995 0.12259999
v -0.10260421 1.20428002 0.12259999
v -0.08397180 1.19255996 0.11294200
v -0.10223420 1.20476997 0.11294200
v -0.09886038 1.26127994 -0.13100002
v -0.09275095 1.26481998 -0.13100002
v -0.08846049 1.24953997 -0.13100002
v -0.08369468 1.25431001 -0.13100002
v 0.16280880 1.29437995 0.12260000
v 0.15571580 1.27349997 0.12260000
v 0.16222080 1.29452991 0.11294201
v 0.15515379 1.27372992 0.11294201
v 0.11508570 1.38690996 -0.13100001
v 0.10697571 1.38515997 -0.13100001
v 0.10778171 1.40155995 -0.13100001
v 0.10046971 1.39905000 -0.13100001
v -0.12051620 1.37115991 -0.13100002
v -0.11508610 1.38690996 -0.13100002
v -0.11191520 1.37003994 -0.13100002
v -0.10697620 1.38515997 -0.13100002
v -0.16280921 1.38161993 0.12259999
v -0.15571620 1.40249991 0.12259999
v -0.16222121 1.38146996 0.11294200
v -0.15515420 1.40226996 0.11294200
v 0.12051581 1.30483997 -0.13100001
v 0.11508581 1.28908992 -0.13100001
v 0.11191480 1.30595994 -0.13100001
v 0.10697571 1.29083991 -0.13100001
v -0.11918421 1.21881998 0.12259999
v -0.13371620 1.23539996 0.12259999
v -0.11875421 1.21924996 0.11294200
v -0.13323321 1.23576999 0.11294200
v 0.04362409 1.50080991 0.12260000
v 0.06449931 1.49371994 0.12260000
v 0.04346656 1.50021994 0.11294200
v 0.06426644 1.49315000 0.11294201
v -0.00000025 1.49817002 0.13100001
v -0.02147306 1.49673998 0.13100001
v -0.00000025 1.48666000 0.13100001
v -0.02076774 1.48535001 0.13100001
v -0.06356459 1.23021996 -0.13100001
v -0.07672225 1.23913991 -0.13100002
v -0.06104689 1.23752999 -0.13100001
v -0.07317577 1.24524999 -0.13100002
v 0.14596980 1.25371993 0.12260000
v 0.13371580 1.23539996 0.12260000
v 0.14544269 1.25402999 0.11294201
v 0.13323280 1.23576999 0.11294201
v -0.16045721 1.29500997 0.10076699
v -0.15346721 1.27442992 0.10076699
v -0.11746321 1.22053993 0.10076700
v -0.10112220 1.20621991 0.10076700
v 0.04346662 1.17577994 0.11294200
v 0.04299420 1.17753994 0.10076700
v 0.06356781 1.18453002 0.10076700
v 0.11746279 1.22053993 0.10076701
v 0.13178470 1.23687994 0.10076701
v 0.16045680 1.29500997 0.10076701
v 0.16468980 1.31631994 0.10076701
v 0.16045670 1.38098991 0.10076701
v 0.15346680 1.40156996 0.10076701
v 0.11875370 1.45674992 0.11294201
v 0.11746279 1.45545995 0.10076701
v 0.10223370 1.47122991 0.11294201
v 0.10112170 1.46977997 0.10076701
v -0.04346711 1.50021994 0.11294200
v -0.04299456 1.49845994 0.10076700
v -0.06356823 1.49146998 0.10076700
v -0.11746321 1.45545995 0.10076700
v -0.13178520 1.43911994 0.10076700
v -0.16045721 1.38098991 0.10076699
v -0.16650020 1.35992002 0.11294200
v -0.16469011 1.35967994 0.10076699
v -0.12229620 1.28065002 0.13100001
v -0.12700421 1.29902995 0.13100001
v -0.13714921 1.27753997 0.13100001
v -0.14348111 1.29691994 0.13100001
v -0.12700421 1.37696993 0.13100001
v -0.12991211 1.35771000 0.13100001
v -0.11891120 1.43181002 0.13100001
v -0.10935820 1.42665994 0.13100001
v -0.10730120 1.44529998 0.13100001
v -0.10051821 1.43851995 0.13100001
v -0.06046337 1.47514999 0.13100001
v -0.07826543 1.46680999 0.13100001
v -0.05735100 1.46029997 0.13100001
v -0.07414841 1.45425999 0.13100001
v -0.05735100 1.46029997 0.13100001
v -0.07826543 1.46680999 0.13100001
v 0.09381455 1.45691001 0.13100002
v 0.08865903 1.44735992 0.13100002
v 0.10730060 1.44529998 0.13100002
v 0.10051780 1.43851995 0.13100002
v 0.08865903 1.44735992 0.13100002
v 0.12229569 1.39534998 0.13100002
v 0.12700369 1.37696993 0.13100002
v 0.13714870 1.39845991 0.13100002
v 0.14348070 1.37907994 0.13100002
v 0.12700369 1.29902995 0.13100002
v 0.14348080 1.29691994 0.13100002
v 0.12991179 1.31830001 0.13100002
v 0.14734670 1.31722999 0.13100002
v 0.12991179 1.31830001 0.13100002
v 0.14348080 1.29691994 0.13100002
v 0.11891080 1.24418998 0.13100002
v 0.10935780 1.24933994 0.13100002
v 0.10730080 1.23070002 0.13100002
v 0.10051780 1.23747993 0.13100002
v 0.06046294 1.20085001 0.13100001
v 0.07826501 1.20919001 0.13100002
v 0.05735050 1.21569991 0.13100001
v 0.07414799 1.22174001 0.13100002
v -0.09381497 1.21908998 0.13100001
v -0.08865946 1.22863996 0.13100001
v -0.10730120 1.23070002 0.13100001
v -0.10051821 1.23747993 0.13100001
v -0.13351319 1.30223000 -0.08523328
v -0.13129910 1.30281997 -0.10076701
v -0.12769720 1.28511000 -0.08523328
v -0.12557920 1.28597999 -0.10076701
v -0.09773850 1.24026000 -0.08523328
v -0.09611784 1.24187994 -0.10076701
v -0.08414179 1.22833991 -0.08523327
v -0.08274667 1.23016000 -0.10076701
v 0.03577440 1.20448995 -0.08523327
v 0.03518128 1.20669997 -0.10076700
v 0.05289340 1.21029997 -0.08523327
v 0.05201631 1.21241999 -0.10076700
v 0.09773808 1.24026000 -0.08523327
v 0.09611749 1.24187994 -0.10076700
v 0.10965480 1.25386000 -0.08523327
v 0.10783680 1.25524998 -0.10076700
v 0.13351271 1.30223000 -0.08523327
v 0.13129880 1.30281997 -0.10076700
v 0.13703481 1.31996000 -0.08523327
v 0.13476281 1.32025993 -0.10076700
v 0.13351271 1.37377000 -0.08523327
v 0.13129871 1.37317991 -0.10076700
v 0.12769680 1.39089000 -0.08523327
v 0.12557881 1.39002001 -0.10076700
v 0.09773802 1.43573999 -0.08523327
v 0.09611743 1.43411994 -0.10076700
v 0.08414137 1.44765997 -0.08523327
v 0.08274626 1.44584000 -0.10076700
v -0.03577482 1.47150993 -0.08523327
v -0.03518170 1.46929991 -0.10076700
v -0.05289375 1.46569991 -0.08523327
v -0.05201679 1.46358001 -0.10076700
v -0.09773850 1.43573999 -0.08523328
v -0.09611790 1.43411994 -0.10076701
v -0.10965520 1.42214000 -0.08523328
v -0.10783720 1.42075002 -0.10076701
v -0.13351319 1.37377000 -0.08523328
v -0.13129910 1.37317991 -0.10076701
v -0.13703520 1.35604000 -0.08523328
v -0.13476319 1.35573995 -0.10076701
v -0.09539133 1.38273001 -0.13100002
v -0.09906309 1.36839998 -0.13100002
v -0.09906309 1.30760002 -0.13100002
v -0.11191520 1.30595994 -0.13100002
v -0.10133120 1.32262993 -0.13100002
v -0.11493120 1.32179999 -0.13100002
v -0.10133120 1.32262993 -0.13100002
v -0.11191520 1.30595994 -0.13100002
v -0.09275095 1.26481998 -0.13100002
v -0.08529961 1.26884997 -0.13100002
v -0.08369468 1.25431001 -0.13100002
v -0.07840429 1.25959992 -0.13100002
v -0.08369468 1.25431001 -0.13100002
v -0.08529961 1.26884997 -0.13100002
v -0.04473375 1.24260998 -0.13100001
v -0.03039609 1.23894000 -0.13100001
v 0.06915408 1.25269997 -0.13100001
v 0.07840390 1.25959992 -0.13100001
v 0.09539085 1.29326999 -0.13100001
v 0.09906269 1.30760002 -0.13100001
v 0.09906269 1.36839998 -0.13100001
v 0.11191480 1.37003994 -0.13100001
v 0.10133081 1.35336995 -0.13100001
v 0.10133081 1.35336995 -0.13100001
v 0.09275055 1.41118002 -0.13100001
v 0.08529913 1.40714991 -0.13100001
v 0.08369428 1.42168999 -0.13100001
v 0.07840384 1.41639996 -0.13100001
v 0.08369428 1.42168999 -0.13100001
v 0.08529913 1.40714991 -0.13100001
v 0.04473328 1.43339002 -0.13100001
v 0.03039557 1.43706000 -0.13100001
v -0.06915450 1.42329991 -0.13100002
v -0.07840429 1.41639996 -0.13100002
v -0.08369468 1.42168999 -0.13100002
v -0.06915450 1.42329991 -0.13100002
v -0.00000020 1.17005992 0.11294200
v -0.00000020 1.17188001 0.10076700
v 0.02191996 1.17149997 0.11294200
v 0.02168166 1.17330992 0.10076700
v -0.00000025 1.50411999 0.10076700
v -0.02192045 1.50449991 0.11294200
v -0.02168214 1.50268996 0.10076700
v 0.03896886 1.46500003 0.13100001
v 0.04107505 1.48148000 0.13100001
v 0.01970474 1.46790993 0.13100001
v 0.02076732 1.48535001 0.13100001
v 0.01970474 1.46790993 0.13100001
v 0.04107505 1.48148000 0.13100001
v -0.03896922 1.21100008 0.13100001
v -0.04107541 1.19452000 0.13100001
v -0.01970530 1.20808995 0.13100001
v -0.02076769 1.19064999 0.13100001
v -0.01970530 1.20808995 0.13100001
v -0.04107541 1.19452000 0.13100001
v -0.00000019 1.19977999 -0.08523327
v -0.00000019 1.20207000 -0.10076700
v 0.01804077 1.20095992 -0.08523327
v 0.01774168 1.20323992 -0.10076700
v -0.00000024 1.47622001 -0.08523327
v -0.00000024 1.47393000 -0.10076700
v -0.01804119 1.47503996 -0.08523327
v -0.01774203 1.47275996 -0.10076700
v 0.03039563 1.23894000 -0.13100001
v 0.03203846 1.22607994 -0.13100001
v 0.01536978 1.23667002 -0.13100001
v 0.01619846 1.22307003 -0.13100001
v 0.01536978 1.23667002 -0.13100001
v 0.03203846 1.22607994 -0.13100001
v -0.03039609 1.43706000 -0.13100001
v -0.03203885 1.44991994 -0.13100001
v -0.01537018 1.43932998 -0.13100001
v -0.01619892 1.45292997 -0.13100001
v -0.01537018 1.43932998 -0.13100001
v -0.03203885 1.44991994 -0.13100001
v -0.07033157 0.00000000 -0.01245820
v -0.07421057 0.00000000 -0.04288226
v -0.06088948 0.00000000 -0.01608550
v -0.07078111 0.00000000 -0.05813658
v -0.11308999 0.02568233 -0.01580333
v -0.10151399 0.02508157 -0.05911815
v -0.11167290 0.01068800 -0.01868207
v -0.09990930 0.01028090 -0.06419396
v -0.09714496 0.00000000 0.05478799
v -0.09957158 0.00000000 0.07813376
v -0.11010100 0.00000000 0.05481778
v -0.11244800 0.00000000 0.07827299
v -0.09375036 0.00000000 0.16565600
v -0.09140807 0.00000000 0.14634999
v -0.07167721 0.00000000 0.15377800
v -0.07758778 0.00000000 0.14009100
v 0.05298721 0.00000000 0.05541330
v 0.06629449 0.00000000 0.05512297
v 0.05528247 0.00000000 0.07873338
v 0.06796377 0.00000000 0.07837837
v -0.05528247 0.00000000 0.07873337
v -0.06018341 0.00000000 0.11816299
v -0.06796377 0.00000000 0.07837837
v -0.07184750 0.00000000 0.11426200
v 0.04385989 0.02510362 0.07924950
v 0.04401785 0.01114910 0.07920110
v 0.05018572 0.02369588 0.12339100
v 0.05035858 0.01114881 0.12336400
v 0.08254140 0.00998229 -0.07970190
v 0.08157795 0.02459841 -0.07366400
v 0.09990930 0.01028090 -0.06419395
v 0.10151400 0.02508157 -0.05911814
v 0.12158790 0.02592480 0.05502308
v 0.12355999 0.02517557 0.07858717
v 0.12173900 0.01114922 0.05496400
v 0.12371800 0.01114910 0.07853889
v 0.09957157 0.00000000 0.07813377
v 0.11244800 0.00000000 0.07827300
v 0.10355500 0.00000000 0.11414300
v 0.11638399 0.00000000 0.11792101
v 0.09257507 0.00000000 -0.01238739
v 0.08982217 0.00000000 -0.04263037
v 0.10204900 0.00000000 -0.01593375
v 0.09395366 0.00000000 -0.05760246
v 0.04804521 0.02521991 -0.01551127
v 0.06113708 0.02454179 -0.05920642
v 0.05057406 0.01044350 -0.01873469
v 0.06446456 0.00997537 -0.06471300
v -0.12356000 0.02517557 0.07858716
v -0.12371800 0.01114910 0.07853888
v -0.12727300 0.02376228 0.12302499
v -0.12744500 0.01114875 0.12299790
v -0.08254140 0.00998229 -0.07970190
v -0.08157801 0.02459841 -0.07366401
v -0.06446456 0.00997531 -0.06471300
v -0.06113708 0.02454179 -0.05920642
v -0.04050207 0.02584993 0.05584239
v -0.04385990 0.02510362 0.07924950
v -0.04065328 0.01114922 0.05578327
v -0.04401785 0.01114910 0.07920110
v 0.06527548 0.02239960 0.16427300
v 0.06546246 0.01114839 0.16426601
v 0.09492540 0.02198725 0.17790001
v 0.09511666 0.01114827 0.17790001
v 0.04387950 0.04866182 -0.01019358
v 0.04023987 0.04873669 0.03288471
v 0.04011029 0.07274198 -0.00485313
v 0.04530197 0.07365930 0.03736221
v 0.09517848 0.00000000 0.02948707
v 0.08117109 0.00000000 0.02960336
v 0.08144795 0.00000000 -0.01122719
v -0.11538800 0.04928898 -0.01114928
v -0.11931700 0.04912114 0.03198759
v -0.11741100 0.07347267 -0.00642622
v -0.11324000 0.07415407 0.03650461
v -0.06702280 0.00000000 0.02975708
v -0.08117109 0.00000000 0.02960336
v -0.08144795 0.00000000 -0.01122719
v -0.11891200 0.02607280 0.03075283
v -0.12158800 0.02592474 0.05502307
v -0.12136300 0.04795265 0.05511110
v 0.11891200 0.02607285 0.03075284
v 0.11931690 0.04912120 0.03198761
v 0.12136300 0.04795271 0.05511112
v -0.09517848 0.00000000 0.02948707
v -0.08177816 0.00000000 0.05490201
v 0.09714496 0.00000000 0.05478799
v 0.08177816 0.00000000 0.05490201
v -0.04145079 0.02590024 0.03148412
v -0.04023987 0.04873669 0.03288471
v -0.04027783 0.04765331 0.05593031
v 0.04145079 0.02590030 0.03148412
v 0.04050207 0.02584993 0.05584239
v 0.04027783 0.04765331 0.05593031
v -0.09474499 0.03220772 0.17790000
v -0.09304947 0.04312324 0.16424800
v -0.12129100 0.03404158 0.16419099
v -0.11292501 0.04323077 0.15356400
v -0.00000016 0.97357702 0.09417527
v -0.00000017 1.04691994 0.08585947
v 0.50004690 0.81860512 0.15558702
v 0.53387289 0.79495811 0.16922703
v 0.54530793 0.82870311 0.10690902
v 0.56310289 0.80062711 0.13869403
v -0.54530812 0.82870293 0.10690898
v -0.56310309 0.80062693 0.13869398
v -0.50004721 0.81860501 0.15558698
v -0.53387321 0.79495794 0.16922698
v -0.55051721 0.77952093 0.16086098
v -0.53387321 0.79495794 0.16922698
v 0.04843187 0.08943361 0.03179931
v 0.10702691 0.09027397 -0.03713684
v 0.10635600 0.07343888 -0.04253708
v -0.10916800 0.08993077 0.03090149
v -0.04891651 0.08962327 -0.03536623
v -0.05065840 0.07279306 -0.04102379
v -0.11970420 1.26889002 -0.08523328
v -0.06911157 1.21829998 -0.08523327
v -0.01804119 1.20095992 -0.08523327
v -0.00000019 1.19977999 -0.08523327
v 0.06911116 1.21829998 -0.08523327
v 0.11970380 1.26889002 -0.08523327
v 0.13822280 1.33800006 -0.08523327
v 0.11970371 1.40710998 -0.08523327
v 0.06911116 1.45770001 -0.08523327
v 0.01804065 1.47503996 -0.08523327
v -0.06911163 1.45770001 -0.08523327
v -0.11970420 1.40710998 -0.08523328
v -0.13822320 1.33800006 -0.08523328
v -0.13547720 1.25977993 0.03820830
v -0.14452221 1.27813995 0.03820830
v -0.07821781 1.20252001 0.03820830
v -0.09522837 1.21389997 0.03820830
v -0.02068305 1.17796993 0.04902803
v -0.00000019 1.17672992 0.04925882
v 0.07821738 1.20252001 0.03820831
v 0.05986279 1.19348001 0.03820830
v 0.13547680 1.25977993 0.03820831
v 0.12410380 1.24276996 0.03820831
v 0.15643470 1.33800006 0.03820831
v 0.15509081 1.31757998 0.03820831
v 0.13547680 1.41621995 0.03820831
v 0.14452170 1.39785993 0.03820831
v 0.07821732 1.47347999 0.03820831
v 0.09522795 1.46209991 0.03820831
v -0.00000025 1.49443996 0.03820830
v 0.02041774 1.49308991 0.03820830
v -0.07821781 1.47347999 0.03820830
v -0.05986315 1.48251998 0.03820830
v -0.13547720 1.41621995 0.03820830
v -0.12410420 1.43322992 0.03820830
v -0.15643521 1.33800006 0.03820830
v -0.15509120 1.35842001 0.03820830
v -0.14021520 1.37556994 -0.03820831
v -0.13410620 1.39354992 -0.03820831
v -0.10264420 1.44063997 -0.03820831
v -0.08836519 1.45315993 -0.03820831
v 0.14565980 1.37703001 0.00000001
v 0.14021480 1.37556994 -0.03820830
v -0.00000024 1.48879993 -0.00000000
v -0.07539916 1.20740998 -0.00000000
v 0.03607267 1.17089999 0.03155529
v 0.03654158 1.15783000 0.03068190
v -0.03607302 1.17089999 0.03155529
v -0.03654187 1.15783000 0.03068190
v -0.00000019 1.15822995 -0.04452085
v -0.00000019 1.17446995 -0.04406529
v 0.03958284 1.14142001 0.03258019
v 0.03679251 1.14822996 0.03045141
v -0.03958320 1.14142001 0.03258019
v -0.03679293 1.14822996 0.03045141
v -0.00000018 1.14151001 -0.04871076
v -0.00000019 1.14785993 -0.04508996
v 0.11078090 0.40584600 0.08829850
v 0.11138690 0.36935100 0.09157330
v 0.11148790 0.33846399 0.08919465
v -0.11010800 0.36890391 0.01475310
v -0.11017900 0.35397100 0.01781588
v 0.10766290 0.59388101 0.07126748
v 0.10820590 0.56117898 0.07422138
v 0.10738990 0.60635602 0.07139332
v -0.03340667 0.59388500 0.07853877
v -0.03510737 0.56118202 0.08126169
v -0.03078758 0.60635900 0.07862317
v 0.10948290 0.48414400 0.08120651
v -0.03911429 0.48413500 0.08770418
v -0.07137458 0.56143701 -0.07419151
v -0.03486329 0.56140101 -0.05178308
v -0.10820600 0.56117898 0.07422137
v -0.07169687 0.56114399 0.09944629
v 0.02402609 0.62270999 -0.07061266
v 0.03077048 0.60641998 -0.06691777
v 0.10737490 0.60641801 -0.06836348
v 0.10692080 0.62270802 -0.07200378
v -0.10737510 0.60641801 -0.06836348
v -0.06907010 0.60642898 -0.09141546
v -0.10334611 0.68762600 0.07646328
v 0.00000000 0.65688902 -0.10056700
v 0.00000000 0.68759799 -0.09850436
v -0.00000018 1.10290003 0.07714575
v -0.05905498 0.68758601 0.10521099
v -0.10208320 1.03473997 0.01329779
v 0.10208280 1.03473997 0.01329779
v 0.12817980 1.02182996 0.01244599
v -0.10208320 1.03473997 -0.07029789
v -0.12818020 1.02182996 -0.06944609
v 0.30423391 0.93461812 -0.05615030
v 0.32702181 0.92295897 -0.03971038
v -0.25067010 0.96127492 -0.06544799
v -0.28004521 0.94675303 -0.06449020
v 0.28004492 0.94675308 -0.06449018
v 0.25066981 0.96127510 -0.06544797
v -0.32991510 0.98629093 -0.05554827
v -0.35202521 0.97256601 -0.03918560
v -0.27370321 1.01560998 -0.06463087
v -0.30619409 0.99941492 -0.06371529
v -0.20252910 1.05110002 0.00962960
v -0.18887810 0.99182492 -0.06746471
v -0.43893209 0.86565101 0.04119471
v -0.41878709 0.87596101 0.02665177
v 0.45453289 0.85720998 0.04853691
v 0.46337092 0.85217708 0.05067511
v -0.46111912 0.90487403 0.04168919
v 0.48512882 0.89057112 0.05123307
v 0.47636682 0.89569497 0.04902311
v -0.47636712 0.89569491 0.04902307
v 0.46111882 0.90487409 0.04168923
v 0.44154480 0.91702414 0.02719529
v 0.46298780 0.87286413 0.13917903
v 0.47925090 0.88701510 0.12884401
v 0.50878989 0.84651709 0.05781062
v 0.49288079 0.83216113 0.06751610
v -0.50879014 0.84651703 0.05781058
v -0.51324821 0.86745894 0.06844702
v -0.46298811 0.87286401 0.13917899
v -0.45817510 0.85212493 0.12917198
v -0.08695518 1.12326002 -0.01483440
v 0.08145421 1.11360002 -0.08440119
v 0.08695477 1.12326002 -0.01483440
v 0.08136420 1.10974002 0.05615890
v 0.04377377 1.10295999 0.07570409
v 0.04382939 1.10724998 -0.09999150
v -0.00000018 1.10705996 -0.10188700
v -0.04382966 1.10724998 -0.09999150
v -0.07896024 0.30210799 0.09479010
v -0.04638993 0.30215400 0.08494377
v -0.12108400 0.30220801 0.04412661
v -0.11111000 0.30210599 0.08029084
v 0.11857490 0.14654200 0.00877274
v 0.10748390 0.14661799 -0.02402687
v 0.07884466 0.14609300 0.05402600
v 0.10949300 0.14631701 0.04213541
v 0.04673725 0.22355600 -0.00620216
v 0.04805278 0.14609300 -0.02236616
v -0.03863000 0.10183100 0.00076829
v -0.04877758 0.10201700 -0.03186768
v -0.10696890 0.10266000 -0.03363156
v -0.07773417 0.10238200 -0.04362100
v -0.07081742 0.04303061 0.15368600
v 0.05945998 0.05166310 0.12341801
v 0.07081734 0.04303061 0.15368600
v -0.08869570 1.37358999 0.13100001
v -0.06998700 1.37286997 0.13100001
v -0.08869570 1.30242002 0.13100001
v -0.07048548 1.32050002 0.13100001
v -0.06998700 1.30312991 0.13100001
v -0.08428628 1.25370991 0.13100001
v -0.08483631 1.24011993 0.13100001
v -0.06906897 1.25244999 0.13100001
v -0.07059777 1.23649001 0.13100001
v -0.08483631 1.24011993 0.13100001
v -0.05207044 1.37260997 0.13100001
v -0.03461158 1.37260997 0.13100001
v -0.05187082 1.38986993 0.13100001
v -0.05187082 1.38986993 0.13100001
v -0.03461158 1.37260997 0.13100001
v -0.05207044 1.30339003 0.13100001
v -0.03461158 1.30339003 0.13100001
v -0.03690374 1.23018003 0.13100001
v -0.03558517 1.24930000 0.13100001
v -0.05442178 1.23302996 0.13100001
v -0.05442178 1.23302996 0.13100001
v -0.00000023 1.37269998 0.13100001
v -0.01727528 1.37265992 0.13100001
v -0.01727528 1.30333996 0.13100001
v -0.00000021 1.30330002 0.13100001
v -0.00000021 1.22772002 0.13100001
v -0.00000021 1.24790001 0.13100001
v -0.01863868 1.22836995 0.13100001
v -0.01863868 1.22836995 0.13100001
v 0.01727478 1.37265992 0.13100001
v 0.03461110 1.37260997 0.13100001
v 0.01727478 1.30333996 0.13100001
v 0.03461110 1.30339003 0.13100001
v 0.01863824 1.22836995 0.13100001
v 0.03690338 1.23018003 0.13100001
v 0.01792084 1.24827993 0.13100001
v 0.05187027 1.38986993 0.13100001
v 0.05207008 1.37260997 0.13100001
v 0.06931245 1.38998997 0.13100002
v 0.06998658 1.37286997 0.13100002
v 0.05207008 1.37260997 0.13100001
v 0.06998658 1.30312991 0.13100002
v 0.05207008 1.30339003 0.13100001
v 0.05442130 1.23302996 0.13100001
v 0.07059729 1.23649001 0.13100002
v 0.06906860 1.25244999 0.13100002
v 0.05273448 1.25083995 0.13100001
v 0.07059729 1.23649001 0.13100002
v 0.10782480 1.37489998 0.13100002
v 0.08869527 1.37358999 0.13100002
v 0.10963380 1.31936002 0.13100002
v 0.08971624 1.32007992 0.13100002
v 0.10782480 1.30110002 0.13100002
v 0.08869527 1.30242002 0.13100002
v 0.10782480 1.30110002 0.13100002
v 0.08428584 1.25370991 0.13100002
v 0.08483587 1.24011993 0.13100002
v 0.09788340 1.25316000 0.13100002
v 0.09451614 1.24347997 0.13100002
v 0.08483587 1.24011993 0.13100002
v -0.06918268 1.31023991 -0.13100002
v -0.05458979 1.31079996 -0.13100001
v -0.05406409 1.29744995 -0.13100001
v -0.06798665 1.29686999 -0.13100002
v -0.05458979 1.31079996 -0.13100001
v -0.06918268 1.36575997 -0.13100002
v -0.05458985 1.36519992 -0.13100001
v -0.06617242 1.41434991 -0.13100002
v -0.05506621 1.41717994 -0.13100001
v -0.05387382 1.40472996 -0.13100001
v -0.06617242 1.41434991 -0.13100002
v -0.04061507 1.31100011 -0.13100001
v -0.02699701 1.31100011 -0.13100001
v -0.04045927 1.29753995 -0.13100001
v -0.02699815 1.29738998 -0.13100001
v -0.04061507 1.36500001 -0.13100001
v -0.02699701 1.36500001 -0.13100001
v -0.02878498 1.42209995 -0.13100001
v -0.04244904 1.41987991 -0.13100001
v -0.00000021 1.31093001 -0.13100001
v -0.01347469 1.31095994 -0.13100001
v -0.00000021 1.31093001 -0.13100001
v -0.01350676 1.29723001 -0.13100001
v -0.01347469 1.36503994 -0.13100001
v -0.00000021 1.36506999 -0.13100001
v -0.00000021 1.35148001 -0.13100001
v -0.01347469 1.36503994 -0.13100001
v -0.00000023 1.42401993 -0.13100001
v -0.01453821 1.42350996 -0.13100001
v -0.01397859 1.40797997 -0.13100001
v -0.01453821 1.42350996 -0.13100001
v -0.00000023 1.40828001 -0.13100001
v 0.01350636 1.29723001 -0.13100001
v 0.01347423 1.31095994 -0.13100001
v 0.02699775 1.29738998 -0.13100001
v 0.02699668 1.31100011 -0.13100001
v 0.01347423 1.31095994 -0.13100001
v 0.01347417 1.36503994 -0.13100001
v 0.02699668 1.36500001 -0.13100001
v 0.01453776 1.42350996 -0.13100001
v 0.02878458 1.42209995 -0.13100001
v 0.01397813 1.40797997 -0.13100001
v 0.02878458 1.42209995 -0.13100001
v 0.04045880 1.29753995 -0.13100001
v 0.04061467 1.31100011 -0.13100001
v 0.05406362 1.29744995 -0.13100001
v 0.05458946 1.31079996 -0.13100001
v 0.05406362 1.29744995 -0.13100001
v 0.04061467 1.31100011 -0.13100001
v 0.05458946 1.36519992 -0.13100001
v 0.04061467 1.36500001 -0.13100001
v 0.05458946 1.36519992 -0.13100001
v 0.04076696 1.35150993 -0.13100001
v 0.04244859 1.41987991 -0.13100001
v 0.05506588 1.41717994 -0.13100001
v 0.08410334 1.30921996 -0.13100001
v 0.08187818 1.29554999 -0.13100001
v 0.06918228 1.31023991 -0.13100001
v 0.06918228 1.31023991 -0.13100001
v 0.08187818 1.29554999 -0.13100001
v 0.08551419 1.35254002 -0.13100001
v 0.06997865 1.35197997 -0.13100001
v 0.08410334 1.36677992 -0.13100001
v 0.06918228 1.36575997 -0.13100001
v 0.08410334 1.36677992 -0.13100001
v 0.06997865 1.35197997 -0.13100001
v 0.06574297 1.40373993 -0.13100001
v 0.06617194 1.41434991 -0.13100001
v 0.07634897 1.40416992 -0.13100001
v 0.07372255 1.41171992 -0.13100001
v 0.06617194 1.41434991 -0.13100001
v 0.09430700 1.10444999 0.01762688
v 0.09120500 1.10415995 0.03259176
v -0.09431964 1.10492003 -0.07086540
v -0.09507703 1.06861997 -0.08606852
v -0.09583193 1.03224003 -0.07127630
v -0.09608364 1.02012002 -0.02535551
v 0.11810980 0.68762302 0.00072661
v -0.05905497 0.68759799 -0.09850436
v 0.10334590 0.68762600 0.07646329
v 0.05905478 0.68758601 0.10521100
v -0.00000000 0.68755502 0.10783800
v 0.08149266 1.47617996 0.13100002
v 0.07826495 1.46680999 0.13100002
v -0.16016821 1.33800006 0.13100001
v -0.14866421 1.33800006 0.13100001
v 0.03471631 1.20843995 -0.11294200
v 0.03434760 1.20981002 -0.12260000
v 0.04362415 1.17518997 0.12260000
v -0.04362457 1.50080991 0.12259999
v 0.04251598 1.18348992 0.13100001
v 0.04107510 1.19452000 0.13100001
v -0.12956419 1.30328000 -0.11294201
v -0.12818820 1.30365002 -0.12260000
v -0.16855221 1.33800006 0.12259999
v -0.16794321 1.33800006 0.11294200
v -0.03316282 1.45851994 -0.13100001
v -0.03203885 1.44991994 -0.13100001
v 0.03316229 1.21747994 -0.13100001
v 0.03203846 1.22607994 -0.13100001
v -0.12051620 1.30483997 -0.13100002
v -0.03471678 1.46755993 -0.11294200
v -0.03434801 1.46618998 -0.12260000
v 0.08427566 1.48396993 0.12260000
v 0.08397132 1.48343992 0.11294201
v -0.04251642 1.49250996 0.13100001
v -0.04107547 1.48148000 0.13100001
v -0.14386221 1.25493991 0.10076700
v -0.08305889 1.19413996 0.10076700
v 0.08305846 1.19413996 0.10076701
v 0.14386180 1.25493991 0.10076701
v 0.16611670 1.33800006 0.10076701
v 0.14386169 1.42105997 0.10076701
v 0.08305840 1.48185992 0.10076701
v -0.08305889 1.48185992 0.10076700
v -0.14386221 1.42105997 0.10076700
v -0.16611721 1.33800006 0.10076699
v -0.10782521 1.30110002 0.13100001
v -0.10497220 1.28357995 0.13100001
v -0.10782521 1.30110002 0.13100001
v -0.12229620 1.28065002 0.13100001
v -0.10963420 1.35663998 0.13100001
v -0.10782521 1.37489998 0.13100001
v -0.09788383 1.42284000 0.13100001
v -0.09451663 1.43251991 0.13100001
v -0.03896915 1.46500003 0.13100001
v -0.06046337 1.47514999 0.13100001
v -0.04107547 1.48148000 0.13100001
v -0.06046337 1.47514999 0.13100001
v -0.03896915 1.46500003 0.13100001
v 0.08865903 1.44735992 0.13100002
v 0.08483581 1.43587995 0.13100002
v 0.10051780 1.43851995 0.13100002
v 0.09451614 1.43251991 0.13100002
v 0.08483581 1.43587995 0.13100002
v 0.10497180 1.39241993 0.13100002
v 0.10782480 1.37489998 0.13100002
v 0.12229569 1.39534998 0.13100002
v 0.12700369 1.29902995 0.13100002
v 0.10935780 1.24933994 0.13100002
v 0.09788340 1.25316000 0.13100002
v 0.10051780 1.23747993 0.13100002
v 0.03896880 1.21100008 0.13100001
v 0.04107510 1.19452000 0.13100001
v 0.06046294 1.20085001 0.13100001
v 0.03896880 1.21100008 0.13100001
v -0.08865946 1.22863996 0.13100001
v -0.08483631 1.24011993 0.13100001
v -0.10051821 1.23747993 0.13100001
v -0.09451657 1.24347997 0.13100001
v -0.11772020 1.27003002 -0.10076701
v -0.06796567 1.22027993 -0.10076700
v 0.06796527 1.22027993 -0.10076700
v 0.11771980 1.27003002 -0.10076700
v 0.13593071 1.33800006 -0.10076700
v 0.11771971 1.40596998 -0.10076700
v 0.06796527 1.45571995 -0.10076700
v -0.06796573 1.45571995 -0.10076700
v -0.11772020 1.40596998 -0.10076701
v -0.13593120 1.33800006 -0.10076701
v -0.09906309 1.36839998 -0.13100002
v -0.09539133 1.38273001 -0.13100002
v -0.08410382 1.36677992 -0.13100002
v -0.08187860 1.38045001 -0.13100002
v -0.08410382 1.36677992 -0.13100002
v -0.08551459 1.32345998 -0.13100002
v -0.09906309 1.30760002 -0.13100002
v -0.08410382 1.30921996 -0.13100002
v -0.08529961 1.26884997 -0.13100002
v -0.07634936 1.27182996 -0.13100002
v -0.07840429 1.25959992 -0.13100002
v -0.07372300 1.26427996 -0.13100002
v -0.03039609 1.23894000 -0.13100001
v -0.04473375 1.24260998 -0.13100001
v -0.02878498 1.25389993 -0.13100001
v -0.04244898 1.25611997 -0.13100001
v -0.02878498 1.25389993 -0.13100001
v 0.06617194 1.26164997 -0.13100001
v 0.07372261 1.26427996 -0.13100001
v 0.07840390 1.25959992 -0.13100001
v 0.06617194 1.26164997 -0.13100001
v 0.09906269 1.36839998 -0.13100001
v 0.08529913 1.40714991 -0.13100001
v 0.07840384 1.41639996 -0.13100001
v 0.03039557 1.43706000 -0.13100001
v 0.04473328 1.43339002 -0.13100001
v 0.02878458 1.42209995 -0.13100001
v -0.07840429 1.41639996 -0.13100002
v -0.07372300 1.41171992 -0.13100002
v -0.07840429 1.41639996 -0.13100002
v -0.06617242 1.41434991 -0.13100002
v 0.01970474 1.46790993 0.13100001
v 0.01863824 1.44762993 0.13100001
v 0.03896886 1.46500003 0.13100001
v 0.03690331 1.44582999 0.13100001
v -0.03896922 1.21100008 0.13100001
v -0.03690374 1.23018003 0.13100001
v 0.01453788 1.25248992 -0.13100001
v 0.03039563 1.23894000 -0.13100001
v 0.02878458 1.25389993 -0.13100001
v 0.03039563 1.23894000 -0.13100001
v 0.01453788 1.25248992 -0.13100001
v -0.01453821 1.42350996 -0.13100001
v -0.03039609 1.43706000 -0.13100001
v -0.03039609 1.43706000 -0.13100001
v -0.05446666 0.00000000 0.02990585
v -0.11867000 0.01103395 0.02998626
v -0.10731200 0.00000000 0.02945047
v -0.11309000 0.00000000 0.15372599
v -0.10384101 0.00000000 0.14004200
v 0.05446666 0.00000000 0.02990585
v 0.06702280 0.00000000 0.02975708
v 0.06446456 0.00997537 -0.06471300
v 0.06113708 0.02454179 -0.05920642
v 0.11866999 0.01103401 0.02998627
v 0.10384099 0.00000000 0.14004201
v 0.11308999 0.00000000 0.15372600
v 0.10731200 0.00000000 0.02945048
v 0.04219526 0.01097279 0.03063130
v -0.12147701 0.02244579 0.16418199
v -0.12166300 0.01114833 0.16417500
v -0.04219526 0.01097279 0.03063130
v 0.12166299 0.01114839 0.16417501
v 0.12147699 0.02244585 0.16418200
v 0.08211220 0.00000000 -0.05067420
v -0.08211219 0.00000000 -0.05067420
v -0.11103200 0.06711834 0.05529046
v 0.12334290 0.04495632 0.07865780
v -0.08373510 0.00000000 0.07817369
v -0.04364311 0.04466885 0.07931988
v 0.05021798 0.06674426 0.05590462
v -0.06509042 0.03385639 0.16428299
v 0.45817479 0.85212511 0.12917202
v 0.51324790 0.86745912 0.06844707
v -0.49970311 0.88308603 0.09869584
v -0.47207421 0.83629394 0.09829364
v -0.56831414 0.78253293 0.14273797
v -0.55187810 0.78459990 0.13724098
v 0.04831248 0.10183300 0.03295230
v 0.07884585 0.10203400 0.04334980
v 0.07773417 0.10238200 -0.04362100
v 0.10696890 0.10266000 -0.03363155
v -0.04877758 0.10201700 -0.03186768
v -0.13632519 1.30146992 -0.06549997
v -0.09979718 1.23819995 -0.06549997
v -0.03652828 1.20166993 -0.06549996
v -0.03577482 1.20448995 -0.08523327
v 0.03652799 1.20166993 -0.06549996
v 0.09979677 1.23819995 -0.06549996
v 0.13632481 1.30146992 -0.06549996
v 0.13632481 1.37452996 -0.06549996
v 0.09979677 1.43779993 -0.06549996
v 0.03652793 1.47432995 -0.06549996
v 0.03577435 1.47150993 -0.08523327
v -0.03652834 1.47432995 -0.06549996
v -0.09979718 1.43779993 -0.06549997
v -0.13632519 1.37452996 -0.06549997
v -0.15499421 1.29646993 0.06549995
v -0.15110520 1.29750991 0.03820830
v -0.11346420 1.22454000 0.06549996
v -0.11061620 1.22737992 0.03820830
v -0.04153072 1.18300998 0.06549996
v -0.04074823 1.18376994 0.03998214
v 0.04074788 1.18376994 0.03998214
v 0.04153037 1.18300998 0.06549996
v 0.11346380 1.22454000 0.06549997
v 0.11061580 1.22737992 0.03820831
v 0.15499380 1.29646993 0.06549997
v 0.15110481 1.29750991 0.03820831
v 0.15499370 1.37952995 0.06549997
v 0.15110481 1.37848997 0.03820831
v 0.11346360 1.45146000 0.06549997
v 0.11061570 1.44861996 0.03820831
v 0.04153031 1.49299002 0.06549996
v 0.04048812 1.48909998 0.03820830
v -0.04153078 1.49299002 0.06549996
v -0.04048860 1.48909998 0.03820830
v -0.11346420 1.45146000 0.06549996
v -0.15499421 1.37952995 0.06549995
v 0.05986273 1.48251998 0.03820830
v 0.12410370 1.43322992 0.03820831
v -0.02041834 1.49308991 0.03820830
v -0.05986315 1.19348001 0.03820830
v 0.04074788 1.18376994 0.03998214
v 0.04425460 1.18867993 0.00001909
v -0.04074823 1.18376994 0.03998214
v -0.02068305 1.17796993 0.04902803
v -0.01898664 1.19080997 -0.04899257
v -0.00000019 1.18965995 -0.04922467
v 0.03410547 0.35390800 0.05863070
v 0.04572850 0.35384700 0.09719967
v 0.11017890 0.35397100 0.01781589
v 0.07707250 0.35398999 0.00570816
v 0.07885860 0.35381901 0.10710501
v 0.11154190 0.35383299 0.09166170
v 0.12182590 0.35390210 0.05418283
v -0.12150600 0.40542999 0.04457234
v -0.10970610 0.40500700 0.00203633
v 0.12014990 0.60638601 0.00079196
v 0.07169669 0.56114399 0.09944629
v -0.01801180 0.60639000 0.00657564
v -0.10796610 0.56139898 -0.05319036
v -0.10883000 0.48376501 -0.02577143
v 0.00000000 0.63870198 -0.08821690
v -0.00000000 0.63186699 0.00547111
v 0.10623990 0.64039898 -0.07468407
v 0.06180250 0.64039898 -0.09958857
v -0.02402627 0.62270999 -0.07061266
v -0.03077059 0.60641998 -0.06691777
v -0.12105300 0.64039898 0.00002958
v 0.00000000 0.63870198 -0.08821690
v 0.06180250 0.64039898 -0.09958857
v -0.04871487 0.97357500 0.09342920
v -0.00000000 0.65683800 0.10863500
v -0.09406054 1.11677003 -0.02679961
v -0.09431964 1.10492003 -0.07086540
v -0.09608364 1.02012002 -0.02535551
v -0.09582954 1.03215992 0.02020387
v 0.09582918 1.03215992 0.02020388
v 0.09506690 1.06825995 0.03391320
v -0.09507703 1.06861997 -0.08606852
v -0.09583193 1.03224003 -0.07127630
v -0.31879410 0.99277902 0.00817053
v -0.30581519 0.96659601 0.02028345
v 0.28840292 0.93171912 -0.02662425
v 0.29267592 0.94046497 -0.06219088
v 0.31869781 0.99285698 -0.06148659
v 0.32308081 1.00154996 -0.02666269
v -0.29267621 0.94046491 -0.06219090
v -0.28840321 0.93171901 -0.02662427
v 0.30566880 0.96666998 -0.07357047
v 0.29267592 0.94046497 -0.06219088
v -0.32308110 1.00154996 -0.02666271
v -0.31869811 0.99285692 -0.06148662
v -0.30566910 0.96666992 -0.07357050
v 0.31879380 0.99277914 0.00817056
v 0.30581489 0.96659613 0.02028347
v -0.27754220 1.02467000 -0.02849997
v -0.27370322 1.01560998 0.00763081
v 0.18887781 0.99182510 0.01046461
v -0.18887810 0.99182492 -0.06746471
v -0.44658110 0.86162692 0.04572127
v -0.43093521 0.86205393 0.06693885
v -0.42996911 0.89684802 0.09496764
v -0.44513211 0.91381800 0.08776448
v 0.44658080 0.86162710 0.04572131
v 0.43093490 0.86205411 0.06693889
v 0.44513180 0.91381812 0.08776452
v 0.42996880 0.89684808 0.09496767
v -0.46852711 0.90034503 0.04617337
v -0.46149519 0.87871993 0.03894434
v 0.46149489 0.87872010 0.03894438
v 0.46852681 0.90034509 0.04617341
v -0.46052921 0.91351402 0.06697318
v 0.46052891 0.91351414 0.06697322
v 0.43979680 0.86579812 0.11336602
v 0.49530580 0.88461995 0.05379803
v -0.47367910 0.84630793 0.05316875
v -0.49288112 0.83216101 0.06751606
v -0.46210522 0.90371901 0.11278498
v -0.47925121 0.88701493 0.12884397
v 0.33990091 0.94753897 -0.05036858
v 0.38606289 0.95091498 0.04890181
v -0.36200321 0.90580791 0.04950504
v -0.00000018 1.10705996 -0.10188700
v -0.00000018 1.12951994 -0.08904349
v -0.11006510 0.33872399 0.01666218
v -0.10957610 0.30230501 0.00894868
v 0.03515434 0.30218601 0.04807120
v 0.04540109 0.30222300 0.01021248
v -0.07884472 0.14609300 0.05402600
v -0.10949300 0.14631701 0.04213541
v -0.11857500 0.14654200 0.00877272
v -0.04861140 0.11321000 -0.02922785
v -0.11727401 0.05199456 0.12314400
v 0.05342077 0.06151854 0.07929825
v 0.08324617 0.06732690 0.07907039
v -0.10497220 1.39241993 0.13100001
v -0.10963420 1.31936002 0.13100001
v -0.10782521 1.30110002 0.13100001
v -0.08971668 1.32007992 0.13100001
v -0.08428628 1.25370991 0.13100001
v -0.09788377 1.25316000 0.13100001
v -0.09788377 1.25316000 0.13100001
v -0.06931294 1.38998997 0.13100001
v -0.05207044 1.37260997 0.13100001
v -0.06906897 1.25244999 0.13100001
v -0.07059777 1.23649001 0.13100001
v -0.05273485 1.25083995 0.13100001
v -0.03461302 1.39006996 0.13100001
v -0.00000021 1.22772002 0.13100001
v 0.01863824 1.22836995 0.13100001
v -0.00000021 1.24790001 0.13100001
v 0.03461246 1.39006996 0.13100001
v 0.03461110 1.37260997 0.13100001
v 0.05187027 1.38986993 0.13100001
v 0.03690338 1.23018003 0.13100001
v 0.05442130 1.23302996 0.13100001
v 0.03558468 1.24930000 0.13100001
v 0.08428584 1.25370991 0.13100002
v 0.06906860 1.25244999 0.13100002
v 0.08483587 1.24011993 0.13100002
v -0.06918268 1.31023991 -0.13100002
v -0.08187860 1.29554999 -0.13100002
v -0.08187860 1.29554999 -0.13100002
v -0.06918268 1.31023991 -0.13100002
v -0.08551459 1.35254002 -0.13100002
v -0.08410382 1.36677992 -0.13100002
v -0.06997913 1.35197997 -0.13100002
v -0.06574337 1.40373993 -0.13100002
v -0.07634942 1.40416992 -0.13100002
v -0.06617242 1.41434991 -0.13100002
v -0.07372300 1.41171992 -0.13100002
v -0.07634942 1.40416992 -0.13100002
v -0.04045927 1.29753995 -0.13100001
v -0.04061507 1.31100011 -0.13100001
v -0.04061507 1.31100011 -0.13100001
v -0.04061507 1.36500001 -0.13100001
v -0.04076736 1.35150993 -0.13100001
v -0.05458985 1.36519992 -0.13100001
v -0.05506621 1.41717994 -0.13100001
v -0.01350676 1.29723001 -0.13100001
v -0.01347469 1.31095994 -0.13100001
v -0.01347469 1.31095994 -0.13100001
v -0.02878498 1.42209995 -0.13100001
v 0.01347423 1.31095994 -0.13100001
v 0.01350636 1.29723001 -0.13100001
v -0.00000021 1.31093001 -0.13100001
v -0.00000021 1.36506999 -0.13100001
v 0.01347417 1.36503994 -0.13100001
v -0.00000021 1.35148001 -0.13100001
v 0.01453776 1.42350996 -0.13100001
v 0.01397813 1.40797997 -0.13100001
v -0.00000023 1.40828001 -0.13100001
v 0.01453776 1.42350996 -0.13100001
v 0.04061467 1.31100011 -0.13100001
v 0.04061467 1.36500001 -0.13100001
v 0.06918228 1.31023991 -0.13100001
v 0.05458946 1.31079996 -0.13100001
v 0.05506588 1.41717994 -0.13100001
v 0.06617194 1.41434991 -0.13100001
v 0.05387337 1.40472996 -0.13100001
v 0.08154864 1.05255997 -0.09940569
v -0.09582954 1.03215992 0.02020387
v -0.09466332 1.01573992 0.04034816
v 0.00000000 0.68759799 -0.09850436
v -0.00000012 0.74794900 -0.09292119
v -0.13197321 1.43953991 0.12889990
v -0.11774121 1.45573997 0.12889990
v 0.06534713 1.45060992 -0.12889990
v 0.05007715 1.45814991 -0.12889990
v -0.16073321 1.29464996 0.12889990
v -0.15367321 1.27394998 0.12889990
v 0.10154270 1.46996999 0.12889991
v 0.08357994 1.48202002 0.12889991
v -0.01709758 1.20897996 -0.12889990
v -0.03389125 1.21232998 -0.12889990
v -0.06534761 1.22538996 -0.12889990
v -0.05007748 1.21784997 -0.12889990
v 0.08358000 1.19397998 0.12889991
v 0.10154280 1.20603001 0.12889991
v 0.13014471 1.33800006 -0.12889990
v 0.12901681 1.35509992 -0.12889990
v 0.02186762 1.50300992 0.12889990
v 0.04334711 1.49872994 0.12889990
v -0.16645621 1.33800006 0.12889989
v -0.16501220 1.35986996 0.12889989
v -0.08358043 1.48202002 0.12889990
v -0.10154321 1.46996999 0.12889990
v 0.16501180 1.31612992 0.12889991
v 0.16073280 1.29464996 0.12889991
v 0.01709718 1.20897996 -0.12889990
v 0.03389090 1.21232998 -0.12889990
v 0.13197269 1.43953991 0.12889991
v 0.11774080 1.45573997 0.12889991
v 0.04334711 1.17726994 0.12889990
v 0.06404960 1.18432999 0.12889990
v -0.04334754 1.49872994 0.12889990
v -0.06405002 1.49167001 0.12889990
v 0.02186768 1.17298996 0.12889990
v 0.04334711 1.17726994 0.12889990
v 0.07939225 1.44117999 -0.12889990
v 0.09205664 1.43005991 -0.12889990
v -0.12901720 1.32089996 -0.12889991
v -0.12567120 1.30410993 -0.12889991
v -0.16645621 1.33800006 0.12889989
v -0.16501220 1.31612992 0.12889989
v -0.03389131 1.46367002 -0.12889990
v -0.05007754 1.45814991 -0.12889990
v 0.16073280 1.38134992 0.12889991
v 0.15367279 1.40205002 0.12889991
v -0.02186806 1.17298996 0.12889990
v -0.04334748 1.17726994 0.12889990
v 0.03389090 1.21232998 -0.12889990
v 0.05007715 1.21784997 -0.12889990
v 0.11260581 1.40335000 -0.12889990
v 0.10318481 1.41738999 -0.12889990
v 0.12901681 1.32089996 -0.12889990
v 0.12567071 1.30410993 -0.12889990
v -0.06534761 1.45060992 -0.12889990
v -0.07939273 1.44117999 -0.12889991
v -0.13014520 1.33800006 -0.12889991
v -0.12901720 1.35509992 -0.12889991
v 0.16645580 1.33800006 0.12889991
v 0.16501180 1.35986996 0.12889991
v 0.01709712 1.46701992 -0.12889990
v 0.03389085 1.46367002 -0.12889990
v 0.06534719 1.22538996 -0.12889990
v 0.07939225 1.23482001 -0.12889990
v -0.06404996 1.18432999 0.12889990
v -0.08358037 1.19397998 0.12889990
v -0.12567120 1.30410993 -0.12889991
v -0.12015219 1.28792000 -0.12889991
v -0.10318519 1.41738999 -0.12889991
v -0.09205710 1.43005991 -0.12889991
v -0.01709758 1.46701992 -0.12889990
v -0.03389131 1.46367002 -0.12889990
v 0.10318481 1.25861001 -0.12889990
v 0.09205670 1.24593997 -0.12889990
v -0.10154321 1.20603001 0.12889990
v -0.11774121 1.22026002 0.12889990
v -0.11260619 1.27265000 -0.12889991
v -0.10318519 1.25861001 -0.12889991
v 0.15367279 1.27394998 0.12889991
v 0.14402280 1.25441992 0.12889991
v 0.12567071 1.37188995 -0.12889990
v 0.12015181 1.38808000 -0.12889990
v -0.11260619 1.40335000 -0.12889991
v -0.12015219 1.38808000 -0.12889991
v -0.15367321 1.40205002 0.12889990
v -0.14402320 1.42157996 0.12889990
v 0.11260581 1.27265000 -0.12889990
v 0.12015181 1.28792000 -0.12889990
v -0.14402320 1.25441992 0.12889990
v -0.13197321 1.23645997 0.12889990
v 0.06404954 1.49167001 0.12889990
v 0.08357994 1.48202002 0.12889991
v -0.02186806 1.50300992 0.12889990
v -0.04334754 1.49872994 0.12889990
v -0.07939267 1.23482001 -0.12889991
v -0.09205710 1.24593997 -0.12889991
v 0.13197269 1.23645997 0.12889991
v 0.11774080 1.22026002 0.12889991
v -0.11625821 1.26384997 0.13100001
v -0.10497220 1.28357995 0.13100001
v -0.10151321 1.26740003 0.13100001
v -0.10497220 1.28357995 0.13100001
v -0.11625821 1.26384997 0.13100001
v -0.13091621 1.33800006 0.13100001
v -0.11027720 1.33800006 0.13100001
v -0.11625821 1.41214991 0.13100001
v -0.10151321 1.40859997 0.13100001
v -0.05735100 1.46029997 0.13100001
v -0.03690374 1.44582999 0.13100001
v -0.05442178 1.44296992 0.13100001
v -0.03690374 1.44582999 0.13100001
v 0.07414793 1.45425999 0.13100002
v 0.07059734 1.43950999 0.13100002
v 0.08483581 1.43587995 0.13100002
v 0.07059734 1.43950999 0.13100002
v 0.11625770 1.41214991 0.13100002
v 0.10151269 1.40859997 0.13100002
v 0.10497180 1.39241993 0.13100002
v 0.11625770 1.41214991 0.13100002
v 0.13091580 1.33800006 0.13100002
v 0.11625780 1.26384997 0.13100002
v 0.03896880 1.21100008 0.13100001
v 0.05735050 1.21569991 0.13100001
v -0.07414836 1.22174001 0.13100001
v -0.08865946 1.22863996 0.13100001
v -0.07059777 1.23649001 0.13100001
v -0.11616420 1.27092993 -0.11294201
v -0.12392020 1.28666997 -0.11294201
v -0.06706755 1.22184002 -0.11294201
v -0.08165317 1.23158991 -0.11294201
v 0.06706720 1.22184002 -0.11294200
v 0.05132901 1.21407998 -0.11294200
v 0.11616371 1.27092993 -0.11294200
v 0.10641180 1.25634992 -0.11294200
v 0.13413470 1.33800006 -0.11294200
v 0.13298181 1.32049000 -0.11294200
v 0.11616371 1.40506995 -0.11294200
v 0.12391971 1.38932991 -0.11294200
v 0.06706714 1.45415998 -0.11294200
v 0.08165277 1.44440997 -0.11294200
v -0.06706762 1.45415998 -0.11294201
v -0.05132948 1.46191990 -0.11294200
v -0.11616420 1.40506995 -0.11294201
v -0.10641220 1.41964996 -0.11294201
v -0.09068161 1.39583993 -0.13100002
v -0.07918018 1.39306998 -0.13100002
v -0.10211419 1.33800006 -0.13100002
v -0.08601640 1.33800006 -0.13100002
v -0.09068161 1.28015995 -0.13100002
v -0.07918018 1.28293002 -0.13100002
v -0.05783568 1.24731994 -0.13100001
v -0.05506621 1.25881994 -0.13100001
v 0.05783541 1.24731994 -0.13100001
v 0.05506588 1.25881994 -0.13100001
v 0.06617194 1.26164997 -0.13100001
v 0.06915408 1.25269997 -0.13100001
v 0.05506588 1.25881994 -0.13100001
v 0.09068119 1.28015995 -0.13100001
v 0.07917976 1.28293002 -0.13100001
v 0.10211371 1.33800006 -0.13100001
v 0.09068113 1.39583993 -0.13100001
v 0.05783535 1.42867994 -0.13100001
v -0.05783574 1.42867994 -0.13100001
v -0.06617242 1.41434991 -0.13100002
v -0.06915450 1.42329991 -0.13100002
v -0.05506621 1.41717994 -0.13100001
v 0.04231309 1.18007994 0.08523327
v 0.02133828 1.17592001 0.08523327
v -0.04231357 1.49591994 0.08523327
v -0.02133870 1.50007999 0.08523327
v -0.00000024 1.46891999 0.13100001
v -0.00000024 1.44827998 0.13100001
v -0.00000020 1.20708001 0.13100001
v -0.00000021 1.22772002 0.13100001
v 0.01536978 1.23667002 -0.13100001
v -0.00000019 1.23588991 -0.13100001
v -0.00000020 1.25197995 -0.13100001
v -0.01537018 1.43932998 -0.13100001
v -0.00000023 1.44010997 -0.13100001
v -0.04551869 0.00274312 0.03016030
v -0.05400812 0.00261086 -0.01916050
v -0.11575000 0.00275844 0.02958600
v -0.10877900 0.00267196 -0.01899058
v -0.11888600 0.00278729 0.05490522
v -0.11961301 0.00278699 0.16155989
v -0.09487349 0.00278699 0.17483900
v 0.04379427 0.00278729 0.05566835
v 0.04551869 0.00274312 0.03016030
v -0.05289430 0.00278711 0.12205300
v -0.06711007 0.00278699 0.16164200
v 0.05289429 0.00278711 0.12205300
v 0.06711005 0.00278699 0.16164200
v 0.06716340 0.00249386 -0.06493216
v 0.08288526 0.00249553 -0.07979220
v 0.11575000 0.00275844 0.02958601
v 0.11888600 0.00278729 0.05490523
v 0.12475799 0.00278711 0.12171901
v 0.11961299 0.00278711 0.16155990
v 0.10877900 0.00267196 -0.01899057
v 0.04551869 0.00274312 0.03016030
v 0.05400812 0.00261086 -0.01916050
v -0.12475800 0.00278711 0.12171900
v -0.09786117 0.00257015 -0.06429381
v -0.08288525 0.00249553 -0.07979221
v -0.04551869 0.00274312 0.03016030
v -0.04379427 0.00278729 0.05566835
v 0.09487347 0.00278699 0.17483901
v 0.05563342 0.04829007 -0.05014026
v 0.07033157 0.00000000 -0.01245820
v 0.07421058 0.00000000 -0.04288226
v -0.10409000 0.04892098 -0.05088168
v -0.09257507 0.00000000 -0.01238739
v -0.08982217 0.00000000 -0.04263037
v -0.12334300 0.04495632 0.07865779
v -0.11319501 0.06187790 0.07880181
v 0.11103200 0.06711840 0.05529047
v 0.11319500 0.06187790 0.07880182
v -0.06629449 0.00000000 0.05512296
v 0.08373510 0.00000000 0.07817369
v -0.05021810 0.06674426 0.05590462
v 0.04364311 0.04466891 0.07931989
v -0.06527550 0.02239954 0.16427299
v -0.09492541 0.02198719 0.17790000
v -0.49288112 0.83216101 0.06751606
v 0.10910090 0.10232300 0.03200441
v 0.04877758 0.10201700 -0.03186768
v -0.14021520 1.30042994 -0.03820831
v -0.10264420 1.23536003 -0.03820831
v 0.03789311 1.19455993 -0.03995811
v 0.10264380 1.23536003 -0.03820830
v 0.14021480 1.30042994 -0.03820830
v -0.15791621 1.29568994 0.08523326
v -0.11560221 1.22239995 0.08523327
v -0.04231351 1.18007994 0.08523327
v 0.11560180 1.22239995 0.08523328
v 0.15791580 1.29568994 0.08523328
v 0.15791569 1.38030994 0.08523328
v 0.11560170 1.45359993 0.08523328
v 0.04231309 1.49591994 0.08523327
v -0.11560221 1.45359993 0.08523327
v -0.15791621 1.38030994 0.08523326
v 0.03789311 1.19455993 -0.03995811
v -0.00000019 1.17672992 0.04925882
v -0.03789359 1.19455993 -0.03995811
v 0.04441249 0.35396701 0.01894980
v 0.04441249 0.35396701 0.01894980
v 0.03510712 0.56118202 0.08126169
v -0.03077059 0.60641998 -0.06691777
v -0.00000000 0.63871700 0.09775197
v 0.00000000 0.63870198 -0.08821690
v 0.00000000 0.63870198 -0.08821690
v -0.10624010 0.64039898 -0.07468408
v 0.10623990 0.64039898 -0.07468407
v -0.08925432 0.97753501 0.07329291
v -0.00000000 0.63871700 0.09775197
v -0.09430736 1.10444999 0.01762688
v -0.09583193 1.03224003 -0.07127630
v 0.09430700 1.10444999 0.01762688
v -0.29280010 0.94043094 0.00893282
v 0.29279980 0.94043112 0.00893284
v -0.29267621 0.94046491 -0.06219090
v -0.42268810 0.87534600 0.08816509
v 0.42268779 0.87534612 0.08816512
v -0.44658110 0.86162692 0.04572127
v 0.44658080 0.86162710 0.04572131
v -0.46337211 0.85217702 0.05067507
v 0.32702181 0.92295897 -0.03971038
v 0.34971881 0.97377497 0.02566011
v -0.00000018 1.13389993 -0.07230508
v 0.04638987 0.30215400 0.08494377
v -0.04788911 0.14594389 0.04385310
v -0.04805284 0.14609300 -0.02236616
v -0.10963420 1.31936002 0.13100001
v -0.08428628 1.25370991 0.13100001
v -0.08554858 1.26892996 0.13100001
v -0.09788377 1.25316000 0.13100001
v -0.10151321 1.26740003 0.13100001
v -0.06931294 1.38998997 0.13100001
v -0.05198585 1.40731001 0.13100001
v -0.03486962 1.40798998 0.13100001
v -0.01792121 1.24827993 0.13100001
v -0.01749862 1.26750994 0.13100001
v -0.03558517 1.24930000 0.13100001
v 0.05198543 1.40731001 0.13100001
v 0.03461246 1.39006996 0.13100001
v 0.03486912 1.40798998 0.13100001
v 0.07048504 1.32050002 0.13100002
v 0.08971624 1.32007992 0.13100002
v 0.07069045 1.33800006 0.13100002
v 0.08428584 1.25370991 0.13100002
v -0.06672798 1.28412998 -0.13100002
v -0.07918018 1.28293002 -0.13100002
v -0.08187860 1.29554999 -0.13100002
v -0.07918018 1.28293002 -0.13100002
v -0.08551459 1.35254002 -0.13100002
v -0.06997913 1.35197997 -0.13100002
v -0.07027726 1.33800006 -0.13100002
v -0.08551459 1.35254002 -0.13100002
v -0.04054897 1.28393996 -0.13100001
v -0.02719830 1.28340995 -0.13100001
v -0.01364885 1.39297998 -0.13100001
v -0.02719830 1.39258993 -0.13100001
v -0.02775650 1.40717995 -0.13100001
v -0.01364885 1.39297998 -0.13100001
v 0.01364846 1.39297998 -0.13100001
v -0.00000023 1.39313996 -0.13100001
v 0.04045880 1.29753995 -0.13100001
v 0.04054857 1.28393996 -0.13100001
v 0.02699775 1.29738998 -0.13100001
v 0.02719784 1.28340995 -0.13100001
v 0.04054857 1.28393996 -0.13100001
v 0.02719777 1.39258993 -0.13100001
v 0.06672758 1.28412998 -0.13100001
v 0.06672758 1.28412998 -0.13100001
v 0.08926344 0.97779500 -0.08399099
v -0.00000013 0.82319599 -0.08936768
v -0.00000019 1.20784998 -0.12889990
v -0.00000025 1.50445998 0.12889990
v -0.16073321 1.38134992 0.12889990
v -0.00000019 1.20784998 -0.12889990
v 0.14402270 1.42157996 0.12889991
v -0.00000020 1.17154002 0.12889990
v 0.14402270 1.42157996 0.12889991
v -0.00000020 1.17154002 0.12889990
v -0.12567120 1.37188995 -0.12889991
v -0.00000023 1.46815002 -0.12889990
v -0.00000023 1.46815002 -0.12889990
v -0.12567120 1.37188995 -0.12889991
v -0.16073321 1.38134992 0.12889990
v -0.00000025 1.50445998 0.12889990
v -0.13714921 1.27753997 0.13100001
v -0.12880721 1.25972998 0.13100001
v -0.12229620 1.28065002 0.13100001
v -0.12880721 1.25972998 0.13100001
v -0.12991211 1.35771000 0.13100001
v -0.14734720 1.35877001 0.13100001
v -0.13091621 1.33800006 0.13100001
v -0.12880721 1.41627002 0.13100001
v -0.11625821 1.41214991 0.13100001
v -0.11891120 1.43181002 0.13100001
v -0.05735100 1.46029997 0.13100001
v -0.07414841 1.45425999 0.13100001
v -0.05442178 1.44296992 0.13100001
v -0.07059771 1.43950999 0.13100001
v 0.07826495 1.46680999 0.13100002
v 0.07414793 1.45425999 0.13100002
v 0.09381455 1.45691001 0.13100002
v 0.07414793 1.45425999 0.13100002
v 0.11625770 1.41214991 0.13100002
v 0.12229569 1.39534998 0.13100002
v 0.12880669 1.41627002 0.13100002
v 0.14866380 1.33800006 0.13100002
v 0.12991179 1.31830001 0.13100002
v 0.14734670 1.31722999 0.13100002
v 0.13091580 1.33800006 0.13100002
v 0.12880679 1.25972998 0.13100002
v 0.11625780 1.26384997 0.13100002
v 0.11891080 1.24418998 0.13100002
v -0.07826537 1.20919001 0.13100001
v -0.07414836 1.22174001 0.13100001
v -0.09484779 1.24315000 -0.11294201
v 0.09484739 1.24315000 -0.11294200
v 0.12956381 1.30328000 -0.11294200
v 0.12956381 1.37272000 -0.11294200
v 0.09484739 1.43285000 -0.11294200
v -0.09484779 1.43285000 -0.11294201
v -0.11595819 1.33800006 -0.13100002
v -0.04716139 1.23101997 -0.13100001
v -0.06104689 1.23752999 -0.13100001
v 0.07317538 1.24524999 -0.13100001
v 0.05783541 1.24731994 -0.13100001
v 0.04716104 1.44497991 -0.13100001
v 0.06104655 1.43847001 -0.13100001
v -0.06104694 1.43847001 -0.13100001
v -0.05783574 1.42867994 -0.13100001
v -0.07317577 1.43075001 -0.13100002
v -0.07317577 1.43075001 -0.13100002
v -0.05783574 1.42867994 -0.13100001
v -0.00000020 1.17451000 0.08523327
v -0.00000025 1.48666000 0.13100001
v -0.00000024 1.46891999 0.13100001
v 0.02076732 1.48535001 0.13100001
v 0.02076732 1.48535001 0.13100001
v -0.00000020 1.18934000 0.13100001
v -0.00000020 1.20708001 0.13100001
v -0.02076769 1.19064999 0.13100001
v -0.00000019 1.22203994 -0.13100001
v -0.00000019 1.23588991 -0.13100001
v 0.01619846 1.22307003 -0.13100001
v -0.00000019 1.23588991 -0.13100001
v -0.00000023 1.45395994 -0.13100001
v -0.00000023 1.44010997 -0.13100001
v -0.01619892 1.45292997 -0.13100001
v -0.00000023 1.44010997 -0.13100001
v -0.06716340 0.00249374 -0.06493216
v -0.12096400 0.00278723 0.07845389
v 0.04689830 0.00278729 0.07906538
v -0.04689831 0.00278723 0.07906538
v 0.04689830 0.00278729 0.07906538
v 0.09786117 0.00257027 -0.06429380
v 0.12096399 0.00278729 0.07845390
v 0.06716340 0.00249386 -0.06493216
v -0.04689831 0.00278723 0.07906538
v 0.05065834 0.07279306 -0.04102379
v 0.04664511 1.04949999 -0.10312100
v 0.53428393 0.84106612 0.13178002
v 0.56459891 0.79791909 0.16282993
v 0.51135891 0.80607611 0.13020403
v 0.55051690 0.77952111 0.16086102
v 0.56913691 0.77710313 0.17212992
v 0.56831389 0.78253311 0.14273802
v -0.54153312 0.81280792 0.09775194
v -0.56831414 0.78253293 0.14273797
v -0.50411011 0.83433491 0.16423198
v -0.54680211 0.79490691 0.18095397
v 0.11741100 0.07347267 -0.00642621
v 0.11800090 0.09019809 -0.00333994
v 0.03877031 0.08943277 -0.00156098
v -0.03877031 0.08943277 -0.00156099
v -0.04011029 0.07274198 -0.00485313
v -0.04891651 0.08962327 -0.03536623
v -0.05065840 0.07279306 -0.04102379
v -0.11800100 0.09019804 -0.00333995
v -0.14391421 1.31904995 -0.03820831
v -0.13992220 1.31957996 -0.06549997
v -0.11516020 1.24962997 -0.03820831
v -0.11196520 1.25208998 -0.06549997
v -0.05400782 1.20761001 -0.06549996
v 0.01898628 1.19080997 -0.04899257
v 0.01842075 1.19807994 -0.06549996
v 0.08836477 1.22283995 -0.03820830
v 0.08591365 1.22602999 -0.06549996
v 0.13410580 1.28244996 -0.03820830
v 0.13038580 1.28399003 -0.06549996
v 0.14391381 1.35694993 -0.03820830
v 0.13992170 1.35641992 -0.06549996
v 0.11196480 1.42391002 -0.06549996
v 0.05400741 1.46838999 -0.06549996
v -0.01842123 1.47791994 -0.06549996
v -0.08591412 1.44997001 -0.06549997
v -0.13038620 1.39200997 -0.06549997
v -0.16208211 1.31665993 0.08523326
v -0.15908321 1.31705999 0.06549995
v -0.12969821 1.23847997 0.08523327
v -0.12729821 1.24031997 0.06549996
v -0.06256140 1.18695998 0.08523327
v -0.06140393 1.18975997 0.06549996
v 0.02094346 1.17891991 0.06549996
v 0.09952025 1.20829999 0.08523328
v 0.09767907 1.21069992 0.06549997
v 0.15103569 1.27543998 0.08523328
v 0.14824180 1.27660000 0.06549997
v 0.16208170 1.35933995 0.08523328
v 0.15908269 1.35894001 0.06549997
v 0.12969769 1.43751991 0.08523328
v 0.12729759 1.43567991 0.06549997
v 0.06256090 1.48904002 0.08523327
v 0.06140351 1.48623991 0.06549996
v -0.02094388 1.49707997 0.06549996
v -0.09952075 1.46770000 0.08523327
v -0.09767949 1.46529996 0.06549996
v -0.15103621 1.40056002 0.08523326
v -0.14824221 1.39940000 0.06549995
v 0.14565980 1.29896998 0.00000001
v 0.13931380 1.28029001 0.00000001
v -0.09179675 1.21836996 -0.00000000
v 0.13059470 1.26259995 0.00000001
v 0.11963180 1.24619997 0.00000001
v -0.10663020 1.23136997 -0.00000000
v -0.11963220 1.24619997 -0.00000001
v 0.10662980 1.23136997 0.00000000
v 0.09179639 1.21836996 0.00000000
v -0.13059521 1.26259995 -0.00000001
v -0.13931420 1.28029001 -0.00000001
v 0.07539880 1.20740998 0.00000000
v 0.05770558 1.19868994 0.00000000
v -0.15509120 1.31757998 0.03820830
v -0.14566021 1.29896998 -0.00000001
v -0.14950220 1.31831992 -0.00000001
v 0.14950180 1.35767996 0.00000001
v 0.15079769 1.33800006 0.00000001
v 0.14950180 1.31831992 0.00000001
v 0.01968204 1.48749995 0.00000000
v -0.00000019 1.15822995 -0.04452085
v -0.00000019 1.17446995 -0.04406529
v 0.02062988 1.15881991 -0.04285293
v 0.01984190 1.17537999 -0.04313695
v 0.02074140 1.16873002 0.04327917
v 0.02092260 1.15682995 0.04307782
v -0.04058390 1.17384994 0.00007633
v -0.04155308 1.15889001 0.00012311
v 0.02263039 1.14156997 -0.04652833
v -0.00000018 1.14151001 -0.04871076
v 0.02099210 1.14813995 -0.04306048
v -0.00000019 1.14785993 -0.04508996
v 0.02261680 1.14121997 0.04613256
v 0.02102959 1.14787996 0.04324889
v -0.04524773 1.14155996 -0.00002778
v -0.04202222 1.14848995 0.00011076
v 0.03451669 0.33863100 0.05670869
v 0.04478114 0.33871800 0.01782608
v 0.07675760 0.36882401 0.00214166
v 0.04382997 0.36889198 0.01589447
v 0.07898771 0.33846101 0.10428800
v 0.04604071 0.33853298 0.09451121
v 0.11010780 0.36890399 0.01475311
v 0.12179590 0.36912999 0.05259419
v -0.07675772 0.36882401 0.00214165
v -0.07707262 0.35398999 0.00570815
v -0.03340899 0.36911198 0.05714625
v -0.04383009 0.36889198 0.01589447
v 0.07045936 0.59417599 -0.08716630
v 0.02099549 0.59401101 0.00835294
v 0.03333801 0.59413600 -0.06328696
v -0.07045960 0.59417599 -0.08716630
v -0.03333818 0.59413600 -0.06328696
v -0.12001010 0.59400600 0.00253671
v -0.12015010 0.60638601 0.00079195
v -0.10760210 0.59413201 -0.06474000
v 0.03847903 0.48375601 -0.02446913
v 0.02707010 0.48394400 0.03226745
v -0.12088310 0.48395601 0.02706748
v 0.07354718 0.48369700 -0.04338300
v 0.07575058 0.40485901 -0.01213920
v 0.03847903 0.48375601 -0.02446913
v 0.04214757 0.40498900 0.00323111
v 0.07440561 0.48420301 0.10271801
v -0.02402627 0.62272102 0.08060288
v -0.06547391 0.62271601 0.10186400
v -0.10624010 0.64039999 0.07608424
v -0.12105300 0.64039898 0.00002958
v -0.10692110 0.62270999 0.07364726
v -0.12073710 0.62270802 0.00012621
v 0.12073680 0.62270802 0.00012622
v 0.00000000 0.63870198 -0.08821690
v -0.00000000 0.63186699 0.00547111
v -0.02402627 0.62270999 -0.07061266
v -0.01021039 0.62271601 0.00569051
v 0.12037690 0.65688902 -0.00000788
v 0.10532990 0.65687996 0.07675881
v -0.04664545 1.04949999 -0.10312100
v -0.00000017 1.04936993 -0.10418500
v -0.06018871 0.65688902 -0.10056700
v 0.00000000 0.65688902 -0.10056700
v 0.06018846 0.65685499 0.10594000
v 0.10199780 1.11230993 -0.02849995
v 0.13280080 1.09693003 -0.02849995
v 0.10200981 1.10123003 -0.06945108
v 0.13214080 1.08620000 -0.06860517
v 0.12751980 1.01110995 -0.02849995
v 0.10209480 1.02365994 -0.02849995
v 0.09507674 1.06861997 -0.08606851
v 0.10204581 1.06797993 -0.08366596
v 0.09583164 1.03224003 -0.07127630
v 0.10208281 1.03473997 -0.07029788
v -0.10204610 1.06797993 0.02666598
v -0.09506726 1.06825995 0.03391319
v -0.29311910 0.97308391 0.01897024
v 0.27568689 0.93797511 -0.02849995
v 0.33029890 0.98598212 0.01328421
v 0.33437780 0.99473411 -0.02115116
v -0.30021012 0.92595291 -0.02099699
v 0.31700081 0.96049112 -0.06744108
v 0.32991481 0.98629111 -0.05554824
v -0.31055221 1.00818992 -0.02849997
v -0.30619410 0.99941492 0.00671522
v -0.31700110 0.96049100 -0.06744111
v -0.30423420 0.93461794 -0.05615032
v 0.31758681 0.96019614 0.02529270
v 0.20480381 1.06097996 -0.02849995
v 0.12817981 1.02182996 -0.06944607
v 0.18887781 0.99182510 -0.06746469
v 0.18660280 0.98194498 -0.02849995
v 0.19570381 1.02145994 -0.07989620
v 0.13015971 1.05401993 -0.08253418
v 0.20252881 1.05110002 -0.06662957
v -0.19570410 1.02145994 0.02289616
v -0.13016020 1.05401993 0.02553414
v -0.43773312 0.85836601 0.07184008
v -0.42311511 0.90071791 0.08930555
v 0.42352089 0.86578697 0.06190248
v 0.43514490 0.89388514 0.10262392
v -0.46977911 0.87396193 0.04108796
v -0.45453322 0.85720992 0.04853687
v 0.43893179 0.86565113 0.04119475
v 0.45386982 0.88305497 0.03460439
v -0.45346421 0.91798592 0.06200740
v -0.43832311 0.91804701 0.08229945
v 0.45065179 0.91048712 0.09471299
v 0.46719089 0.90947998 0.07187201
v 0.47421580 0.90533412 0.07716061
v 0.48236692 0.90052211 0.08329572
v 0.45307681 0.84970111 0.08326359
v -0.48236722 0.90052193 0.08329568
v -0.44481421 0.85436702 0.07711265
v -0.45307711 0.84970093 0.08326355
v -0.46337211 0.85217702 0.05067507
v -0.47367910 0.84630793 0.05316875
v 0.36367980 0.89498812 0.02165212
v 0.40469980 0.87496513 0.04928781
v 0.36200291 0.90580797 0.04950507
v 0.33688491 0.94932914 0.03699703
v 0.37215879 0.92944098 0.05839533
v -0.32175320 0.91545093 -0.00658329
v -0.36368010 0.89498800 0.02165208
v -0.33990121 0.94753891 -0.05036861
v -0.32702210 0.92295891 -0.03971041
v -0.38715011 0.92080402 -0.01514031
v -0.37334511 0.89923501 -0.00621303
v -0.04766982 1.13670993 0.03878486
v -0.05448549 1.13703001 -0.00035959
v 0.05448520 1.13703001 -0.00035958
v 0.04767960 1.13722003 -0.03981316
v 0.04766947 1.13670993 0.03878486
v 0.02723842 1.13619995 0.05406981
v -0.02723884 1.13619995 0.05406981
v -0.00000019 1.13590002 0.05574738
v 0.02724647 1.13733995 -0.05602568
v -0.00000018 1.13738000 -0.05832165
v -0.02724683 1.13733995 -0.05602568
v -0.04767996 1.13722003 -0.03981316
v -0.07727813 0.30228600 -0.00259215
v -0.07719951 0.33875799 0.00480926
v -0.03451681 0.33863100 0.05670869
v -0.03515440 0.30218601 0.04807120
v -0.04478126 0.33871800 0.01782608
v -0.04540115 0.30222300 0.01021248
v 0.10704390 0.11383000 -0.03097170
v 0.11804590 0.11375600 0.00132651
v 0.10915200 0.11350100 0.03409821
v 0.07882046 0.11322500 0.04543823
v 0.04820477 0.11303400 0.03519582
v 0.03845971 0.11303200 0.00322074
v 0.03863000 0.10183100 0.00076829
v 0.04861134 0.11321000 -0.02922785
v 0.07768565 0.11356200 -0.04089087
v -0.03652983 0.22347590 0.02940917
v -0.04673731 0.22355591 -0.00620216
v -0.07890194 0.22351900 0.07425647
v -0.04714506 0.22347090 0.06424664
v -0.11029490 0.22362100 0.06106876
v -0.11981990 0.22377591 0.02631377
v -0.10852190 0.22385600 -0.00766713
v -0.07744771 0.22373299 -0.01853340
v -0.08055961 0.07330739 0.05562329
v 0.08055955 0.07330739 0.05562317
v -0.08428634 1.42228997 0.13100001
v -0.06906903 1.42355001 0.13100001
v -0.08483631 1.43587995 0.13100001
v -0.08483631 1.43587995 0.13100001
v -0.06906903 1.42355001 0.13100001
v -0.08971674 1.35591996 0.13100001
v -0.07048554 1.35549998 0.13100001
v -0.08716237 1.28526998 0.13100001
v -0.06931288 1.28601003 0.13100001
v -0.05442178 1.44296992 0.13100001
v -0.03558523 1.42670000 0.13100001
v -0.05273492 1.42515993 0.13100001
v -0.03558523 1.42670000 0.13100001
v -0.05226582 1.35531998 0.13100001
v -0.03466141 1.35527992 0.13100001
v -0.03461302 1.28592992 0.13100001
v -0.03461158 1.30339003 0.13100001
v -0.05187077 1.28612995 0.13100001
v -0.05187077 1.28612995 0.13100001
v -0.00000024 1.44827998 0.13100001
v -0.01863874 1.44762993 0.13100001
v -0.00000023 1.42809999 0.13100001
v -0.01792127 1.42771995 0.13100001
v -0.00000023 1.42809999 0.13100001
v -0.01863874 1.44762993 0.13100001
v -0.01727605 1.35527992 0.13100001
v -0.00000023 1.35528994 0.13100001
v -0.00000022 1.28564000 0.13100001
v -0.01731629 1.28573000 0.13100001
v 0.01792084 1.42771995 0.13100001
v 0.03558468 1.42670000 0.13100001
v 0.03466086 1.35527992 0.13100001
v 0.01727562 1.35527992 0.13100001
v 0.01731585 1.28573000 0.13100001
v 0.03461252 1.28592992 0.13100001
v 0.06906855 1.42355001 0.13100002
v 0.05273443 1.42515993 0.13100001
v 0.05442130 1.44296992 0.13100001
v 0.05273443 1.42515993 0.13100001
v 0.07059734 1.43950999 0.13100002
v 0.07048504 1.35549998 0.13100002
v 0.05226527 1.35531998 0.13100001
v 0.05187027 1.28612995 0.13100001
v 0.06931245 1.28601003 0.13100002
v 0.08428584 1.42228997 0.13100002
v 0.09788333 1.42284000 0.13100002
v 0.09788333 1.42284000 0.13100002
v 0.10963380 1.35663998 0.13100002
v 0.08971624 1.35591996 0.13100002
v 0.08869527 1.37358999 0.13100002
v 0.08971624 1.35591996 0.13100002
v 0.10782480 1.37489998 0.13100002
v 0.10497180 1.28357995 0.13100002
v 0.08716195 1.28526998 0.13100002
v -0.06574337 1.27225995 -0.13100002
v -0.05387370 1.27126992 -0.13100001
v -0.06617236 1.26164997 -0.13100002
v -0.05506621 1.25881994 -0.13100001
v -0.06617236 1.26164997 -0.13100002
v -0.05387370 1.27126992 -0.13100001
v -0.06997907 1.32401991 -0.13100002
v -0.05497860 1.32435000 -0.13100001
v -0.05458979 1.31079996 -0.13100001
v -0.06918268 1.36575997 -0.13100002
v -0.06798671 1.37913001 -0.13100002
v -0.05458985 1.36519992 -0.13100001
v -0.05406409 1.37854993 -0.13100001
v -0.06798671 1.37913001 -0.13100002
v -0.02775650 1.26881993 -0.13100001
v -0.04113310 1.27000999 -0.13100001
v -0.04076736 1.32448995 -0.13100001
v -0.02703600 1.32453001 -0.13100001
v -0.02699821 1.37861001 -0.13100001
v -0.02699701 1.36500001 -0.13100001
v -0.04045927 1.37845993 -0.13100001
v -0.04045927 1.37845993 -0.13100001
v -0.01453809 1.25248992 -0.13100001
v -0.00000020 1.26771998 -0.13100001
v -0.01397859 1.26801991 -0.13100001
v -0.00000020 1.26771998 -0.13100001
v -0.01453809 1.25248992 -0.13100001
v -0.01347534 1.32451999 -0.13100001
v -0.00000021 1.32451999 -0.13100001
v -0.00000021 1.32451999 -0.13100001
v -0.00000022 1.37883997 -0.13100001
v -0.00000021 1.36506999 -0.13100001
v -0.01350676 1.37876999 -0.13100001
v -0.01347469 1.36503994 -0.13100001
v -0.01350676 1.37876999 -0.13100001
v 0.01397819 1.26801991 -0.13100001
v 0.02878458 1.25389993 -0.13100001
v 0.02775610 1.26881993 -0.13100001
v 0.01397819 1.26801991 -0.13100001
v 0.02703554 1.32453001 -0.13100001
v 0.01347495 1.32451999 -0.13100001
v 0.01347495 1.32451999 -0.13100001
v 0.02699668 1.31100011 -0.13100001
v 0.01350636 1.37876999 -0.13100001
v 0.02699775 1.37861001 -0.13100001
v 0.05387337 1.27126992 -0.13100001
v 0.04113269 1.27000999 -0.13100001
v 0.04244863 1.25611997 -0.13100001
v 0.05497826 1.32435000 -0.13100001
v 0.05458946 1.31079996 -0.13100001
v 0.04076696 1.32448995 -0.13100001
v 0.04076696 1.32448995 -0.13100001
v 0.04045880 1.37845993 -0.13100001
v 0.05406362 1.37854993 -0.13100001
v 0.05458946 1.36519992 -0.13100001
v 0.04061467 1.36500001 -0.13100001
v 0.05406362 1.37854993 -0.13100001
v 0.06574297 1.27225995 -0.13100001
v 0.07634897 1.27182996 -0.13100001
v 0.06617194 1.26164997 -0.13100001
v 0.07372261 1.26427996 -0.13100001
v 0.07634897 1.27182996 -0.13100001
v 0.08551419 1.32345998 -0.13100001
v 0.06997865 1.32401991 -0.13100001
v 0.08410334 1.36677992 -0.13100001
v 0.06918228 1.36575997 -0.13100001
v 0.08187818 1.38045001 -0.13100001
v 0.06798625 1.37913001 -0.13100001
v 0.08187818 1.38045001 -0.13100001
v 0.09608334 1.02012002 -0.02535551
v 0.09582918 1.03215992 0.02020388
v 0.09524101 1.00102997 -0.01592242
v 0.09466301 1.01573992 0.04034817
v 0.09506690 1.06825995 0.03391320
v 0.09292911 1.05976999 0.05489695
v -0.09292948 1.05976999 0.05489695
v -0.09506726 1.06825995 0.03391319
v -0.09120535 1.10415995 0.03259176
v -0.09065675 1.11994994 -0.02169895
v 0.10253880 0.89873803 0.00128127
v 0.08972156 0.89862996 -0.06972538
v 0.09793663 0.96202099 -0.00533270
v -0.08972185 0.89884698 0.07284510
v -0.10253910 0.89873803 0.00128126
v 0.05126935 0.89859301 -0.09339427
v -0.00000014 0.89859301 -0.09339427
v 0.04872441 0.97405702 -0.09973418
v -0.00000015 0.97402400 -0.10000000
v -0.08972185 0.89862996 -0.06972539
v -0.05126965 0.89859301 -0.09339427
v -0.04872471 0.97405702 -0.09973418
v 0.08972156 0.89884698 0.07284511
v 0.05126934 0.89888299 0.09818506
v -0.05126965 0.89888299 0.09818506
v -0.00000015 0.89888299 0.09929919
v -0.12674420 1.43636000 0.13100001
v -0.13197321 1.43953991 0.12889990
v -0.13818221 1.41948998 0.13100001
v -0.14402320 1.42157996 0.12889990
v 0.03434754 1.46618998 -0.12260000
v 0.05078376 1.46060002 -0.12259999
v 0.03389085 1.46367002 -0.12889990
v 0.05007715 1.45814991 -0.12889990
v -0.13818221 1.25651002 0.13100001
v -0.14754621 1.27530003 0.13100001
v -0.14402320 1.25441992 0.12889990
v -0.15367321 1.27394998 0.12889990
v 0.10260370 1.47171998 0.12260000
v 0.10154270 1.46996999 0.12889991
v 0.11918370 1.45717990 0.12260000
v 0.11774080 1.45573997 0.12889991
v -0.00000019 1.20528996 -0.12260000
v -0.01732164 1.20642996 -0.12260000
v -0.00000019 1.20784998 -0.12889990
v -0.01709758 1.20897996 -0.12889990
v -0.03434795 1.20981002 -0.12260000
v -0.05078417 1.21539998 -0.12260000
v -0.03389125 1.21232998 -0.12889990
v -0.05007748 1.21784997 -0.12889990
v 0.10154280 1.20603001 0.12889991
v 0.11774080 1.22026002 0.12889991
v 0.09836137 1.21125996 0.13100002
v 0.11341079 1.22458994 0.13100002
v 0.13156981 1.35531998 -0.12259999
v 0.12901681 1.35509992 -0.12889990
v 0.12818771 1.37234998 -0.12259999
v 0.12567071 1.37188995 -0.12889990
v 0.02186762 1.50300992 0.12889990
v 0.02147262 1.49673998 0.13100001
v -0.16710420 1.36000001 0.12259999
v -0.16501220 1.35986996 0.12889989
v -0.10154321 1.46996999 0.12889990
v -0.11774121 1.45573997 0.12889990
v -0.09836185 1.46473992 0.13100001
v -0.11341121 1.45140994 0.13100001
v 0.16645580 1.33800006 0.12889991
v 0.16016779 1.33800006 0.13100002
v 0.16501180 1.31612992 0.12889991
v 0.15873679 1.31652999 0.13100002
v 0.01709718 1.20897996 -0.12889990
v 0.01674861 1.21419001 -0.13100001
v 0.13371580 1.44059992 0.12260000
v 0.13197269 1.43953991 0.12889991
v 0.08149266 1.19981992 0.13100002
v 0.06270009 1.19044995 0.13100001
v 0.08358000 1.19397998 0.12889991
v 0.06404960 1.18432999 0.12889990
v -0.08149314 1.47617996 0.13100001
v -0.06270052 1.48554993 0.13100001
v -0.08358043 1.48202002 0.12889990
v -0.06405002 1.49167001 0.12889990
v -0.00000020 1.16944993 0.12260000
v 0.02199928 1.17089999 0.12260000
v -0.00000020 1.17154002 0.12889990
v 0.02186768 1.17298996 0.12889990
v 0.06635464 1.45292997 -0.12259999
v 0.08078533 1.44327998 -0.12259999
v 0.06534713 1.45060992 -0.12889990
v 0.07939225 1.44117999 -0.12889990
v -0.13014520 1.33800006 -0.12889991
v -0.12493120 1.33800006 -0.13100002
v -0.12901720 1.32089996 -0.12889991
v -0.12381520 1.32124996 -0.13100002
v -0.16501220 1.31612992 0.12889989
v -0.16073321 1.29464996 0.12889990
v -0.15873720 1.31652999 0.13100001
v -0.15450821 1.29548001 0.13100001
v -0.05078422 1.46060002 -0.12260000
v -0.05007754 1.45814991 -0.12889990
v -0.06635510 1.45292997 -0.12260000
v -0.06534761 1.45060992 -0.12889990
v 0.14754579 1.40069997 0.13100002
v 0.15367279 1.40205002 0.12889991
v -0.02186806 1.17298996 0.12889990
v -0.02147306 1.17926002 0.13100001
v 0.05078376 1.21539998 -0.12259999
v 0.05007715 1.21784997 -0.12889990
v 0.06635470 1.22307003 -0.12259999
v 0.06534719 1.22538996 -0.12889990
v 0.10528171 1.41878998 -0.12259999
v 0.10318481 1.41738999 -0.12889990
v 0.09383976 1.43183994 -0.12259999
v 0.09205664 1.43005991 -0.12889990
v 0.13270981 1.33800006 -0.12259999
v 0.13156981 1.32068002 -0.12259999
v 0.13014471 1.33800006 -0.12889990
v 0.12901681 1.32089996 -0.12889990
v -0.08078581 1.44327998 -0.12260000
v -0.07939273 1.44117999 -0.12889991
v -0.09384018 1.43183994 -0.12260000
v -0.09205710 1.43005991 -0.12889991
v -0.12901720 1.35509992 -0.12889991
v -0.12381520 1.35474992 -0.13100002
v 0.16501180 1.35986996 0.12889991
v 0.16073280 1.38134992 0.12889991
v 0.15873679 1.35947001 0.13100002
v 0.15450780 1.38051999 0.13100002
v 0.01732117 1.46956992 -0.12260000
v 0.01709712 1.46701992 -0.12889990
v 0.08078539 1.23272002 -0.12259999
v 0.07939225 1.23482001 -0.12889990
v 0.09383976 1.24415994 -0.12259999
v 0.09205670 1.24593997 -0.12889990
v -0.06270046 1.19044995 0.13100001
v -0.06404996 1.18432999 0.12889990
v -0.04251636 1.18348992 0.13100001
v -0.04334748 1.17726994 0.12889990
v -0.12260320 1.28722000 -0.12260000
v -0.12015219 1.28792000 -0.12889991
v -0.11493020 1.27164996 -0.12260000
v -0.11260619 1.27265000 -0.12889991
v -0.11493020 1.40434992 -0.12260000
v -0.10528220 1.41878998 -0.12260000
v -0.11260619 1.40335000 -0.12889991
v -0.10318519 1.41738999 -0.12889991
v -0.01709758 1.46701992 -0.12889990
v -0.01674913 1.46180999 -0.13100001
v 0.11492970 1.27164996 -0.12259999
v 0.10528181 1.25721002 -0.12259999
v 0.11260581 1.27265000 -0.12889990
v 0.10318481 1.25861001 -0.12889990
v -0.09836180 1.21125996 0.13100001
v -0.10154321 1.20603001 0.12889990
v -0.08149308 1.19981992 0.13100001
v -0.08358037 1.19397998 0.12889990
v -0.10528220 1.25721002 -0.12260000
v -0.10318519 1.25861001 -0.12889991
v -0.09384018 1.24415994 -0.12260000
v -0.09205710 1.24593997 -0.12889991
v 0.14754579 1.27530003 0.13100002
v 0.15367279 1.27394998 0.12889991
v 0.15450780 1.29548001 0.13100002
v 0.16073280 1.29464996 0.12889991
v 0.12260280 1.38878000 -0.12259999
v 0.12015181 1.38808000 -0.12889990
v 0.11492970 1.40434992 -0.12259999
v 0.11260581 1.40335000 -0.12889990
v -0.12260320 1.38878000 -0.12260000
v -0.12015219 1.38808000 -0.12889991
v -0.14754621 1.40069997 0.13100001
v -0.15367321 1.40205002 0.12889990
v 0.12818781 1.30365002 -0.12259999
v 0.12260280 1.28722000 -0.12259999
v 0.12567071 1.30410993 -0.12889990
v 0.12015181 1.28792000 -0.12889990
v -0.13197321 1.23645997 0.12889990
v -0.11774121 1.22026002 0.12889990
v -0.12674420 1.23964000 0.13100001
v -0.11341121 1.22458994 0.13100001
v 0.06270003 1.48554993 0.13100001
v 0.06404954 1.49167001 0.12889990
v 0.04251592 1.49250996 0.13100001
v 0.04334711 1.49872994 0.12889990
v -0.02199984 1.50510001 0.12260000
v -0.02186806 1.50300992 0.12889990
v -0.06635510 1.22307003 -0.12260000
v -0.08078581 1.23272002 -0.12260000
v -0.06534761 1.22538996 -0.12889990
v -0.07939267 1.23482001 -0.12889991
v 0.12674370 1.23964000 0.13100002
v 0.13197269 1.23645997 0.12889991
v 0.13818180 1.25651002 0.13100002
v 0.14402280 1.25441992 0.12889991
v -0.16469011 1.31631994 0.10076699
v -0.13178520 1.23687994 0.10076700
v -0.06356829 1.18453002 0.10076700
v 0.10112179 1.20621991 0.10076701
v 0.15346680 1.27442992 0.10076701
v 0.16468970 1.35967994 0.10076701
v 0.13323269 1.44023001 0.11294201
v 0.13178470 1.43911994 0.10076701
v 0.06356781 1.49146998 0.10076700
v -0.10112220 1.46977997 0.10076700
v -0.15346721 1.40156996 0.10076699
v -0.11891120 1.24418998 0.13100001
v -0.10935820 1.24933994 0.13100001
v -0.11891120 1.24418998 0.13100001
v -0.14734720 1.31722999 0.13100001
v -0.12991211 1.31830001 0.13100001
v -0.14734720 1.31722999 0.13100001
v -0.13714921 1.39845991 0.13100001
v -0.12229620 1.39534998 0.13100001
v -0.12880721 1.41627002 0.13100001
v -0.11625821 1.41214991 0.13100001
v -0.12880721 1.41627002 0.13100001
v -0.12229620 1.39534998 0.13100001
v -0.09381503 1.45691001 0.13100001
v -0.08865952 1.44735992 0.13100001
v 0.06046294 1.47514999 0.13100001
v 0.05735044 1.46029997 0.13100001
v 0.12880669 1.41627002 0.13100002
v 0.11891069 1.43181002 0.13100002
v 0.10935769 1.42665994 0.13100002
v 0.14734670 1.35877001 0.13100002
v 0.12991170 1.35771000 0.13100002
v 0.14734670 1.35877001 0.13100002
v 0.13714870 1.27753997 0.13100002
v 0.12229569 1.28065002 0.13100002
v 0.12880679 1.25972998 0.13100002
v 0.12229569 1.28065002 0.13100002
v 0.07826501 1.20919001 0.13100002
v 0.09381455 1.21908998 0.13100002
v 0.07414799 1.22174001 0.13100002
v 0.08865909 1.22863996 0.13100002
v 0.09381455 1.21908998 0.13100002
v -0.06046331 1.20085001 0.13100001
v -0.05735100 1.21569991 0.13100001
v -0.07826537 1.20919001 0.13100001
v -0.07414836 1.22174001 0.13100001
v -0.13703520 1.31996000 -0.08523328
v -0.13476319 1.32025993 -0.10076701
v -0.10965520 1.25386000 -0.08523328
v -0.10783720 1.25524998 -0.10076701
v -0.05289369 1.21029997 -0.08523327
v -0.05201679 1.21241999 -0.10076700
v 0.08414137 1.22833991 -0.08523327
v 0.08274626 1.23016000 -0.10076700
v 0.12769680 1.28511000 -0.08523327
v 0.12557881 1.28597999 -0.10076700
v 0.13703470 1.35604000 -0.08523327
v 0.13476281 1.35573995 -0.10076700
v 0.10965471 1.42214000 -0.08523327
v 0.10783671 1.42075002 -0.10076700
v 0.05289334 1.46569991 -0.08523327
v 0.05201626 1.46358001 -0.10076700
v -0.08414185 1.44765997 -0.08523327
v -0.08274673 1.44584000 -0.10076701
v -0.12769720 1.39089000 -0.08523328
v -0.12557920 1.39002001 -0.10076701
v -0.08529961 1.40714991 -0.13100002
v -0.11493120 1.35420001 -0.13100002
v -0.10133120 1.35336995 -0.13100002
v -0.09539126 1.29326999 -0.13100002
v -0.06104689 1.23752999 -0.13100001
v -0.07317577 1.24524999 -0.13100002
v -0.05783568 1.24731994 -0.13100001
v -0.06915450 1.25269997 -0.13100002
v -0.05783568 1.24731994 -0.13100001
v -0.07317577 1.24524999 -0.13100002
v 0.04716111 1.23101997 -0.13100001
v 0.04473328 1.24260998 -0.13100001
v 0.06104661 1.23752999 -0.13100001
v 0.04473328 1.24260998 -0.13100001
v 0.08529919 1.26884997 -0.13100001
v 0.10133081 1.32262993 -0.13100001
v 0.09539085 1.38273001 -0.13100001
v 0.06915402 1.42329991 -0.13100001
v 0.05783535 1.42867994 -0.13100001
v 0.07317538 1.43075001 -0.13100001
v -0.04716144 1.44497991 -0.13100001
v -0.04473381 1.43339002 -0.13100001
v -0.06104694 1.43847001 -0.13100001
v -0.04473381 1.43339002 -0.13100001
v -0.04299449 1.17753994 0.10076700
v -0.02168208 1.17330992 0.10076700
v 0.04299414 1.49845994 0.10076700
v 0.02168160 1.50268996 0.10076700
v -0.00000025 1.48666000 0.13100001
v -0.02076774 1.48535001 0.13100001
v -0.00000024 1.46891999 0.13100001
v -0.01970530 1.46790993 0.13100001
v -0.00000020 1.18934000 0.13100001
v 0.02076739 1.19064999 0.13100001
v -0.00000020 1.20708001 0.13100001
v 0.01970480 1.20808995 0.13100001
v -0.03518170 1.20669997 -0.10076700
v -0.01774203 1.20323992 -0.10076700
v 0.03518123 1.46929991 -0.10076700
v 0.01774162 1.47275996 -0.10076700
v -0.01619886 1.22307003 -0.13100001
v -0.03203879 1.22607994 -0.13100001
v -0.01537018 1.23667002 -0.13100001
v -0.01537018 1.23667002 -0.13100001
v -0.03203879 1.22607994 -0.13100001
v 0.01619846 1.45292997 -0.13100001
v 0.03203846 1.44991994 -0.13100001
v 0.01536972 1.43932998 -0.13100001
v 0.01536972 1.43932998 -0.13100001
v 0.03203846 1.44991994 -0.13100001
v -0.05057406 0.01044350 -0.01873469
v -0.05400812 0.00261086 -0.01916050
v -0.06446456 0.00997531 -0.06471300
v -0.06716340 0.00249374 -0.06493216
v -0.10204900 0.00000000 -0.01593375
v -0.09395366 0.00000000 -0.05760247
v -0.12173900 0.01114916 0.05496399
v -0.09511668 0.01114827 0.17790000
v -0.09487349 0.00278699 0.17483900
v -0.06546248 0.01114839 0.16426600
v -0.06711007 0.00278699 0.16164200
v 0.04065328 0.01114922 0.05578327
v 0.04379427 0.00278729 0.05566835
v -0.05035860 0.01114875 0.12336400
v -0.05289430 0.00278711 0.12205300
v 0.06018340 0.00000000 0.11816300
v 0.05289429 0.00278711 0.12205300
v 0.08266669 0.00000000 -0.07182276
v 0.11010100 0.00000000 0.05481779
v 0.12744499 0.01114881 0.12299791
v 0.11167290 0.01068800 -0.01868206
v 0.06088948 0.00000000 -0.01608550
v 0.05400812 0.00261086 -0.01916050
v 0.07078111 0.00000000 -0.05813658
v -0.11638400 0.00000000 0.11792100
v -0.08266668 0.00000000 -0.07182277
v -0.04379427 0.00278729 0.05566835
v -0.05298721 0.00000000 0.05541330
v 0.07167719 0.00000000 0.15377800
v 0.09375034 0.00000000 0.16565600
v 0.06711005 0.00278699 0.16164200
v 0.09487347 0.00278699 0.17483901
v 0.10409000 0.04892104 -0.05088168
v 0.11538800 0.04928904 -0.01114927
v 0.07993775 0.04848223 -0.06379085
v 0.05563342 0.04829007 -0.05014026
v -0.05563342 0.04829007 -0.05014026
v -0.04387950 0.04866182 -0.01019358
v -0.07993781 0.04848217 -0.06379085
v 0.09474497 0.03220772 0.17790001
v 0.06509034 0.03385639 0.16428300
v -0.12707100 0.03930515 0.12306399
v 0.12707099 0.03930521 0.12306400
v 0.12727299 0.02376228 0.12302501
v -0.10355501 0.00000000 0.11414299
v -0.08750736 0.00000000 0.11292299
v 0.08750735 0.00000000 0.11292300
v -0.04998518 0.03903990 0.12343000
v -0.05018573 0.02369588 0.12339100
v 0.04998516 0.03903990 0.12343000
v -0.00000017 1.04936993 -0.10418500
v 0.52840191 0.80229414 0.10521502
v 0.55187791 0.78460014 0.13724103
v 0.55051690 0.77952111 0.16086102
v 0.55187791 0.78460014 0.13724103
v -0.52840209 0.80229402 0.10521498
v -0.55187810 0.78459990 0.13724098
v 0.04891651 0.08962327 -0.03536623
v -0.12410420 1.24276996 0.03820830
v 0.02068269 1.17796993 0.04902803
v 0.09522795 1.21389997 0.03820831
v 0.14452180 1.27813995 0.03820831
v 0.15509081 1.35842001 0.03820831
v 0.04425460 1.18867993 0.00001909
v -0.04383009 0.36889198 0.01589447
v -0.04441261 0.35396701 0.01894980
v -0.04441261 0.35396701 0.01894980
v -0.03410559 0.35390800 0.05863070
v 0.03333801 0.59413600 -0.06328696
v 0.02280163 0.56129199 0.01544320
v 0.03486305 0.56140101 -0.05178308
v -0.12027010 0.56128800 0.00981151
v 0.03911411 0.48413500 0.08770418
v 0.10208281 1.03473997 -0.07029788
v 0.12817981 1.02182996 -0.06944607
v 0.28004492 0.94675308 -0.06449018
v -0.30423420 0.93461794 -0.05615032
v 0.30423391 0.93461812 -0.05615030
v 0.18887781 0.99182510 -0.06746469
v -0.45453322 0.85720992 0.04853687
v 0.43893179 0.86565113 0.04119475
v 0.49970281 0.88308609 0.09869589
v 0.47207391 0.83629411 0.09829368
v 0.37334481 0.89923513 -0.00621299
v 0.41878679 0.87596112 0.02665181
v -0.37334511 0.89923501 -0.00621303
v -0.32702210 0.92295891 -0.03971041
v -0.04478126 0.33871800 0.01782608
v -0.04540115 0.30222300 0.01021248
v 0.11795000 0.10258600 -0.00103944
v 0.04861134 0.11321000 -0.02922785
v 0.04877758 0.10201700 -0.03186768
v -0.08428634 1.42228997 0.13100001
v -0.07048554 1.35549998 0.13100001
v -0.08971674 1.35591996 0.13100001
v -0.03461302 1.28592992 0.13100001
v -0.01792127 1.42771995 0.13100001
v -0.00000023 1.40868998 0.13100001
v -0.01792127 1.42771995 0.13100001
v -0.01731629 1.28573000 0.13100001
v -0.01749862 1.26750994 0.13100001
v -0.00000022 1.28564000 0.13100001
v 0.01792084 1.42771995 0.13100001
v 0.01749812 1.40848994 0.13100001
v 0.03558468 1.42670000 0.13100001
v 0.03486918 1.26801002 0.13100001
v 0.01731585 1.28573000 0.13100001
v 0.05273443 1.42515993 0.13100001
v 0.06906855 1.42355001 0.13100002
v 0.06906855 1.42355001 0.13100002
v 0.08428584 1.42228997 0.13100002
v 0.08554816 1.40706992 0.13100002
v 0.09788333 1.42284000 0.13100002
v -0.06798671 1.37913001 -0.13100002
v -0.05406409 1.37854993 -0.13100001
v -0.05371951 1.39171994 -0.13100001
v -0.05406409 1.37854993 -0.13100001
v -0.06672798 1.39187002 -0.13100002
v -0.04045927 1.37845993 -0.13100001
v -0.04054897 1.39205992 -0.13100001
v -0.02699821 1.37861001 -0.13100001
v -0.02719830 1.39258993 -0.13100001
v -0.04054897 1.39205992 -0.13100001
v -0.01397859 1.26801991 -0.13100001
v -0.01364879 1.28302002 -0.13100001
v -0.00000020 1.28285992 -0.13100001
v -0.01397859 1.26801991 -0.13100001
v 0.01364846 1.28302002 -0.13100001
v 0.02775610 1.26881993 -0.13100001
v 0.02719777 1.39258993 -0.13100001
v 0.01350636 1.37876999 -0.13100001
v 0.02699775 1.37861001 -0.13100001
v 0.01350636 1.37876999 -0.13100001
v 0.06574297 1.27225995 -0.13100001
v 0.07917976 1.28293002 -0.13100001
v 0.07634897 1.27182996 -0.13100001
v 0.06672758 1.28412998 -0.13100001
v 0.06672758 1.39187002 -0.13100001
v 0.07917976 1.39306998 -0.13100001
v 0.06798625 1.37913001 -0.13100001
v 0.08187818 1.38045001 -0.13100001
v 0.06798625 1.37913001 -0.13100001
v 0.07917976 1.39306998 -0.13100001
v -0.09430736 1.10444999 0.01762688
v -0.09406054 1.11677003 -0.02679961
v -0.12991211 1.31830001 0.13100001
v -0.10151321 1.40859997 0.13100001
v -0.10497220 1.39241993 0.13100001
v -0.08865952 1.44735992 0.13100001
v -0.07059771 1.43950999 0.13100001
v -0.07059771 1.43950999 0.13100001
v -0.08865952 1.44735992 0.13100001
v 0.05735044 1.46029997 0.13100001
v 0.05442130 1.44296992 0.13100001
v 0.12991170 1.35771000 0.13100002
v 0.10151269 1.26740003 0.13100002
v 0.10497180 1.28357995 0.13100002
v 0.07414799 1.22174001 0.13100002
v 0.08865909 1.22863996 0.13100002
v 0.07059729 1.23649001 0.13100002
v 0.08865909 1.22863996 0.13100002
v -0.05735100 1.21569991 0.13100001
v -0.06915450 1.25269997 -0.13100002
v -0.06617236 1.26164997 -0.13100002
v -0.05506621 1.25881994 -0.13100001
v 0.06915402 1.42329991 -0.13100001
v 0.06617194 1.41434991 -0.13100001
v 0.05506588 1.41717994 -0.13100001
v -0.00000020 1.17188001 0.10076700
v -0.01863874 1.44762993 0.13100001
v -0.00000019 1.20207000 -0.10076700
v -0.00000019 1.22203994 -0.13100001
v -0.01619886 1.22307003 -0.13100001
v -0.00000023 1.45395994 -0.13100001
v 0.01619846 1.45292997 -0.13100001
v 0.11308999 0.02568233 -0.01580332
v -0.04804521 0.02521991 -0.01551127
v -0.06113708 0.02454179 -0.05920642
v 0.12129099 0.03404158 0.16419100
v 0.07184749 0.00000000 0.11426200
v 0.49288079 0.83216113 0.06751610
v 0.54680192 0.79490697 0.18095402
v 0.53387289 0.79495811 0.16922703
v -0.00000019 1.19686997 -0.06549996
v -0.00000019 1.17753994 0.06549996
v -0.00000019 1.17672992 0.04925882
v 0.01898628 1.19080997 -0.04899257
v 0.02068269 1.17796993 0.04902803
v -0.04425489 1.18867993 0.00001908
v 0.07137441 0.56143701 -0.07419151
v 0.03486305 0.56140101 -0.05178308
v -0.06180281 0.64040101 0.10501190
v 0.12105290 0.64039898 0.00002959
v 0.12105290 0.64039898 0.00002959
v -0.06180280 0.64039898 -0.09958858
v 0.06180249 0.64040101 0.10501191
v 0.10623990 0.64039999 0.07608425
v 0.09406018 1.11677003 -0.02679961
v 0.09583164 1.03224003 -0.07127630
v 0.09608334 1.02012002 -0.02535551
v -0.26218611 0.98844492 0.02021919
v 0.25066981 0.96127510 -0.06544797
v 0.24683081 0.95221812 -0.02849995
v 0.47367880 0.84630811 0.05316879
v -0.00000018 1.13738000 -0.05832165
v -0.04673731 0.22355591 -0.00620216
v -0.08428634 1.42228997 0.13100001
v -0.09788383 1.42284000 0.13100001
v -0.08554864 1.40706992 0.13100001
v -0.05273492 1.42515993 0.13100001
v -0.06906903 1.42355001 0.13100001
v -0.03558523 1.42670000 0.13100001
v -0.01749862 1.40848994 0.13100001
v -0.01731629 1.28573000 0.13100001
v -0.03486955 1.26801002 0.13100001
v -0.00000023 1.40868998 0.13100001
v 0.01792084 1.42771995 0.13100001
v 0.01731585 1.28573000 0.13100001
v -0.00000022 1.28564000 0.13100001
v 0.01749818 1.26750994 0.13100001
v 0.08428584 1.42228997 0.13100002
v 0.07048504 1.35549998 0.13100002
v 0.08971624 1.35591996 0.13100002
v -0.07918018 1.28293002 -0.13100002
v -0.06672798 1.28412998 -0.13100002
v -0.07634936 1.27182996 -0.13100002
v -0.08187860 1.38045001 -0.13100002
v -0.07918018 1.39306998 -0.13100002
v -0.06672798 1.39187002 -0.13100002
v -0.07918018 1.39306998 -0.13100002
v -0.01397859 1.26801991 -0.13100001
v -0.02775650 1.26881993 -0.13100001
v -0.01364879 1.28302002 -0.13100001
v -0.01350676 1.37876999 -0.13100001
v 0.01364846 1.28302002 -0.13100001
v 0.01397819 1.26801991 -0.13100001
v -0.00000020 1.28285992 -0.13100001
v 0.04045880 1.37845993 -0.13100001
v 0.04054857 1.39205992 -0.13100001
v 0.04054857 1.39205992 -0.13100001
v 0.02699775 1.37861001 -0.13100001
v 0.05371905 1.39171994 -0.13100001
v 0.06672758 1.39187002 -0.13100001
v -0.00000014 0.89859301 -0.09339427
v 0.05132895 1.46191990 -0.11294200
v -0.03471678 1.20843995 -0.11294200
v -0.01750767 1.20501995 -0.11294200
v -0.05132948 1.21407998 -0.11294200
v 0.13298171 1.35551000 -0.11294200
v 0.04107505 1.48148000 0.13100001
v 0.01619846 1.22307003 -0.13100001
v 0.10641180 1.41964996 -0.11294200
v -0.08165322 1.44440997 -0.11294201
v 0.03471625 1.46755993 -0.11294200
v 0.01750725 1.47097993 -0.11294200
v 0.08165277 1.23158991 -0.11294200
v -0.06046331 1.20085001 0.13100001
v -0.01619892 1.45292997 -0.13100001
v -0.10641220 1.25634992 -0.11294201
v 0.13714870 1.27753997 0.13100002
v -0.12392020 1.38932991 -0.11294201
v 0.12391971 1.28666997 -0.11294200
v -0.10935820 1.24933994 0.13100001
v -0.10051821 1.23747993 0.13100001
v -0.09788377 1.25316000 0.13100001
v -0.10497220 1.39241993 0.13100001
v -0.12229620 1.39534998 0.13100001
v -0.10782521 1.37489998 0.13100001
v -0.10051821 1.43851995 0.13100001
v -0.08483631 1.43587995 0.13100001
v 0.03896886 1.46500003 0.13100001
v 0.03690331 1.44582999 0.13100001
v 0.05735044 1.46029997 0.13100001
v 0.10497180 1.28357995 0.13100002
v 0.12229569 1.28065002 0.13100002
v 0.10782480 1.30110002 0.13100002
v 0.10051780 1.23747993 0.13100002
v -0.05735100 1.21569991 0.13100001
v -0.07372300 1.26427996 -0.13100002
v -0.06617236 1.26164997 -0.13100002
v -0.07840429 1.25959992 -0.13100002
v 0.02878458 1.25389993 -0.13100001
v 0.09906269 1.36839998 -0.13100001
v 0.08410334 1.36677992 -0.13100001
v 0.09539085 1.38273001 -0.13100001
v 0.07372255 1.41171992 -0.13100001
v 0.06617194 1.41434991 -0.13100001
v 0.07840384 1.41639996 -0.13100001
v -0.02878498 1.42209995 -0.13100001
v -0.00000019 1.20386994 -0.11294200
v -0.01537018 1.23667002 -0.13100001
v 0.01536972 1.43932998 -0.13100001
v 0.07758777 0.00000000 0.14009101
v 0.09140806 0.00000000 0.14635000
v -0.05563342 0.04829007 -0.05014026
v -0.00000019 1.18965995 -0.04922467
v -0.00000019 1.18965995 -0.04922467
v -0.00000000 0.63871700 0.09775197
v -0.00000015 0.97402400 -0.10000000
v 0.00000000 0.63870198 -0.08821690
v 0.09431928 1.10492003 -0.07086539
v -0.08428634 1.42228997 0.13100001
v -0.09788383 1.42284000 0.13100001
v -0.08869570 1.37358999 0.13100001
v -0.10782521 1.37489998 0.13100001
v -0.08971674 1.35591996 0.13100001
v -0.06906903 1.42355001 0.13100001
v -0.05273492 1.42515993 0.13100001
v -0.00000024 1.44827998 0.13100001
v 0.01863824 1.44762993 0.13100001
v 0.01863824 1.44762993 0.13100001
v 0.03558468 1.42670000 0.13100001
v 0.05442130 1.44296992 0.13100001
v 0.03461252 1.28592992 0.13100001
v 0.05187027 1.28612995 0.13100001
v 0.03461110 1.30339003 0.13100001
v 0.08428584 1.42228997 0.13100002
v 0.06906855 1.42355001 0.13100002
v -0.06574337 1.27225995 -0.13100002
v -0.06617236 1.26164997 -0.13100002
v -0.07634936 1.27182996 -0.13100002
v -0.08410382 1.36677992 -0.13100002
v -0.08187860 1.38045001 -0.13100002
v -0.06918268 1.36575997 -0.13100002
v -0.04076736 1.32448995 -0.13100001
v -0.04061507 1.36500001 -0.13100001
v -0.01453809 1.25248992 -0.13100001
v -0.02878498 1.25389993 -0.13100001
v -0.02699701 1.31100011 -0.13100001
v -0.01347534 1.32451999 -0.13100001
v -0.02699821 1.37861001 -0.13100001
v 0.01397819 1.26801991 -0.13100001
v 0.01453788 1.25248992 -0.13100001
v -0.00000020 1.26771998 -0.13100001
v -0.00000021 1.32451999 -0.13100001
v 0.01347417 1.36503994 -0.13100001
v 0.04045880 1.37845993 -0.13100001
v 0.02699668 1.36500001 -0.13100001
v 0.05506588 1.25881994 -0.13100001
v 0.05387337 1.27126992 -0.13100001
v 0.06617194 1.26164997 -0.13100001
v 0.06918228 1.36575997 -0.13100001
v 0.05406362 1.37854993 -0.13100001
v -0.12700421 1.29902995 0.13100001
v -0.12991211 1.31830001 0.13100001
v -0.14348111 1.29691994 0.13100001
v -0.09381503 1.45691001 0.13100001
v -0.10730120 1.44529998 0.13100001
v 0.06046294 1.47514999 0.13100001
v 0.10730080 1.23070002 0.13100002
v 0.08865909 1.22863996 0.13100002
v 0.10051780 1.23747993 0.13100002
v -0.04107541 1.19452000 0.13100001
v -0.03896922 1.21100008 0.13100001
v -0.06046331 1.20085001 0.13100001
v -0.09275101 1.41118002 -0.13100002
v -0.08369468 1.42168999 -0.13100002
v -0.08529961 1.40714991 -0.13100002
v -0.07840429 1.41639996 -0.13100002
v -0.08529961 1.40714991 -0.13100002
v -0.08369468 1.42168999 -0.13100002
v -0.09906309 1.36839998 -0.13100002
v -0.10133120 1.35336995 -0.13100002
v -0.11191520 1.37003994 -0.13100002
v 0.09275055 1.26481998 -0.13100001
v 0.08369428 1.25431001 -0.13100001
v 0.08529919 1.26884997 -0.13100001
v 0.07840390 1.25959992 -0.13100001
v 0.08529919 1.26884997 -0.13100001
v 0.08369428 1.25431001 -0.13100001
v 0.09906269 1.30760002 -0.13100001
v 0.10133081 1.32262993 -0.13100001
v 0.11191480 1.30595994 -0.13100001
v 0.07317538 1.43075001 -0.13100001
v 0.08369428 1.42168999 -0.13100001
v 0.06915402 1.42329991 -0.13100001
v -0.02076774 1.48535001 0.13100001
v -0.01970530 1.46790993 0.13100001
v -0.03896915 1.46500003 0.13100001
v -0.01970530 1.46790993 0.13100001
v -0.04107547 1.48148000 0.13100001
v 0.01970480 1.20808995 0.13100001
v 0.04107510 1.19452000 0.13100001
v -0.03039609 1.23894000 -0.13100001
v 0.03039557 1.43706000 -0.13100001
vt 0.27365699 0.19638199
vt 0.30316499 0.20051801
vt 0.27140298 0.23518300
vt 0.29099101 0.23678702
vt 0.84100699 0.87016302
vt 0.83994299 0.85802102
vt 0.88122100 0.86181301
vt 0.88032597 0.85477996
vt 0.85912597 0.92336601
vt 0.85407799 0.91415602
vt 0.89458901 0.90046901
vt 0.89174199 0.89433700
vt 0.56971300 0.69660097
vt 0.58610398 0.69974500
vt 0.56189001 0.73730499
vt 0.57755101 0.73179501
vt 0.50703996 0.69932097
vt 0.52727300 0.69762802
vt 0.51989102 0.73925197
vt 0.53383899 0.73729199
vt 0.57371098 0.74684995
vt 0.56030899 0.74381900
vt 0.35728499 0.53925997
vt 0.34524801 0.53802800
vt 0.35148299 0.50981700
vt 0.34286499 0.51105899
vt 0.34494600 0.61409402
vt 0.34152400 0.63322997
vt 0.33701199 0.61094803
vt 0.33330801 0.63138497
vt 0.16035691 0.77119100
vt 0.17016700 0.77555799
vt 0.15668200 0.80100298
vt 0.16533300 0.80208302
vt 0.16915700 0.87999898
vt 0.17299500 0.90154201
vt 0.16105691 0.88402200
vt 0.16518900 0.90481997
vt 0.89593798 0.29011798
vt 0.89443398 0.30000699
vt 0.88164097 0.28807801
vt 0.88017899 0.29769099
vt 0.90004301 0.25032496
vt 0.89930302 0.26030099
vt 0.88562995 0.24939394
vt 0.88491201 0.25909299
vt 0.89828402 0.21036899
vt 0.89821899 0.22031701
vt 0.88672799 0.21051401
vt 0.88666499 0.22023988
vt 0.72958100 0.60114497
vt 0.72206700 0.60774899
vt 0.71994299 0.59038997
vt 0.71263701 0.59680897
vt 0.75832897 0.57332700
vt 0.75134498 0.58048803
vt 0.74789101 0.56334800
vt 0.74110103 0.57030797
vt 0.78484398 0.54337996
vt 0.77843398 0.55105698
vt 0.77366501 0.53423703
vt 0.76743400 0.54170001
vt 0.80895799 0.51147401
vt 0.80316401 0.51962399
vt 0.79710501 0.50322598
vt 0.79147202 0.51114702
vt 0.83051598 0.47779202
vt 0.82537299 0.48636800
vt 0.81805801 0.47048998
vt 0.81305999 0.47882497
vt 0.84938502 0.44253600
vt 0.84492701 0.45148599
vt 0.83639699 0.43622500
vt 0.83206499 0.44492400
vt 0.86544299 0.40591204
vt 0.86169797 0.41518402
vt 0.85200298 0.40063101
vt 0.84836298 0.40964198
vt 0.87859797 0.36814702
vt 0.87558502 0.37768304
vt 0.86478800 0.36392599
vt 0.86185998 0.37319398
vt 0.88877898 0.32947099
vt 0.88651502 0.33921301
vt 0.87468302 0.32633197
vt 0.87248302 0.33580101
vt 0.96060902 0.29934901
vt 0.95891500 0.31048501
vt 0.95026201 0.29787302
vt 0.94859803 0.30880904
vt 0.96523398 0.25454497
vt 0.96439898 0.26577699
vt 0.95480698 0.25386798
vt 0.95398599 0.26489997
vt 0.96656799 0.20950902
vt 0.96646702 0.22077703
vt 0.95610398 0.20964193
vt 0.95601100 0.22070599
vt 0.77318501 0.64979100
vt 0.76472598 0.65722799
vt 0.76620901 0.64200997
vt 0.75790101 0.64931500
vt 0.80555201 0.61846697
vt 0.79768699 0.62652999
vt 0.79799700 0.61124402
vt 0.79027301 0.61916298
vt 0.83541697 0.58473700
vt 0.82819599 0.59338498
vt 0.82732803 0.57811999
vt 0.82023603 0.58661300
vt 0.86258298 0.54878598
vt 0.85605401 0.55796999
vt 0.85400403 0.54281497
vt 0.84759301 0.55183399
vt 0.88687998 0.51082802
vt 0.88108301 0.52049398
vt 0.87786299 0.50554198
vt 0.87217098 0.51503301
vt 0.90814400 0.47108501
vt 0.90311897 0.48117399
vt 0.89874202 0.46651697
vt 0.89380902 0.47642398
vt 0.92624497 0.42980701
vt 0.92202199 0.44025600
vt 0.91651601 0.42598403
vt 0.91236997 0.43624496
vt 0.94107199 0.38724804
vt 0.93767601 0.39799297
vt 0.93107498 0.38419300
vt 0.92774099 0.39474404
vt 0.95254701 0.34367299
vt 0.94999599 0.35464704
vt 0.94234598 0.34140199
vt 0.93983996 0.35217899
vt 0.85812199 0.46988499
vt 0.85312802 0.47899902
vt 0.84029502 0.46034801
vt 0.83549100 0.46911800
vt 0.92316198 0.35922301
vt 0.92031401 0.36962497
vt 0.90361297 0.35406601
vt 0.90086901 0.36408997
vt 0.84795898 0.48801500
vt 0.84261400 0.49692798
vt 0.89793098 0.37405896
vt 0.89479995 0.38396901
vt 0.83709699 0.50573599
vt 0.83140999 0.51443398
vt 0.82006502 0.49484199
vt 0.81459302 0.50321198
vt 0.91056597 0.40047401
vt 0.90691900 0.41062498
vt 0.89147699 0.39381599
vt 0.88796300 0.40359700
vt 0.82555401 0.52301997
vt 0.81953198 0.53149098
vt 0.88425899 0.41330701
vt 0.88036603 0.42294300
vt 0.87628502 0.43250203
vt 0.87201899 0.44197899
vt 0.85777199 0.42438102
vt 0.85366797 0.43349898
vt 0.90851402 0.33386701
vt 0.90616101 0.34398997
vt 0.89815402 0.23026597
vt 0.92126101 0.23086703
vt 0.90059102 0.24033600
vt 0.92078996 0.24125099
vt 0.32112300 0.33436799
vt 0.30228400 0.32684201
vt 0.32450101 0.32609600
vt 0.30521101 0.31920099
vt 0.23436899 0.31681800
vt 0.23310891 0.31086200
vt 0.24965900 0.31591600
vt 0.24965900 0.31015599
vt 0.16577099 0.34051698
vt 0.16185500 0.33293498
vt 0.17819700 0.33435601
vt 0.17482100 0.32608300
vt 0.33050600 0.31631303
vt 0.32718700 0.32071501
vt 0.30998501 0.30897999
vt 0.30754101 0.31389201
vt 0.23144300 0.30167699
vt 0.24966000 0.30137002
vt 0.23212990 0.30635798
vt 0.24965900 0.30581099
vt 0.16881791 0.31629896
vt 0.17213491 0.32070100
vt 0.15503900 0.32493901
vt 0.15883701 0.32830799
vt 0.18631300 0.47120899
vt 0.16777191 0.46617299
vt 0.18903491 0.44357896
vt 0.17068800 0.43485403
vt 0.23038600 0.61119199
vt 0.23227900 0.63342398
vt 0.21149400 0.61281800
vt 0.21480100 0.63549298
vt 0.18489701 0.52079201
vt 0.16607399 0.52044797
vt 0.18459800 0.49741995
vt 0.16588999 0.49540198
vt 0.20516691 0.56623101
vt 0.22533800 0.56540400
vt 0.20825900 0.58983397
vt 0.22817799 0.58862901
vt 0.32405201 0.80984902
vt 0.32428199 0.78699899
vt 0.34315300 0.80960798
vt 0.34341300 0.78534901
vt 0.32108700 0.85675597
vt 0.31262299 0.85538399
vt 0.32256401 0.83212602
vt 0.31437701 0.83151001
vt 0.08646899 0.58826900
vt 0.08856165 0.62694198
vt 0.06928008 0.59164798
vt 0.07133340 0.63264400
vt 0.06148010 0.48437798
vt 0.06837338 0.48525703
vt 0.06139755 0.51768500
vt 0.06817018 0.51807600
vt 0.41914800 0.73212999
vt 0.41432199 0.68514401
vt 0.43560901 0.72704297
vt 0.43041301 0.67692399
vt 0.44688499 0.80368900
vt 0.44637600 0.83610898
vt 0.44012100 0.80419898
vt 0.43982601 0.83611101
vt 0.12957500 0.61353898
vt 0.12722591 0.58045399
vt 0.17136200 0.59990501
vt 0.16872300 0.57245398
vt 0.34083900 0.75590199
vt 0.33684900 0.72385997
vt 0.38039300 0.74407202
vt 0.37597400 0.70442301
vt 0.37523499 0.92738801
vt 0.36833799 0.95081902
vt 0.33377400 0.91216999
vt 0.32790399 0.93492502
vt 0.38254899 0.83440399
vt 0.34166700 0.83312398
vt 0.38352600 0.80748999
vt 0.05383360 0.54966998
vt 0.04413706 0.54897702
vt 0.05225819 0.51678300
vt 0.04193556 0.51562703
vt 0.05517643 0.43691897
vt 0.06460857 0.43908101
vt 0.05194103 0.48311996
vt 0.07303088 0.69728297
vt 0.06371229 0.67008901
vt 0.08007490 0.69056100
vt 0.07146906 0.66548300
vt 0.45367801 0.92324996
vt 0.46300599 0.92594200
vt 0.44726300 0.95610100
vt 0.45592400 0.96138299
vt 0.08266770 0.05252218
vt 0.12999500 0.04370201
vt 0.08594316 0.06836718
vt 0.13256700 0.05959737
vt 0.41665700 0.05252403
vt 0.45262101 0.06141895
vt 0.41338101 0.06836939
vt 0.44875699 0.07712477
vt 0.20565191 0.26945901
vt 0.20833300 0.23677993
vt 0.22966699 0.26613700
vt 0.22792099 0.23517901
vt 0.21633300 0.03364104
vt 0.17808300 0.03679544
vt 0.21581100 0.02538300
vt 0.17710200 0.02855057
vt 0.61030602 0.41015303
vt 0.61031401 0.42816901
vt 0.58436900 0.41340101
vt 0.58472300 0.43121397
vt 0.51426399 0.44779897
vt 0.48576400 0.44775200
vt 0.51368898 0.43302596
vt 0.48470801 0.43325996
vt 0.58285803 0.86408699
vt 0.57561398 0.88607800
vt 0.56617397 0.86376995
vt 0.55778998 0.88575399
vt 0.65827399 0.43670797
vt 0.63602197 0.42983603
vt 0.65884900 0.42039001
vt 0.63642699 0.41237700
vt 0.56433702 0.56701201
vt 0.54343301 0.56617397
vt 0.56443799 0.55308402
vt 0.54233098 0.55230099
vt 0.69303697 0.81980699
vt 0.70692801 0.82236099
vt 0.69671500 0.84354502
vt 0.71058100 0.84456700
vt 0.65735698 0.91119200
vt 0.65979201 0.88729900
vt 0.67666900 0.91126400
vt 0.67943901 0.88788897
vt 0.54167497 0.51806599
vt 0.54160297 0.53581202
vt 0.51692498 0.51704198
vt 0.51710302 0.53378999
vt 0.65613401 0.93487602
vt 0.67462999 0.93421000
vt 0.65783501 0.95623499
vt 0.67561197 0.95517397
vt 0.60908502 0.54729098
vt 0.60687202 0.56185800
vt 0.58631200 0.55132699
vt 0.58513600 0.56545800
vt 0.65523398 0.51313502
vt 0.67544198 0.51616502
vt 0.65439802 0.53096998
vt 0.67433697 0.53334802
vt 0.66172498 0.86531299
vt 0.66248101 0.84299499
vt 0.68065000 0.86563599
vt 0.68023199 0.84291101
vt 0.61013299 0.47029799
vt 0.63492996 0.47051501
vt 0.54065400 0.44549203
vt 0.54122198 0.48138601
vt 0.51566100 0.48209101
vt 0.62191802 0.86469901
vt 0.61739898 0.88664502
vt 0.65679801 0.47466898
vt 0.52749997 0.62861300
vt 0.52722800 0.61623299
vt 0.54513103 0.62765902
vt 0.54534799 0.61587298
vt 0.56129599 0.64292300
vt 0.54394001 0.64357501
vt 0.56185299 0.63771099
vt 0.54415399 0.63812500
vt 0.78328198 0.82608300
vt 0.78880501 0.82457501
vt 0.78248101 0.84515601
vt 0.78790998 0.84493297
vt 0.76027000 0.84637302
vt 0.77204400 0.84613901
vt 0.76041996 0.86436802
vt 0.77200198 0.86387497
vt 0.63475996 0.62459803
vt 0.65143299 0.62784797
vt 0.63248199 0.63862997
vt 0.64876801 0.64178598
vt 0.80034202 0.93436301
vt 0.80475098 0.94941199
vt 0.79404902 0.93394899
vt 0.79772401 0.94975400
vt 0.59803498 0.64168501
vt 0.59777099 0.64692199
vt 0.57942200 0.63859600
vt 0.57836300 0.64365500
vt 0.77620399 0.89941400
vt 0.76334798 0.90066999
vt 0.77325100 0.88164401
vt 0.76134497 0.88240099
vt 0.79330999 0.86178201
vt 0.79400700 0.87820297
vt 0.78740799 0.86231601
vt 0.78828299 0.87937599
vt 0.80802900 0.93429101
vt 0.81372100 0.94808400
vt 0.63337600 0.66347802
vt 0.61746502 0.65803498
vt 0.63341397 0.65579802
vt 0.61697000 0.65140897
vt 0.56077200 0.64883298
vt 0.54386503 0.64984798
vt 0.73761100 0.94215202
vt 0.76914996 0.93572599
vt 0.74123001 0.96002996
vt 0.77240801 0.95239300
vt 0.73516899 0.90411800
vt 0.73519099 0.92370397
vt 0.70641601 0.90788502
vt 0.70388401 0.92917800
vt 0.58317798 0.59148598
vt 0.58136499 0.61676800
vt 0.56389397 0.59186000
vt 0.56332701 0.61592698
vt 0.62276697 0.59064299
vt 0.61764902 0.62151498
vt 0.60310602 0.59060001
vt 0.59966099 0.61876798
vt 0.20921201 0.28924501
vt 0.18216300 0.29542196
vt 0.20773099 0.28205699
vt 0.17783400 0.28857696
vt 0.31715998 0.29543501
vt 0.32148999 0.28858995
vt 0.34246099 0.30506504
vt 0.35000598 0.29893196
vt 0.26851901 0.28795397
vt 0.26883799 0.28100097
vt 0.29010901 0.28925401
vt 0.29159099 0.28206599
vt 0.24966000 0.28852296
vt 0.23080100 0.28794897
vt 0.24966000 0.28183103
vt 0.23048200 0.28099597
vt 0.36860698 0.31145298
vt 0.38225201 0.32506502
vt 0.35879800 0.31671298
vt 0.37065500 0.32937098
vt 0.13071999 0.31143701
vt 0.14932100 0.29891598
vt 0.14052700 0.31669796
vt 0.15686400 0.30505002
vt 0.31573200 0.80932099
vt 0.30770499 0.80913198
vt 0.31577101 0.78670996
vt 0.30765998 0.78648698
vt 0.30623999 0.83137602
vt 0.30402601 0.85476601
vt 0.26852399 0.56371099
vt 0.27010998 0.58682197
vt 0.22049201 0.51977903
vt 0.26420501 0.51743400
vt 0.22254901 0.54222000
vt 0.26637101 0.54030001
vt 0.26262099 0.49446601
vt 0.26220998 0.47075099
vt 0.30504501 0.49155700
vt 0.30242500 0.46830201
vt 0.27048299 0.63018602
vt 0.27057701 0.60878998
vt 0.30798098 0.62766802
vt 0.30991200 0.60700798
vt 0.19226100 0.73369998
vt 0.20717700 0.73534203
vt 0.18811300 0.75662899
vt 0.20501600 0.75860000
vt 0.17752200 0.77794498
vt 0.18431690 0.77995801
vt 0.17365600 0.80315799
vt 0.18122700 0.80408698
vt 0.17943791 0.82858801
vt 0.17954500 0.85303199
vt 0.17184700 0.82882702
vt 0.17277999 0.85405701
vt 0.18370999 0.89778900
vt 0.18111300 0.87642902
vt 0.20002900 0.89730698
vt 0.19843900 0.87587202
vt 0.13662200 0.77805400
vt 0.13462900 0.79786199
vt 0.11375000 0.77704996
vt 0.11115600 0.79300797
vt 0.39683199 0.50102103
vt 0.41917399 0.49571896
vt 0.40311599 0.51622099
vt 0.41821900 0.50736201
vt 0.55346698 0.26400501
vt 0.57276201 0.26319504
vt 0.55521202 0.28166199
vt 0.57323998 0.28144801
vt 0.55029202 0.20700002
vt 0.55070502 0.18762702
vt 0.57127202 0.20699900
vt 0.57149398 0.18808293
vt 0.57127202 0.20699900
vt 0.55070502 0.18762702
vt 0.57302201 0.11452001
vt 0.57323700 0.13254899
vt 0.55657202 0.11588597
vt 0.55520803 0.13233602
vt 0.59161699 0.26307100
vt 0.61027199 0.26328701
vt 0.59149200 0.28192496
vt 0.60999501 0.28265399
vt 0.59149200 0.28192496
vt 0.61027199 0.26328701
vt 0.59108502 0.20699900
vt 0.59118903 0.18827999
vt 0.61017901 0.20699900
vt 0.61021996 0.18832397
vt 0.60921901 0.11111701
vt 0.60999298 0.13134193
vt 0.59068000 0.11277497
vt 0.59148997 0.13207102
vt 0.64768797 0.28341603
vt 0.62877297 0.28319299
vt 0.64768898 0.26360297
vt 0.62896997 0.26349801
vt 0.64768898 0.18831098
vt 0.64768898 0.20699799
vt 0.62901402 0.18832302
vt 0.62900198 0.20699799
vt 0.64768797 0.10959899
vt 0.64768898 0.13058001
vt 0.62831497 0.11001301
vt 0.62877202 0.13080204
vt 0.66660398 0.28319401
vt 0.66640800 0.26349902
vt 0.68538201 0.28265601
vt 0.68510598 0.26328802
vt 0.66636503 0.18832302
vt 0.68515903 0.18832397
vt 0.66637701 0.20699799
vt 0.68519998 0.20699900
vt 0.66706198 0.11001098
vt 0.68615699 0.11111498
vt 0.66660500 0.13080096
vt 0.68538398 0.13134003
vt 0.66660500 0.13080096
vt 0.68615699 0.11111498
vt 0.70376199 0.26307297
vt 0.72261697 0.26319802
vt 0.70388502 0.28192800
vt 0.72213900 0.28145099
vt 0.70388502 0.28192800
vt 0.72261697 0.26319802
vt 0.72410899 0.20699900
vt 0.70429403 0.20699900
vt 0.72388703 0.18808293
vt 0.70418996 0.18827903
vt 0.70469701 0.11277199
vt 0.72235501 0.11451602
vt 0.70388800 0.13206798
vt 0.72214198 0.13254601
vt 0.76116598 0.26583302
vt 0.75742501 0.28331900
vt 0.74191302 0.26400799
vt 0.74016702 0.28166604
vt 0.76690400 0.20700002
vt 0.74509001 0.20700002
vt 0.76620901 0.18685102
vt 0.74467701 0.18762600
vt 0.73880702 0.11588097
vt 0.75350702 0.11528599
vt 0.74017102 0.13233197
vt 0.75742996 0.13067901
vt 0.74017102 0.13233197
vt 0.75350702 0.11528599
vt 0.87708598 0.05351150
vt 0.87746799 0.06262231
vt 0.86874902 0.05433500
vt 0.86884898 0.06284767
vt 0.86874902 0.05433500
vt 0.87746799 0.06262231
vt 0.90400302 0.05201334
vt 0.91314995 0.05220878
vt 0.90400201 0.06191945
vt 0.91293401 0.06202447
vt 0.94766700 0.06274825
vt 0.93915397 0.06284910
vt 0.94702202 0.05498135
vt 0.93925601 0.05433691
vt 0.87752700 0.07152510
vt 0.87742501 0.08033389
vt 0.86862397 0.07146627
vt 0.86827999 0.08020276
vt 0.86862397 0.07146627
vt 0.87742501 0.08033389
vt 0.90400201 0.07127458
vt 0.91284102 0.07132399
vt 0.90400201 0.08029008
vt 0.91281998 0.08030951
vt 0.94927299 0.07983828
vt 0.93972397 0.08020347
vt 0.94848996 0.07108516
vt 0.93937999 0.07146728
vt 0.86791998 0.09800088
vt 0.86802500 0.08906937
vt 0.87727600 0.09800088
vt 0.87732500 0.08916241
vt 0.91282499 0.09800076
vt 0.90400201 0.09800076
vt 0.91281998 0.08918309
vt 0.90400201 0.08917749
vt 0.94998902 0.09800076
vt 0.94008303 0.09800076
vt 0.94979399 0.08885396
vt 0.93997800 0.08906960
vt 0.94979399 0.08885396
vt 0.94008303 0.09800076
vt 0.86802500 0.10693198
vt 0.87732500 0.10683900
vt 0.86827999 0.11579901
vt 0.87742501 0.11566788
vt 0.91281998 0.10681897
vt 0.91281998 0.11569202
vt 0.90400201 0.10682398
vt 0.90400201 0.11571097
vt 0.94979399 0.10714799
vt 0.94927299 0.11616302
vt 0.93997800 0.10693198
vt 0.93972397 0.11579788
vt 0.93997800 0.10693198
vt 0.94927299 0.11616302
vt 0.87752700 0.12447602
vt 0.87746799 0.13337898
vt 0.86862397 0.12453502
vt 0.86884999 0.13315403
vt 0.90400302 0.13408202
vt 0.90400201 0.12472701
vt 0.91293401 0.13397694
vt 0.91284102 0.12467700
vt 0.94848996 0.12491703
vt 0.94766700 0.13325298
vt 0.93937999 0.12453401
vt 0.93915397 0.13315201
vt 0.87622601 0.15157998
vt 0.86796898 0.14981496
vt 0.87708598 0.14249003
vt 0.86874902 0.14166594
vt 0.87708598 0.14249003
vt 0.86796898 0.14981496
vt 0.90400302 0.15428698
vt 0.90400302 0.14398801
vt 0.91351599 0.15395796
vt 0.91314995 0.14379203
vt 0.91351599 0.15395796
vt 0.90400302 0.14398801
vt 0.94702202 0.14101988
vt 0.94730300 0.14796001
vt 0.93925500 0.14166498
vt 0.94003600 0.14981294
vt 0.36635500 0.26390803
vt 0.36690000 0.24638098
vt 0.37242201 0.25958401
vt 0.37236801 0.23580897
vt 0.35407200 0.27849799
vt 0.35593900 0.27927804
vt 0.33569601 0.27973199
vt 0.33086500 0.28080100
vt 0.14338990 0.27926302
vt 0.13841400 0.28723896
vt 0.12690599 0.25957096
vt 0.11744400 0.25931704
vt 0.12695900 0.23579901
vt 0.11220000 0.21989298
vt 0.15149590 0.22203201
vt 0.15195499 0.20156801
vt 0.40677199 0.09957319
vt 0.39918801 0.13875103
vt 0.36166501 0.09085381
vt 0.35568699 0.12979901
vt 0.13766000 0.09085089
vt 0.18322600 0.08393729
vt 0.14363900 0.12979501
vt 0.18739000 0.12265998
vt 0.44108501 0.10806602
vt 0.47000101 0.11644602
vt 0.43210000 0.14723802
vt 0.45971599 0.15549088
vt 0.09255290 0.09957039
vt 0.10013700 0.13874698
vt 0.05823951 0.10806400
vt 0.06722557 0.14723396
vt 0.31610000 0.08393967
vt 0.31193599 0.12266302
vt 0.28041300 0.08086318
vt 0.27827701 0.11962903
vt 0.21891400 0.08086181
vt 0.24966291 0.08028388
vt 0.22104999 0.11962688
vt 0.24966291 0.11913598
vt 0.96000499 0.39302802
vt 0.95649803 0.40414202
vt 0.95514101 0.39154500
vt 0.95166302 0.40256399
vt 0.98286301 0.11970103
vt 0.97930998 0.13000298
vt 0.97723502 0.11896503
vt 0.97400302 0.12886101
vt 0.98020601 0.30214101
vt 0.97845203 0.31365502
vt 0.97517198 0.30142403
vt 0.97343302 0.31284100
vt 0.75401497 0.34401399
vt 0.74909997 0.33554602
vt 0.77028400 0.32960200
vt 0.76367903 0.32299602
vt 0.82224798 0.09800136
vt 0.82297897 0.08704090
vt 0.82812101 0.09800130
vt 0.82879299 0.08740085
vt 0.82513797 0.07629967
vt 0.82869101 0.06599700
vt 0.83076602 0.07703507
vt 0.83399802 0.06713891
vt 0.80344200 0.64866501
vt 0.79499501 0.65667701
vt 0.79990399 0.64501101
vt 0.79152900 0.65295702
vt 0.91496402 0.17901999
vt 0.91460299 0.17320698
vt 0.92570400 0.17686099
vt 0.92496800 0.17123294
vt 0.92594701 0.47973502
vt 0.92074996 0.49017000
vt 0.92137301 0.47751403
vt 0.91622102 0.48785996
vt 0.47609600 0.23021388
vt 0.48840800 0.22945100
vt 0.48066899 0.25296104
vt 0.49258801 0.25140297
vt 0.95277297 0.41518599
vt 0.94882900 0.42615497
vt 0.94796997 0.41351402
vt 0.94405997 0.42438900
vt 0.85072798 0.59726399
vt 0.84326500 0.60620701
vt 0.84679401 0.59404498
vt 0.83939302 0.60291302
vt 0.67478502 0.59534502
vt 0.67167699 0.59128702
vt 0.68201500 0.58958501
vt 0.67882997 0.58558702
vt 0.79706502 0.29509997
vt 0.78469801 0.31333500
vt 0.78693098 0.29161000
vt 0.77623200 0.30841899
vt 0.78639799 0.66452301
vt 0.77765602 0.67220199
vt 0.78300202 0.66073900
vt 0.77433097 0.66835701
vt 0.94467098 0.43704402
vt 0.94030201 0.44785100
vt 0.93993801 0.43518603
vt 0.93560702 0.44590104
vt 0.64768499 0.03384995
vt 0.67089897 0.03539652
vt 0.64768600 0.04628730
vt 0.67013699 0.04770958
vt 0.97453099 0.13959402
vt 0.96869302 0.14820397
vt 0.96974599 0.13794696
vt 0.96469498 0.14588398
vt 0.85017902 0.32088000
vt 0.84518999 0.31977099
vt 0.85209399 0.31184500
vt 0.84708500 0.31083298
vt 0.97647601 0.32513297
vt 0.97427702 0.33657199
vt 0.97147501 0.32422304
vt 0.96929401 0.33556497
vt 0.97930998 0.06599921
vt 0.97400302 0.06714088
vt 0.97453099 0.05640757
vt 0.96974599 0.05805486
vt 0.87882996 0.56009603
vt 0.87207597 0.56959301
vt 0.87465698 0.55719101
vt 0.86795998 0.56660700
vt 0.98640698 0.20934701
vt 0.98627299 0.22096694
vt 0.98131502 0.20932698
vt 0.98118901 0.22088397
vt 0.82869202 0.13000602
vt 0.83399898 0.12886399
vt 0.83347201 0.13959801
vt 0.83825701 0.13795000
vt 0.95420700 0.16269088
vt 0.95188600 0.15869302
vt 0.96188700 0.15588498
vt 0.95876902 0.15276700
vt 0.90400398 0.17975098
vt 0.89304399 0.17902100
vt 0.90400398 0.17387903
vt 0.89340401 0.17320788
vt 0.96869302 0.04779774
vt 0.96469498 0.05011833
vt 0.96188802 0.04011673
vt 0.95876902 0.04323518
vt 0.84582502 0.33882797
vt 0.84088302 0.33752704
vt 0.84808898 0.32987601
vt 0.84312302 0.32867002
vt 0.86513901 0.57895601
vt 0.85802102 0.58818001
vt 0.86108202 0.57589102
vt 0.85402501 0.58503699
vt 0.98575199 0.09800076
vt 0.98502100 0.10895997
vt 0.97987998 0.09800076
vt 0.97920799 0.10860002
vt 0.83931100 0.14820802
vt 0.84330899 0.14588702
vt 0.84611702 0.15588903
vt 0.84923500 0.15276998
vt 0.98604000 0.23258698
vt 0.98560899 0.24421000
vt 0.98096299 0.23243403
vt 0.98053497 0.24397302
vt 0.87200004 0.02268970
vt 0.87314200 0.02799684
vt 0.86240798 0.02746910
vt 0.86405498 0.03225440
vt 0.94559801 0.02747297
vt 0.95420700 0.03331131
vt 0.94395000 0.03225785
vt 0.95188600 0.03730899
vt 0.81381899 0.42525399
vt 0.80922300 0.42302001
vt 0.81777102 0.41691399
vt 0.81313199 0.41477096
vt 0.86240900 0.16853201
vt 0.85379899 0.16269398
vt 0.86405599 0.16374701
vt 0.85611898 0.15869594
vt 0.98497099 0.25582701
vt 0.98411798 0.26743400
vt 0.97990102 0.25549799
vt 0.97905302 0.26700997
vt 0.85379702 0.03330737
vt 0.85611802 0.03730536
vt 0.84611601 0.04011285
vt 0.84923398 0.04323161
vt 0.83563101 0.61500502
vt 0.82782799 0.62365198
vt 0.83182299 0.61163700
vt 0.82408500 0.62021101
vt 0.93600500 0.17330801
vt 0.93486398 0.16800094
vt 0.94559699 0.16852903
vt 0.94394898 0.16374397
vt 0.92570502 0.01913953
vt 0.93600601 0.02269304
vt 0.92496902 0.02476740
vt 0.93486398 0.02799970
vt 0.96636999 0.37061000
vt 0.96329600 0.38184899
vt 0.96145302 0.36931700
vt 0.95840502 0.38046098
vt 0.88230401 0.17686301
vt 0.87200099 0.17331088
vt 0.88303900 0.17123497
vt 0.87314302 0.16800404
vt 0.98304302 0.27902603
vt 0.98173702 0.29059601
vt 0.97798502 0.27850401
vt 0.97668999 0.28997701
vt 0.91534996 0.50050098
vt 0.90974802 0.51072299
vt 0.91086698 0.49810302
vt 0.90531301 0.50823802
vt 0.64768499 0.38013995
vt 0.62447399 0.37859100
vt 0.64768600 0.36770296
vt 0.62523699 0.36627901
vt 0.83347100 0.05640459
vt 0.83930999 0.04779416
vt 0.83825600 0.05805218
vt 0.84330797 0.05011511
vt 0.81985897 0.63214701
vt 0.81172997 0.64048600
vt 0.81618398 0.62863302
vt 0.80812299 0.63690197
vt 0.96511996 0.32306504
vt 0.96705699 0.31180596
vt 0.97155702 0.27784002
vt 0.97261697 0.26646900
vt 0.76551902 0.67581898
vt 0.76139301 0.67085302
vt 0.77011198 0.66347098
vt 0.79540801 0.64036798
vt 0.80353898 0.63234597
vt 0.82698601 0.60735703
vt 0.83447599 0.59872901
vt 0.85592902 0.57199699
vt 0.86273098 0.56281298
vt 0.88749397 0.53797400
vt 0.88204998 0.53449100
vt 0.89362502 0.52817798
vt 0.88811702 0.52480298
vt 0.93106800 0.45652997
vt 0.92515200 0.45393598
vt 0.92964101 0.44342196
vt 0.94186598 0.41138697
vt 0.94551998 0.40055704
vt 0.95520699 0.36767197
vt 0.96428299 0.35811603
vt 0.95800799 0.35659397
vt 0.51548398 0.14500499
vt 0.51039600 0.16487598
vt 0.49942800 0.14164102
vt 0.49258399 0.16259998
vt 0.51039898 0.24912602
vt 0.50725502 0.22830200
vt 0.51914799 0.30841100
vt 0.52947402 0.30283797
vt 0.53169799 0.32298899
vt 0.53903002 0.31565702
vt 0.58232701 0.35525399
vt 0.56308401 0.34623700
vt 0.58569199 0.33919901
vt 0.56753498 0.33267200
vt 0.58569199 0.33919901
vt 0.56308401 0.34623700
vt 0.74909997 0.33554602
vt 0.74352801 0.32521904
vt 0.76367903 0.32299602
vt 0.75634801 0.31566399
vt 0.74352801 0.32521904
vt 0.77989399 0.26900005
vt 0.78498399 0.24912894
vt 0.79595000 0.27236599
vt 0.80279702 0.25140703
vt 0.78498799 0.16487199
vt 0.80280101 0.16259599
vt 0.78813100 0.18569803
vt 0.80697995 0.18454999
vt 0.78813100 0.18569803
vt 0.80280101 0.16259599
vt 0.77623898 0.10557902
vt 0.76591200 0.11115301
vt 0.76368701 0.09099996
vt 0.75635397 0.09833270
vt 0.71305102 0.05873263
vt 0.73229599 0.06775039
vt 0.70968699 0.07478976
vt 0.72784603 0.08131689
vt 0.54627001 0.07845557
vt 0.55184400 0.08878231
vt 0.53169203 0.09100759
vt 0.53902400 0.09833926
vt 0.86825901 0.30540097
vt 0.86017299 0.30392700
vt 0.86987197 0.29601699
vt 0.86175901 0.29470098
vt 0.87362099 0.26770103
vt 0.86544502 0.26685703
vt 0.87450600 0.25821900
vt 0.86631501 0.25753301
vt 0.69854498 0.59504598
vt 0.69329900 0.58871698
vt 0.70581901 0.58889800
vt 0.70045298 0.58267099
vt 0.72691399 0.56963402
vt 0.72119802 0.56372797
vt 0.73369402 0.56294698
vt 0.72786498 0.55715197
vt 0.75323999 0.54212201
vt 0.74708402 0.53667498
vt 0.75948101 0.53493398
vt 0.75322199 0.52960700
vt 0.77735400 0.51266599
vt 0.77079600 0.50771201
vt 0.78301901 0.50501800
vt 0.77636600 0.50019199
vt 0.79910499 0.48143399
vt 0.79218298 0.47700500
vt 0.80415797 0.47336996
vt 0.79714996 0.46907604
vt 0.83498597 0.41438699
vt 0.82745898 0.41108596
vt 0.83872199 0.40563601
vt 0.83113199 0.40248203
vt 0.84889299 0.37896597
vt 0.84113199 0.37626100
vt 0.85193598 0.36994898
vt 0.84412301 0.36739504
vt 0.86000299 0.34256399
vt 0.85205501 0.34046900
vt 0.86233699 0.33333600
vt 0.85434902 0.33139598
vt 0.93327498 0.03558069
vt 0.92389297 0.03317755
vt 0.88411301 0.03317583
vt 0.88303798 0.02476525
vt 0.89394599 0.03169191
vt 0.89340401 0.02279264
vt 0.89394599 0.03169191
vt 0.88303798 0.02476525
vt 0.85611802 0.03730536
vt 0.85874897 0.04218167
vt 0.84923398 0.04323161
vt 0.85269600 0.04669380
vt 0.84923398 0.04323161
vt 0.85874897 0.04218167
vt 0.84157997 0.06872755
vt 0.83917701 0.07811016
vt 0.84818500 0.14325488
vt 0.85269701 0.14930797
vt 0.87473100 0.16042298
vt 0.88411301 0.16282499
vt 0.92389297 0.16282302
vt 0.92496800 0.17123294
vt 0.91406101 0.16430801
vt 0.91406101 0.16430801
vt 0.95188600 0.15869302
vt 0.94925499 0.15381694
vt 0.95876902 0.15276700
vt 0.95530701 0.14930499
vt 0.95876902 0.15276700
vt 0.94925499 0.15381694
vt 0.96642202 0.12727201
vt 0.96882498 0.11789000
vt 0.95981902 0.05274957
vt 0.95530701 0.04669690
vt 0.95876902 0.04323518
vt 0.95981902 0.05274957
vt 0.74755800 0.69036996
vt 0.74361497 0.68523598
vt 0.75657201 0.68313199
vt 0.75253803 0.67808300
vt 0.91556299 0.47469103
vt 0.92632300 0.46706903
vt 0.92045897 0.46436000
vt 0.68981200 0.34429097
vt 0.69208801 0.36210299
vt 0.66898698 0.34743398
vt 0.67013502 0.36628103
vt 0.66898698 0.34743398
vt 0.69208801 0.36210299
vt 0.60555899 0.06970459
vt 0.60328197 0.05189180
vt 0.62638402 0.06655991
vt 0.62523502 0.04771149
vt 0.62638402 0.06655991
vt 0.60328197 0.05189180
vt 0.68370301 0.60698903
vt 0.67870402 0.60046101
vt 0.69115299 0.60105300
vt 0.68602997 0.59462398
vt 0.82700598 0.43166101
vt 0.81961399 0.42806900
vt 0.83108097 0.42306304
vt 0.82361901 0.41961598
vt 0.83917701 0.11789203
vt 0.83076698 0.11896688
vt 0.83769298 0.10805899
vt 0.82879299 0.10860199
vt 0.83769298 0.10805899
vt 0.83076698 0.11896688
vt 0.96882498 0.07811129
vt 0.97723502 0.07703626
vt 0.97030902 0.08794349
vt 0.97920799 0.08740121
vt 0.97030902 0.08794349
vt 0.97723502 0.07703626
vt 0.10170500 0.89554101
vt 0.11221500 0.90560597
vt 0.09960997 0.90064597
vt 0.11611600 0.91296601
vt 0.13178299 0.87507498
vt 0.13879900 0.89839101
vt 0.12442600 0.87979698
vt 0.13172700 0.90228498
vt 0.09301400 0.86092198
vt 0.08556675 0.85226202
vt 0.09891110 0.85627502
vt 0.09096497 0.84769303
vt 0.04874950 0.82588500
vt 0.05558747 0.83297098
vt 0.04578739 0.83778602
vt 0.05309712 0.84002203
vt 0.43500099 0.58387899
vt 0.42937499 0.57935798
vt 0.44176000 0.57515901
vt 0.43649900 0.57082897
vt 0.06750708 0.86787403
vt 0.05501163 0.85337698
vt 0.07263159 0.86345202
vt 0.06084328 0.85040498
vt 0.38071299 0.46253502
vt 0.38477400 0.45595998
vt 0.40133598 0.46723199
vt 0.40527499 0.46161801
vt 0.37681699 0.62472898
vt 0.36877799 0.62275600
vt 0.37813801 0.61072803
vt 0.37105501 0.60699302
vt 0.39113900 0.55178899
vt 0.40051401 0.54394197
vt 0.39884400 0.55661201
vt 0.40751100 0.54829901
vt 0.42334899 0.55982697
vt 0.41787499 0.55534297
vt 0.43591300 0.54638100
vt 0.43250200 0.54063898
vt 0.39966300 0.59467202
vt 0.39284799 0.60699600
vt 0.39493099 0.59242702
vt 0.38758400 0.61092299
vt 0.35244101 0.43017900
vt 0.33967099 0.40360099
vt 0.35754400 0.42327601
vt 0.34429401 0.39648402
vt 0.10816800 0.83599502
vt 0.10122700 0.84047401
vt 0.08990818 0.82162601
vt 0.08374309 0.82495499
vt 0.13368200 0.91643900
vt 0.14187600 0.91425198
vt 0.13296500 0.92642498
vt 0.14298500 0.92638499
vt 0.13689099 0.75082499
vt 0.12662300 0.75425500
vt 0.13207801 0.74409801
vt 0.12244800 0.74775302
vt 0.42238599 0.47611403
vt 0.42658901 0.47224700
vt 0.43399099 0.49191904
vt 0.43871900 0.49065000
vt 0.34476399 0.44182098
vt 0.35533100 0.46187699
vt 0.33662501 0.45333099
vt 0.34728700 0.48007399
vt 0.40956399 0.57833302
vt 0.41562799 0.58335900
vt 0.40426600 0.59849203
vt 0.14358100 0.86691701
vt 0.13639100 0.84547901
vt 0.15603390 0.85911298
vt 0.15140299 0.83054698
vt 0.08783566 0.88087302
vt 0.09366595 0.87571198
vt 0.10530700 0.89069998
vt 0.12376300 0.85370499
vt 0.11767200 0.84368300
vt 0.12950701 0.83560997
vt 0.38520801 0.56194198
vt 0.37250301 0.55393201
vt 0.37920099 0.54392803
vt 0.09959685 0.87057000
vt 0.08638900 0.86641502
vt 0.41601300 0.56859797
vt 0.42275301 0.57398301
vt 0.14381200 0.74215996
vt 0.15199099 0.75314498
vt 0.14422500 0.76149702
vt 0.36331299 0.45074403
vt 0.37038699 0.45928401
vt 0.36324200 0.47008699
vt 0.07833039 0.78569299
vt 0.08871978 0.78808898
vt 0.08011716 0.80186802
vt 0.08986890 0.79971302
vt 0.24966291 0.19631088
vt 0.24966200 0.23559499
vt 0.84040302 0.84543997
vt 0.87943202 0.84774798
vt 0.84914297 0.90263897
vt 0.88889599 0.88820601
vt 0.60229701 0.70419097
vt 0.58849901 0.74327898
vt 0.54495996 0.69630098
vt 0.54778600 0.73533201
vt 0.57222903 0.75340801
vt 0.55872798 0.75033301
vt 0.33756199 0.48462200
vt 0.34058899 0.58909601
vt 0.34873301 0.59297800
vt 0.16345800 0.82909000
vt 0.17685100 0.92158401
vt 0.16887400 0.92356199
vt 0.87130398 0.28660399
vt 0.87520897 0.24872202
vt 0.87622201 0.22017097
vt 0.87628400 0.21064502
vt 0.71297401 0.58261198
vt 0.74034399 0.55613101
vt 0.76558298 0.52762598
vt 0.78853399 0.49726099
vt 0.80905199 0.46520996
vt 0.82276499 0.44017804
vt 0.84228498 0.39681304
vt 0.85480201 0.36087400
vt 0.86449099 0.32406300
vt 0.93596601 0.29583204
vt 0.93434399 0.30649400
vt 0.94039601 0.25293499
vt 0.93959701 0.26368904
vt 0.94445497 0.22062498
vt 0.94454199 0.20978302
vt 0.75656998 0.63125801
vt 0.74847102 0.63837802
vt 0.78755897 0.60126603
vt 0.78002900 0.60898501
vt 0.81614798 0.56897700
vt 0.80923599 0.57725501
vt 0.84214997 0.53456599
vt 0.83590102 0.54335701
vt 0.86540198 0.49823904
vt 0.85985601 0.50748903
vt 0.88575298 0.46020603
vt 0.88094401 0.46986103
vt 0.90307498 0.42070198
vt 0.89903402 0.43070298
vt 0.91726500 0.37997103
vt 0.91401500 0.39025497
vt 0.92824900 0.33826303
vt 0.92580700 0.34876800
vt 0.88406402 0.34890801
vt 0.88142401 0.35855496
vt 0.87238699 0.38715804
vt 0.86900598 0.39656901
vt 0.81334698 0.53984201
vt 0.79721099 0.52766103
vt 0.86756897 0.45137095
vt 0.92021996 0.25163001
vt 0.28192800 0.32023299
vt 0.28423500 0.31365901
vt 0.21739100 0.32022500
vt 0.21508400 0.31365097
vt 0.15205100 0.33976799
vt 0.15655100 0.34599698
vt 0.28751299 0.30381703
vt 0.28604299 0.30879498
vt 0.21180800 0.30380797
vt 0.21327791 0.30878603
vt 0.14463000 0.33423400
vt 0.14871199 0.33630699
vt 0.16734500 0.54492700
vt 0.18636000 0.54370201
vt 0.20253190 0.54288399
vt 0.31874901 0.88178897
vt 0.31016201 0.87963402
vt 0.06903046 0.54997998
vt 0.08612728 0.54905301
vt 0.06248110 0.55009401
vt 0.43933499 0.77139199
vt 0.42256901 0.77387500
vt 0.44621101 0.77039200
vt 0.12641700 0.54703999
vt 0.38338500 0.77975100
vt 0.41605899 0.94242901
vt 0.40836298 0.96661997
vt 0.42275399 0.83554101
vt 0.42317900 0.80513901
vt 0.06018805 0.38444996
vt 0.06926006 0.38778800
vt 0.06501168 0.63474798
vt 0.05671805 0.63735402
vt 0.44534099 0.92079097
vt 0.43942699 0.95163202
vt 0.17985900 0.05270338
vt 0.48290399 0.07035136
vt 0.47850800 0.08587307
vt 0.24966000 0.26695299
vt 0.21723899 0.04957521
vt 0.54038399 0.43010300
vt 0.57448101 0.84176397
vt 0.58987898 0.84201902
vt 0.67942101 0.43129802
vt 0.67879802 0.44618297
vt 0.68795800 0.79530197
vt 0.70191300 0.79953301
vt 0.49093699 0.51511300
vt 0.49166700 0.53093702
vt 0.67810500 0.97514802
vt 0.66099900 0.97643000
vt 0.63139498 0.54428601
vt 0.62830698 0.55934602
vt 0.63382399 0.51155001
vt 0.63337600 0.53007501
vt 0.58531797 0.47297704
vt 0.48840499 0.48121101
vt 0.50991499 0.62996995
vt 0.50903898 0.61680198
vt 0.78434300 0.80633402
vt 0.78989601 0.80272996
vt 0.61582100 0.63529903
vt 0.79593098 0.91793901
vt 0.79026800 0.91731697
vt 0.61633903 0.64573598
vt 0.77985001 0.91681200
vt 0.76607001 0.91862798
vt 0.80809301 0.86058098
vt 0.80878299 0.87557799
vt 0.82373399 0.92909902
vt 0.83004302 0.94099402
vt 0.62835997 0.67904401
vt 0.61388600 0.67312497
vt 0.55971402 0.66368097
vt 0.54413497 0.66480398
vt 0.17321999 0.28326899
vt 0.36091501 0.28725499
vt 0.32610601 0.28328204
vt 0.29367101 0.26946801
vt 0.26965401 0.26614201
vt 0.38128099 0.29755700
vt 0.39752299 0.31106299
vt 0.11804800 0.29754198
vt 0.28786901 0.80859601
vt 0.28811198 0.78578103
vt 0.28385499 0.85429400
vt 0.28621900 0.83106601
vt 0.31115800 0.56229299
vt 0.31118900 0.58550000
vt 0.30774099 0.51488000
vt 0.30996200 0.53841102
vt 0.26238701 0.44666398
vt 0.29984200 0.44508201
vt 0.18275900 0.75408602
vt 0.18868200 0.73090297
vt 0.17539500 0.87789100
vt 0.17862990 0.89936900
vt 0.09638249 0.77838898
vt 0.39397100 0.48510897
vt 0.41135299 0.48615098
vt 0.55180997 0.24546701
vt 0.57203299 0.24469298
vt 0.55180800 0.16853201
vt 0.57149398 0.18808293
vt 0.57203197 0.16930497
vt 0.55657202 0.11588597
vt 0.55597699 0.10118598
vt 0.57302201 0.11452001
vt 0.57136899 0.09726250
vt 0.55597699 0.10118598
vt 0.59140098 0.24441499
vt 0.61027402 0.24441397
vt 0.59161699 0.26307100
vt 0.59161699 0.26307100
vt 0.61027402 0.24441397
vt 0.59139997 0.16958201
vt 0.61027300 0.16958296
vt 0.60779297 0.09043729
vt 0.60921901 0.11111701
vt 0.58885598 0.09352189
vt 0.58885598 0.09352189
vt 0.64768898 0.24450803
vt 0.62901497 0.24446702
vt 0.62901402 0.16952902
vt 0.64768898 0.16948801
vt 0.64768702 0.08778501
vt 0.64768797 0.10959899
vt 0.62753803 0.08848119
vt 0.62753803 0.08848119
vt 0.66636401 0.24446797
vt 0.68510401 0.24441499
vt 0.66636401 0.16952902
vt 0.68510503 0.16958201
vt 0.66783702 0.08847976
vt 0.68758202 0.09043461
vt 0.66706198 0.11001098
vt 0.70376199 0.26307297
vt 0.70397800 0.24441701
vt 0.72261697 0.26319802
vt 0.72334599 0.24469501
vt 0.70397800 0.24441701
vt 0.72334802 0.16930401
vt 0.70397902 0.16958094
vt 0.70651996 0.09351820
vt 0.72400802 0.09725791
vt 0.72235501 0.11451602
vt 0.70469701 0.11277199
vt 0.72400802 0.09725791
vt 0.76425099 0.24689502
vt 0.74357098 0.24546897
vt 0.76620901 0.18685102
vt 0.74467701 0.18762600
vt 0.76425397 0.16710502
vt 0.74357301 0.16852999
vt 0.76425397 0.16710502
vt 0.73880702 0.11588097
vt 0.73940098 0.10118103
vt 0.75350702 0.11528599
vt 0.74986601 0.10482097
vt 0.73940098 0.10118103
vt 0.88583899 0.05272907
vt 0.88620400 0.06227833
vt 0.87746799 0.06262231
vt 0.87708598 0.05351150
vt 0.88620400 0.06227833
vt 0.92216599 0.05273020
vt 0.92179996 0.06227916
vt 0.95396298 0.05470079
vt 0.95581502 0.06196803
vt 0.94766700 0.06274825
vt 0.95396298 0.05470079
vt 0.88633502 0.07142329
vt 0.88633597 0.08033460
vt 0.87752700 0.07152510
vt 0.87742501 0.08033389
vt 0.92166901 0.07142377
vt 0.92166799 0.08033496
vt 0.95903599 0.07916540
vt 0.95757997 0.07022429
vt 0.88629103 0.09800076
vt 0.88631099 0.08918339
vt 0.88629103 0.09800076
vt 0.87732500 0.08916241
vt 0.92169303 0.08918351
vt 0.92171299 0.09800076
vt 0.91282499 0.09800076
vt 0.92169303 0.08918351
vt 0.96028799 0.09800076
vt 0.95995897 0.08848780
vt 0.94979399 0.08885396
vt 0.95995897 0.08848780
vt 0.94998902 0.09800076
vt 0.87732500 0.10683900
vt 0.88631099 0.10681802
vt 0.87742501 0.11566788
vt 0.88633597 0.11566699
vt 0.88631099 0.10681802
vt 0.92169303 0.10681802
vt 0.92166799 0.11566699
vt 0.95995897 0.10751402
vt 0.95903599 0.11683601
vt 0.94979399 0.10714799
vt 0.95903599 0.11683601
vt 0.87752700 0.12447602
vt 0.88633597 0.12457788
vt 0.87746799 0.13337898
vt 0.88620502 0.13372302
vt 0.87746799 0.13337898
vt 0.88633597 0.12457788
vt 0.92179996 0.13372201
vt 0.92166901 0.12457788
vt 0.92179996 0.13372201
vt 0.91284102 0.12467700
vt 0.95757997 0.12577701
vt 0.95581502 0.13403398
vt 0.88516700 0.15303588
vt 0.87622601 0.15157998
vt 0.88584000 0.14327198
vt 0.88584000 0.14327198
vt 0.87622601 0.15157998
vt 0.91351599 0.15395796
vt 0.91314995 0.14379203
vt 0.92283899 0.15303499
vt 0.92216498 0.14327097
vt 0.92283899 0.15303499
vt 0.91314995 0.14379203
vt 0.94702202 0.14101988
vt 0.95396197 0.14130104
vt 0.94730300 0.14796001
vt 0.95224398 0.14624202
vt 0.95396197 0.14130104
vt 0.32091099 0.27011698
vt 0.31003201 0.26763403
vt 0.14525691 0.27848303
vt 0.13297300 0.26389396
vt 0.13242599 0.24636900
vt 0.14926600 0.23632401
vt 0.36675799 0.05959964
vt 0.05056738 0.07712287
vt 0.31946599 0.05270529
vt 0.28208700 0.04957640
vt 0.24966291 0.04895294
vt 0.73577899 0.35637701
vt 0.73228997 0.34624302
vt 0.47454801 0.20700288
vt 0.48698398 0.20700198
vt 0.68918800 0.58375597
vt 0.68592602 0.57982099
vt 0.76878101 0.67971998
vt 0.93572497 0.45857203
vt 0.69364798 0.03996760
vt 0.69209099 0.05188793
vt 0.85383397 0.30277300
vt 0.84880602 0.30185801
vt 0.97185802 0.34796596
vt 0.96689600 0.34686399
vt 0.98286301 0.07630098
vt 0.97723502 0.07703626
vt 0.82513797 0.11970299
vt 0.83076698 0.11896688
vt 0.88230300 0.01913720
vt 0.82155997 0.40849900
vt 0.81687999 0.40644598
vt 0.90394902 0.52083397
vt 0.89956301 0.51826400
vt 0.60172701 0.37401903
vt 0.60328501 0.36210001
vt 0.96877599 0.30051303
vt 0.97345996 0.25507903
vt 0.77868998 0.65593100
vt 0.81151402 0.62416899
vt 0.84179801 0.58995700
vt 0.86935401 0.55349898
vt 0.89399302 0.51499802
vt 0.93392402 0.43282300
vt 0.94896197 0.38965797
vt 0.96059501 0.34546304
vt 0.53112799 0.16710788
vt 0.53421199 0.14816988
vt 0.53112799 0.16710788
vt 0.51548398 0.14500499
vt 0.52917498 0.22714794
vt 0.53113097 0.24689198
vt 0.54187799 0.29870498
vt 0.54551798 0.30916899
vt 0.60556197 0.34428799
vt 0.58232701 0.35525399
vt 0.60328501 0.36210001
vt 0.58232701 0.35525399
vt 0.60556197 0.34428799
vt 0.74352801 0.32521904
vt 0.73939598 0.31281501
vt 0.75634801 0.31566399
vt 0.74985999 0.30917501
vt 0.73939598 0.31281501
vt 0.76116598 0.26583302
vt 0.76425099 0.24689502
vt 0.77989399 0.26900005
vt 0.78498799 0.16487199
vt 0.76591200 0.11115301
vt 0.75350702 0.11528599
vt 0.75635397 0.09833270
vt 0.68981498 0.06970137
vt 0.69209099 0.05188793
vt 0.71305102 0.05873263
vt 0.68981498 0.06970137
vt 0.55184400 0.08878231
vt 0.55597699 0.10118598
vt 0.53902400 0.09833926
vt 0.54551297 0.10482699
vt 0.86316597 0.28544402
vt 0.86700600 0.24819303
vt 0.70748901 0.57648998
vt 0.73440301 0.55044997
vt 0.75922102 0.52242202
vt 0.78178799 0.49256504
vt 0.80196202 0.46105301
vt 0.83463597 0.39380801
vt 0.84694099 0.35847300
vt 0.85646701 0.32227898
vt 0.92389297 0.03317755
vt 0.93327498 0.03558069
vt 0.92283899 0.04296631
vt 0.93177998 0.04442263
vt 0.92283899 0.04296631
vt 0.89449000 0.04204214
vt 0.88411301 0.03317583
vt 0.88516700 0.04296499
vt 0.85874897 0.04218167
vt 0.86070102 0.04803866
vt 0.85269600 0.04669380
vt 0.85575998 0.04975730
vt 0.83917701 0.07811016
vt 0.84157997 0.06872755
vt 0.84896600 0.07916451
vt 0.85042202 0.07022280
vt 0.84896600 0.07916451
vt 0.85404199 0.14130300
vt 0.85575998 0.14624399
vt 0.85269701 0.14930797
vt 0.85404199 0.14130300
vt 0.92389297 0.16282302
vt 0.94925499 0.15381694
vt 0.95530701 0.14930499
vt 0.96882498 0.11789000
vt 0.96642202 0.12727201
vt 0.95903599 0.11683601
vt 0.95530701 0.04669690
vt 0.95224398 0.04975998
vt 0.95530701 0.04669690
vt 0.95396298 0.05470079
vt 0.66898698 0.34743398
vt 0.66783500 0.32551301
vt 0.68981200 0.34429097
vt 0.68757999 0.32355899
vt 0.60555899 0.06970459
vt 0.60779297 0.09043729
vt 0.84804302 0.10751498
vt 0.83917701 0.11789203
vt 0.84896600 0.11683798
vt 0.83917701 0.11789203
vt 0.84804302 0.10751498
vt 0.95995897 0.08848780
vt 0.96882498 0.07811129
vt 0.96882498 0.07811129
vt 0.08268576 0.88537502
vt 0.11583600 0.85868102
vt 0.10504900 0.86612701
vt 0.06011790 0.82269198
vt 0.06243318 0.83049399
vt 0.42678601 0.59284699
vt 0.42158300 0.58841598
vt 0.37823099 0.63442099
vt 0.36859599 0.63467097
vt 0.39317399 0.56676799
vt 0.44612899 0.53767598
vt 0.44831800 0.52983397
vt 0.40403301 0.57399601
vt 0.36855400 0.44397104
vt 0.07457131 0.80349898
vt 0.06916278 0.80495697
vt 0.13845190 0.73548198
vt 0.43899500 0.51225698
vt 0.43356699 0.51088899
vt 0.39317200 0.61314100
vt 0.11668900 0.90519100
vt 0.14112400 0.82190901
vt 0.39043501 0.53702998
vt 0.07905358 0.85788202
vt 0.13265100 0.76393598
vt 0.35824901 0.48614401
vt 0.08951789 0.77252299
vt 0.80904400 0.84497201
vt 0.81774098 0.91468400
vt 0.59438699 0.66775501
vt 0.52271998 0.66613001
vt 0.58711398 0.74988198
vt 0.58572900 0.75648397
vt 0.33025700 0.48714799
vt 0.33457601 0.51229298
vt 0.33134300 0.60879397
vt 0.33430400 0.58710599
vt 0.18217500 0.91967100
vt 0.87853199 0.30727303
vt 0.88400799 0.26877499
vt 0.88650697 0.22996402
vt 0.87606698 0.22969401
vt 0.70520902 0.60308599
vt 0.73417801 0.57713699
vt 0.76106000 0.54904097
vt 0.78568602 0.51895797
vt 0.80789995 0.48706102
vt 0.82756299 0.45353603
vt 0.81835699 0.44861102
vt 0.84454799 0.41858101
vt 0.85875201 0.38240302
vt 0.87009996 0.34522599
vt 0.94672400 0.31971300
vt 0.93251699 0.31712198
vt 0.95295399 0.27591401
vt 0.93859202 0.27442598
vt 0.95581502 0.23176801
vt 0.94436699 0.23146701
vt 0.74214697 0.64764702
vt 0.74945801 0.65646201
vt 0.78239697 0.62693101
vt 0.77235198 0.61655802
vt 0.81298202 0.59496599
vt 0.80216497 0.58539802
vt 0.84100801 0.56072599
vt 0.82948202 0.55202401
vt 0.86629498 0.52441102
vt 0.85412997 0.51662898
vt 0.88868302 0.48623300
vt 0.87594903 0.47942102
vt 0.90802401 0.44642401
vt 0.89479899 0.44062299
vt 0.92420202 0.40522999
vt 0.93712598 0.36290598
vt 0.87076700 0.48888099
vt 0.84822702 0.52565598
vt 0.89037102 0.45045799
vt 0.94098902 0.24216688
vt 0.27743798 0.32574403
vt 0.29905799 0.33564901
vt 0.22187901 0.32573700
vt 0.23576900 0.32350099
vt 0.17013600 0.34957600
vt 0.16163100 0.35361099
vt 0.19414701 0.47290397
vt 0.19242600 0.49803799
vt 0.19946600 0.59120601
vt 0.20334700 0.61446398
vt 0.19278400 0.52077901
vt 0.19443101 0.54310697
vt 0.19657700 0.56700099
vt 0.34055999 0.86034298
vt 0.33840600 0.88783503
vt 0.06285065 0.59270000
vt 0.08526819 0.51849598
vt 0.44228199 0.72516102
vt 0.42165899 0.91340202
vt 0.38042101 0.90072697
vt 0.04976218 0.38086700
vt 0.04438108 0.43455696
vt 0.04743856 0.64021099
vt 0.05514490 0.67552400
vt 0.43842599 0.98345202
vt 0.43126601 0.97685599
vt 0.12868200 0.03548580
vt 0.48524499 0.06235516
vt 0.45458099 0.05333090
vt 0.22566999 0.19637901
vt 0.24966291 0.03300202
vt 0.61020201 0.40419298
vt 0.63648897 0.40653002
vt 0.51352501 0.42801100
vt 0.54026198 0.42496800
vt 0.56933701 0.84165400
vt 0.56067801 0.86360097
vt 0.65897298 0.41489500
vt 0.67955601 0.42627400
vt 0.58676702 0.54313701
vt 0.56435001 0.54462200
vt 0.68565899 0.81829697
vt 0.68172503 0.79282200
vt 0.68179601 0.93358600
vt 0.68430501 0.91111398
vt 0.49234200 0.53753102
vt 0.51736099 0.54134601
vt 0.68298900 0.95424300
vt 0.68603200 0.97399300
vt 0.61007899 0.53976399
vt 0.63282198 0.53726298
vt 0.65353298 0.53839397
vt 0.68768996 0.88808501
vt 0.68912798 0.86575300
vt 0.61000901 0.51285303
vt 0.58598602 0.51533401
vt 0.62578797 0.84256399
vt 0.67720097 0.48079097
vt 0.50831300 0.63497698
vt 0.52647901 0.63383698
vt 0.56239098 0.63272899
vt 0.58022600 0.63374603
vt 0.77935702 0.80919898
vt 0.77818698 0.82743400
vt 0.77834797 0.88123900
vt 0.77722102 0.86341101
vt 0.61585999 0.64052802
vt 0.63251996 0.64398801
vt 0.78853399 0.93349999
vt 0.78507102 0.91684598
vt 0.59823900 0.63672996
vt 0.78131998 0.89923799
vt 0.79415500 0.84483701
vt 0.80254602 0.91842300
vt 0.64721799 0.66906601
vt 0.64032102 0.68523800
vt 0.57719499 0.64936298
vt 0.57471299 0.66418898
vt 0.70561099 0.94902498
vt 0.73605400 0.88425899
vt 0.54460996 0.59137100
vt 0.10180500 0.31104803
vt 0.11707500 0.32504904
vt 0.30135199 0.87841797
vt 0.28143001 0.87756097
vt 0.22125800 0.47267997
vt 0.22371390 0.44764996
vt 0.20054901 0.80525100
vt 0.19877000 0.82880700
vt 0.19804300 0.85269397
vt 0.18682100 0.91812998
vt 0.10512390 0.80831498
vt 0.37112600 0.48650801
vt 0.37345600 0.50627899
vt 0.53421497 0.26582897
vt 0.52917397 0.18685198
vt 0.53112799 0.16710788
vt 0.55070502 0.18762702
vt 0.55657202 0.11588597
vt 0.54187298 0.11529201
vt 0.54187298 0.11529201
vt 0.57276201 0.26319504
vt 0.59140098 0.24441499
vt 0.57302201 0.11452001
vt 0.57136899 0.09726250
vt 0.59068000 0.11277497
vt 0.61027199 0.26328701
vt 0.64768702 0.08778501
vt 0.66783702 0.08847976
vt 0.64768797 0.10959899
vt 0.68510598 0.26328802
vt 0.68510401 0.24441499
vt 0.70376199 0.26307297
vt 0.68758202 0.09043461
vt 0.70651996 0.09351820
vt 0.68615699 0.11111498
vt 0.73880702 0.11588097
vt 0.72235501 0.11451602
vt 0.73940098 0.10118103
vt 0.88583899 0.05272907
vt 0.87622499 0.04442072
vt 0.87622499 0.04442072
vt 0.88583899 0.05272907
vt 0.91351599 0.04204285
vt 0.92283899 0.04296631
vt 0.91314995 0.05220878
vt 0.94702202 0.05498135
vt 0.94730300 0.04804128
vt 0.95396298 0.05470079
vt 0.95224398 0.04975998
vt 0.94730300 0.04804128
vt 0.87752700 0.07152510
vt 0.88633502 0.07142329
vt 0.88633502 0.07142329
vt 0.92166901 0.07142377
vt 0.91284102 0.07132399
vt 0.92179996 0.06227916
vt 0.95581502 0.06196803
vt 0.87732500 0.08916241
vt 0.88631099 0.08918339
vt 0.88631099 0.08918339
vt 0.95903599 0.07916540
vt 0.88631099 0.10681802
vt 0.87732500 0.10683900
vt 0.88629103 0.09800076
vt 0.92171299 0.09800076
vt 0.92169303 0.10681802
vt 0.91282499 0.09800076
vt 0.95995897 0.10751402
vt 0.94979399 0.10714799
vt 0.94998902 0.09800076
vt 0.95995897 0.10751402
vt 0.88633597 0.12457788
vt 0.92166901 0.12457788
vt 0.88584000 0.14327198
vt 0.88620502 0.13372302
vt 0.95581502 0.13403398
vt 0.95396197 0.14130104
vt 0.94766700 0.13325298
vt 0.38188401 0.25932896
vt 0.16969790 0.23712701
vt 0.18027601 0.22295403
vt 0.02081590 0.08587146
vt 0.02932322 0.11644399
vt 0.96067697 0.40550601
vt 0.95692497 0.41663200
vt 0.97850597 0.14101493
vt 0.98347998 0.13092101
vt 0.98080200 0.32591999
vt 0.98279202 0.31435800
vt 0.75860000 0.35155100
vt 0.73878700 0.36479604
vt 0.81870800 0.08677208
vt 0.82090098 0.07573396
vt 0.82949603 0.05498397
vt 0.82452101 0.06507850
vt 0.78933501 0.66779500
vt 0.79799300 0.65989399
vt 0.90400398 0.18402994
vt 0.91523302 0.18329000
vt 0.92466700 0.49216801
vt 0.91922700 0.50257498
vt 0.46548501 0.20700288
vt 0.46705201 0.23078394
vt 0.94876403 0.43865097
vt 0.95295298 0.42768097
vt 0.84661400 0.60905600
vt 0.83892399 0.61791801
vt 0.67605996 0.58211100
vt 0.68308997 0.57639802
vt 0.79223502 0.31792200
vt 0.77652502 0.33584297
vt 0.77160996 0.68308902
vt 0.78053397 0.67552602
vt 0.93975198 0.46033597
vt 0.94436300 0.44953704
vt 0.67146802 0.02635145
vt 0.69484597 0.03099370
vt 0.97225100 0.15037000
vt 0.96483397 0.15883201
vt 0.84272802 0.30995297
vt 0.84443301 0.30106300
vt 0.97615099 0.34891903
vt 0.97858697 0.33744204
vt 0.98709899 0.07573539
vt 0.98347902 0.06508088
vt 0.86864698 0.58160597
vt 0.87563497 0.57217503
vt 0.99066699 0.22106397
vt 0.99043000 0.23272902
vt 0.82090098 0.12026900
vt 0.82452202 0.13092399
vt 0.94701701 0.17250401
vt 0.95637202 0.16624904
vt 0.89277601 0.18329203
vt 0.88173801 0.18110001
vt 0.97850597 0.05498719
vt 0.97225201 0.04563260
vt 0.84085101 0.31880701
vt 0.83880299 0.32762200
vt 0.85413098 0.60004801
vt 0.86147702 0.59089798
vt 0.98929203 0.10922897
vt 0.98709995 0.12026602
vt 0.82949698 0.14101803
vt 0.83575201 0.15037298
vt 0.98999697 0.24441701
vt 0.98935699 0.25611198
vt 0.88173801 0.01490009
vt 0.87108201 0.01851982
vt 0.95637298 0.02975279
vt 0.96483499 0.03717005
vt 0.80909699 0.41290700
vt 0.81280899 0.40466201
vt 0.85163301 0.16625297
vt 0.84316999 0.15883601
vt 0.98849899 0.26779997
vt 0.98741597 0.27947497
vt 0.86098802 0.02349389
vt 0.85163200 0.02974838
vt 0.83106399 0.62662798
vt 0.82303798 0.63518500
vt 0.92626995 0.18109798
vt 0.93692398 0.17747802
vt 0.94701803 0.02349800
vt 0.93692499 0.01852345
vt 0.96752602 0.38304901
vt 0.96421099 0.39431000
vt 0.86098897 0.17250699
vt 0.87108302 0.17748094
vt 0.98455900 0.30275899
vt 0.98610097 0.29113001
vt 0.91358399 0.51287103
vt 0.90774298 0.52305698
vt 0.62390399 0.38763499
vt 0.60052800 0.38299203
vt 0.83575100 0.04562861
vt 0.84316897 0.03716576
vt 0.81484902 0.64358503
vt 0.80649996 0.65182298
vt 0.52201098 0.12684602
vt 0.53421199 0.14816988
vt 0.53795099 0.13068402
vt 0.53421199 0.14816988
vt 0.52201098 0.12684602
vt 0.50616902 0.20700097
vt 0.52847898 0.20700002
vt 0.52201599 0.28715199
vt 0.53795499 0.28331399
vt 0.58569199 0.33919901
vt 0.60779500 0.32355601
vt 0.58885902 0.32047200
vt 0.60779500 0.32355601
vt 0.72784102 0.33267701
vt 0.72400302 0.31673700
vt 0.73939598 0.31281501
vt 0.72400302 0.31673700
vt 0.77336502 0.28715897
vt 0.75742501 0.28331900
vt 0.76116598 0.26583302
vt 0.77336502 0.28715897
vt 0.78921598 0.20700097
vt 0.77337098 0.12684101
vt 0.68981498 0.06970137
vt 0.70968699 0.07478976
vt 0.56752998 0.08132249
vt 0.55184400 0.08878231
vt 0.57136899 0.09726250
vt 0.85678798 0.28453600
vt 0.85539901 0.29366899
vt 0.86057597 0.24777901
vt 0.85989499 0.25699496
vt 0.70318997 0.57169098
vt 0.69624698 0.57779098
vt 0.72974700 0.54599702
vt 0.72329497 0.55260998
vt 0.75423598 0.51834202
vt 0.74831599 0.52543098
vt 0.77650100 0.48888397
vt 0.77115101 0.49640799
vt 0.79640502 0.45779502
vt 0.79165798 0.46570998
vt 0.82863998 0.39145303
vt 0.82518297 0.40001100
vt 0.84077996 0.35659099
vt 0.83799899 0.36539400
vt 0.94184899 0.03866279
vt 0.94003600 0.04618877
vt 0.90400302 0.03117990
vt 0.90400302 0.04171419
vt 0.86615598 0.03865987
vt 0.86796802 0.04618633
vt 0.84466201 0.06015366
vt 0.85218799 0.06196606
vt 0.84466302 0.13584799
vt 0.85218900 0.13403600
vt 0.85404199 0.14130300
vt 0.84818500 0.14325488
vt 0.85218900 0.13403600
vt 0.86615700 0.15734100
vt 0.86796898 0.14981496
vt 0.90400302 0.16482103
vt 0.94184798 0.15733898
vt 0.96334100 0.13584602
vt 0.96334100 0.06015593
vt 0.95396298 0.05470079
vt 0.95981902 0.05274957
vt 0.95581502 0.06196803
vt 0.75612998 0.66450602
vt 0.74740100 0.67162597
vt 0.91759700 0.45062196
vt 0.91297001 0.46089995
vt 0.64768600 0.34851801
vt 0.64768702 0.32620800
vt 0.64768702 0.06547350
vt 0.64768702 0.08778501
vt 0.83769298 0.10805899
vt 0.83717996 0.09800118
vt 0.84771502 0.09800106
vt 0.97030902 0.08794349
vt 0.97082198 0.09800076
vt 0.07787609 0.88954699
vt 0.09826898 0.90588301
vt 0.11035200 0.86221802
vt 0.11937000 0.88244802
vt 0.10445300 0.85225600
vt 0.05638700 0.80777502
vt 0.04431766 0.82136202
vt 0.44012901 0.58797300
vt 0.43161198 0.59696698
vt 0.04946100 0.85522503
vt 0.03956890 0.83662200
vt 0.40877500 0.45680797
vt 0.43075699 0.46847403
vt 0.38579601 0.63386101
vt 0.38236901 0.62425900
vt 0.39868599 0.57019198
vt 0.40443599 0.56012303
vt 0.42941800 0.53581601
vt 0.45181200 0.51486200
vt 0.39003399 0.59061903
vt 0.37242401 0.43937701
vt 0.36135998 0.41874301
vt 0.07911896 0.82835501
vt 0.12677801 0.90353900
vt 0.12784401 0.91608399
vt 0.13450100 0.73095798
vt 0.12852500 0.73934400
vt 0.44357601 0.48936200
vt 0.33286998 0.41584301
vt 0.40801799 0.60325098
vt 0.39770299 0.61345798
vt 0.14975700 0.89122802
vt 0.10977700 0.88676900
vt 0.11685000 0.89898700
vt 0.11814990 0.82890803
vt 0.12802100 0.81694996
vt 0.36737701 0.53043598
vt 0.38038099 0.52524799
vt 0.07988685 0.87189299
vt 0.42995998 0.56535399
vt 0.14949700 0.77746099
vt 0.37485400 0.47232199
vt 0.08518040 0.76854300
vt 0.07383626 0.78454000
vt 0.49838701 0.66755801
vt 0.33686998 0.53793103
vt 0.32797998 0.62936199
vt 0.89273900 0.30986398
vt 0.89837199 0.27026099
vt 0.71264398 0.61205697
vt 0.74422300 0.58751202
vt 0.77187699 0.55860901
vt 0.95700598 0.32158697
vt 0.96334898 0.27699101
vt 0.96626300 0.23204201
vt 0.78966802 0.63443899
vt 0.82080901 0.60189199
vt 0.84934801 0.56702501
vt 0.87509900 0.53004402
vt 0.89789897 0.49116397
vt 0.93407202 0.40867102
vt 0.94723201 0.36557102
vt 0.32067800 0.34555399
vt 0.24965800 0.32238400
vt 0.17863999 0.34554100
vt 0.19690791 0.44657397
vt 0.20772199 0.63725001
vt 0.08540755 0.48709100
vt 0.43672499 0.67396402
vt 0.03899997 0.48824799
vt 0.06542021 0.70551997
vt 0.44617900 0.99155402
vt 0.08105945 0.04435611
vt 0.41826499 0.04435807
vt 0.19616100 0.20051199
vt 0.24966291 0.02409905
vt 0.58413500 0.40756297
vt 0.48444399 0.42825198
vt 0.55194598 0.88555098
vt 0.54161799 0.54407299
vt 0.68849301 0.84289801
vt 0.67322803 0.54133999
vt 0.54453999 0.63299000
vt 0.77736098 0.84554499
vt 0.64869899 0.64727998
vt 0.79185301 0.94967800
vt 0.64847898 0.66013902
vt 0.70946902 0.96814698
vt 0.71002102 0.88628799
vt 0.12866999 0.32935500
vt 0.21983901 0.49697000
vt 0.20281801 0.78189200
vt 0.20221500 0.91786999
vt 0.52917397 0.18685198
vt 0.55657202 0.11588597
vt 0.55520803 0.13233602
vt 0.54187298 0.11529201
vt 0.53795099 0.13068402
vt 0.57276201 0.26319504
vt 0.59149200 0.28192496
vt 0.60999501 0.28265399
vt 0.62831497 0.11001301
vt 0.62877202 0.13080204
vt 0.60921901 0.11111701
vt 0.70388502 0.28192800
vt 0.68510598 0.26328802
vt 0.68538201 0.28265601
vt 0.72388703 0.18808293
vt 0.74467701 0.18762600
vt 0.72410899 0.20699900
vt 0.73880702 0.11588097
vt 0.86874902 0.05433500
vt 0.86796802 0.04618633
vt 0.87622499 0.04442072
vt 0.86796802 0.04618633
vt 0.91351599 0.04204285
vt 0.91314995 0.05220878
vt 0.90400302 0.05201334
vt 0.91351599 0.04204285
vt 0.86862397 0.07146627
vt 0.86827999 0.08020276
vt 0.93997800 0.08906960
vt 0.93972397 0.08020347
vt 0.94927299 0.07983828
vt 0.93997800 0.08906960
vt 0.93997800 0.10693198
vt 0.94008303 0.09800076
vt 0.87752700 0.12447602
vt 0.86862397 0.12453502
vt 0.87742501 0.11566788
vt 0.86827999 0.11579901
vt 0.86862397 0.12453502
vt 0.93972397 0.11579788
vt 0.86874902 0.14166594
vt 0.86874902 0.14166594
vt 0.38712600 0.21990198
vt 0.03960925 0.15548700
vt 0.81796902 0.09800148
vt 0.92990202 0.48165596
vt 0.47169599 0.25415897
vt 0.66897398 0.58775699
vt 0.80548400 0.29811001
vt 0.64768499 0.02478689
vt 0.88243800 0.56260800
vt 0.99080598 0.20941001
vt 0.83658499 0.33639503
vt 0.99003100 0.09800076
vt 0.80522501 0.42107797
vt 0.92626995 0.01490277
vt 0.97062200 0.37172800
vt 0.64768499 0.38920200
vt 0.49942800 0.14164102
vt 0.50844502 0.12239701
vt 0.51548398 0.14500499
vt 0.50844502 0.12239701
vt 0.50725502 0.22830200
vt 0.48840800 0.22945100
vt 0.50616902 0.20700097
vt 0.50845098 0.29160297
vt 0.52201599 0.28715199
vt 0.51914799 0.30841100
vt 0.58569199 0.33919901
vt 0.56753498 0.33267200
vt 0.58885902 0.32047200
vt 0.57137299 0.31673300
vt 0.73228997 0.34624302
vt 0.72784102 0.33267701
vt 0.74909997 0.33554602
vt 0.72784102 0.33267701
vt 0.77336502 0.28715897
vt 0.77989399 0.26900005
vt 0.78693098 0.29161000
vt 0.80840302 0.20700198
vt 0.78813100 0.18569803
vt 0.80697995 0.18454999
vt 0.78921598 0.20700097
vt 0.78693801 0.12238997
vt 0.77337098 0.12684101
vt 0.77623898 0.10557902
vt 0.56307900 0.06775689
vt 0.56752998 0.08132249
vt 0.85903597 0.26619500
vt 0.71671700 0.55909801
vt 0.74225998 0.53240401
vt 0.76565599 0.50382799
vt 0.78675598 0.47353196
vt 0.83504897 0.37414098
vt 0.90400398 0.02212125
vt 0.83399802 0.06713891
vt 0.83825600 0.05805218
vt 0.84330899 0.14588702
vt 0.84466302 0.13584799
vt 0.97400302 0.12886101
vt 0.96974599 0.13794696
vt 0.96974599 0.05805486
vt 0.96334100 0.06015593
vt 0.96469498 0.05011833
vt 0.96469498 0.05011833
vt 0.96334100 0.06015593
vt 0.73860502 0.67866600
vt 0.64768600 0.36770296
vt 0.64768600 0.34851801
vt 0.67013502 0.36628103
vt 0.67013502 0.36628103
vt 0.64768600 0.04628730
vt 0.64768702 0.06547350
vt 0.62523502 0.04771149
vt 0.82812101 0.09800130
vt 0.83717996 0.09800118
vt 0.82879299 0.10860199
vt 0.83717996 0.09800118
vt 0.97987998 0.09800076
vt 0.97082198 0.09800076
vt 0.97920799 0.08740121
vt 0.97082198 0.09800076
vt 0.12457900 0.92594302
vt 0.09595066 0.84386599
vt 0.44638199 0.57891703
vt 0.06303137 0.87172198
vt 0.38793701 0.45099300
vt 0.38306499 0.61183202
vt 0.41283101 0.55160099
vt 0.34782699 0.39192998
vt 0.11920100 0.74284202
vt 0.32611999 0.42825103
vt 0.39813501 0.26721203
vt 0.84442997 0.88650501
vt 0.87651402 0.87741101
vt 0.84155202 0.82778502
vt 0.88079900 0.83402503
vt 0.89151102 0.87311900
vt 0.89539701 0.88638300
vt 0.61385900 0.70899397
vt 0.59461600 0.74613500
vt 0.55755198 0.69570601
vt 0.55483800 0.73631901
vt 0.35325101 0.56790298
vt 0.34391201 0.56441498
vt 0.33013499 0.45983398
vt 0.17714891 0.75064200
vt 0.17054100 0.74425995
vt 0.18520400 0.72652996
vt 0.18059400 0.71899498
vt 0.16535500 0.85545498
vt 0.89085400 0.31968701
vt 0.87669897 0.31682098
vt 0.89725101 0.28020096
vt 0.88291800 0.27843797
vt 0.88616198 0.23968399
vt 0.70486200 0.61825597
vt 0.69766098 0.60921997
vt 0.73696798 0.59439898
vt 0.72712398 0.58383203
vt 0.76517397 0.56603402
vt 0.75454497 0.55625802
vt 0.79110402 0.53557998
vt 0.77974999 0.52665597
vt 0.80258101 0.49519598
vt 0.82289302 0.46205902
vt 0.84055901 0.42744303
vt 0.85546601 0.39155000
vt 0.86753500 0.35460198
vt 0.95488399 0.33265102
vt 0.94463998 0.33057797
vt 0.96208602 0.28818297
vt 0.95171303 0.28690600
vt 0.96585399 0.24329901
vt 0.95541501 0.24282300
vt 0.74088299 0.66345102
vt 0.78149998 0.64219397
vt 0.77437502 0.63454801
vt 0.81325996 0.61025298
vt 0.80556798 0.60317802
vt 0.84246802 0.57594901
vt 0.83425200 0.56948996
vt 0.86893201 0.53947598
vt 0.86023802 0.53367299
vt 0.89248502 0.50105000
vt 0.88336700 0.49593997
vt 0.90348101 0.45651603
vt 0.93026197 0.41927701
vt 0.92045999 0.41564399
vt 0.94425702 0.37643898
vt 0.93420398 0.37357903
vt 0.78702098 0.57200301
vt 0.78005600 0.57971799
vt 0.91944999 0.26199496
vt 0.77294397 0.58729702
vt 0.76568699 0.59473699
vt 0.91848201 0.27234304
vt 0.91731602 0.28267097
vt 0.75828803 0.60203600
vt 0.75074899 0.60919201
vt 0.91595203 0.29297501
vt 0.91438901 0.30324996
vt 0.74307501 0.61620200
vt 0.73526901 0.62306398
vt 0.93048501 0.32771301
vt 0.91262800 0.31349301
vt 0.91066897 0.32369995
vt 0.80700010 0.54807299
vt 0.80049598 0.55617797
vt 0.79383498 0.56415600
vt 0.86293602 0.46067399
vt 0.34727100 0.33978301
vt 0.34276998 0.34601200
vt 0.33746600 0.33295000
vt 0.33354899 0.34053099
vt 0.26494899 0.31682199
vt 0.26620999 0.31086600
vt 0.19703500 0.32683098
vt 0.19410899 0.31919003
vt 0.34428400 0.32495403
vt 0.35469201 0.33424997
vt 0.34048599 0.32832199
vt 0.35060999 0.33632302
vt 0.26787701 0.30168200
vt 0.26718998 0.30636203
vt 0.18933700 0.30896801
vt 0.19178100 0.31388104
vt 0.20218299 0.47339600
vt 0.20517799 0.44777596
vt 0.19539000 0.61692601
vt 0.20071390 0.63955402
vt 0.20066699 0.52066702
vt 0.20030700 0.49802399
vt 0.19091401 0.59351200
vt 0.18813400 0.56852299
vt 0.31467998 0.90527701
vt 0.30668300 0.90295500
vt 0.32198501 0.76065201
vt 0.31842601 0.73255599
vt 0.07760488 0.66253400
vt 0.07131427 0.44084501
vt 0.07562410 0.39063597
vt 0.43324101 0.94879299
vt 0.42529199 0.97327203
vt 0.44031301 0.87777501
vt 0.44675899 0.87871301
vt 0.43898299 0.91879898
vt 0.13099700 0.41646302
vt 0.12761800 0.45566100
vt 0.38218600 0.86760801
vt 0.13522901 0.64010602
vt 0.17641801 0.62415600
vt 0.14253600 0.66341400
vt 0.18268301 0.64680701
vt 0.12538400 0.51948500
vt 0.45572498 0.76896501
vt 0.45600501 0.80262601
vt 0.46469501 0.83466899
vt 0.46476299 0.87996203
vt 0.45501399 0.83553302
vt 0.45524999 0.87939996
vt 0.05437260 0.59353697
vt 0.45609501 0.66670001
vt 0.46242401 0.72028100
vt 0.44573599 0.67046601
vt 0.45167300 0.72283298
vt 0.36932999 0.04370409
vt 0.32124299 0.03679740
vt 0.10119300 0.26719999
vt 0.08154785 0.27915096
vt 0.04670321 0.06141728
vt 0.01641982 0.07034999
vt 0.28299299 0.03364217
vt 0.55463898 0.91201901
vt 0.57265800 0.91193497
vt 0.55701399 0.93843699
vt 0.57446599 0.93788099
vt 0.59216797 0.81593698
vt 0.57739902 0.81543499
vt 0.55971497 0.96104598
vt 0.56521100 0.96088099
vt 0.57129198 0.98152995
vt 0.57631701 0.98133802
vt 0.56250298 0.42180598
vt 0.56230998 0.41631997
vt 0.56422901 0.53617197
vt 0.67811602 0.81811798
vt 0.69589198 0.88755697
vt 0.69184101 0.91010302
vt 0.51886302 0.54872000
vt 0.69019598 0.95262402
vt 0.68881702 0.93219000
vt 0.61018902 0.53214598
vt 0.58656400 0.53492999
vt 0.65188301 0.54562598
vt 0.67145997 0.54913801
vt 0.69759202 0.86574996
vt 0.61479199 0.91153800
vt 0.59209001 0.78784597
vt 0.62550998 0.78998297
vt 0.62645102 0.81710500
vt 0.61942798 0.95823902
vt 0.58151299 0.96013701
vt 0.61512601 0.93639702
vt 0.56339401 0.47750998
vt 0.56282198 0.43847597
vt 0.52515101 0.63893402
vt 0.56285399 0.62750900
vt 0.77296901 0.82847202
vt 0.78220099 0.86287498
vt 0.63297898 0.64950597
vt 0.64878798 0.65313697
vt 0.78634799 0.94974995
vt 0.78317899 0.93346697
vt 0.59841001 0.63161802
vt 0.58062702 0.62866300
vt 0.78321099 0.88043600
vt 0.78627801 0.89903098
vt 0.79151797 0.89876300
vt 0.79747897 0.89840502
vt 0.79530996 0.82306099
vt 0.59741497 0.65288001
vt 0.52366996 0.64445901
vt 0.52218902 0.65096599
vt 0.50194103 0.64545900
vt 0.49812901 0.65213501
vt 0.73400998 0.82567000
vt 0.76058900 0.82821298
vt 0.73577398 0.84567899
vt 0.71151102 0.86552900
vt 0.73635501 0.86499399
vt 0.52137899 0.56259799
vt 0.52467698 0.58966500
vt 0.64820302 0.56105202
vt 0.66732997 0.56486797
vt 0.64124799 0.59305698
vt 0.65913802 0.59665698
vt 0.21051200 0.29689503
vt 0.18606400 0.30251801
vt 0.31325901 0.30252999
vt 0.33577901 0.31097698
vt 0.28880900 0.29690397
vt 0.26825899 0.29519701
vt 0.23106100 0.29519200
vt 0.24966000 0.29532200
vt 0.35053998 0.32114899
vt 0.36142099 0.33218199
vt 0.14878400 0.32113302
vt 0.16354500 0.31096303
vt 0.27959701 0.90015101
vt 0.29850999 0.90145302
vt 0.30534399 0.76189798
vt 0.28625700 0.76152301
vt 0.30189201 0.73633599
vt 0.28335300 0.73654300
vt 0.32854599 0.58575100
vt 0.32967499 0.56229198
vt 0.32928401 0.53784001
vt 0.32703301 0.51336598
vt 0.32350498 0.48928797
vt 0.31928599 0.46602601
vt 0.32459101 0.46338201
vt 0.32334200 0.62775803
vt 0.32623801 0.60724503
vt 0.24527290 0.76032698
vt 0.24466100 0.73624998
vt 0.24412300 0.80702800
vt 0.24529091 0.78404099
vt 0.24237999 0.82992202
vt 0.24067000 0.85335898
vt 0.23950200 0.87648100
vt 0.23938100 0.89843202
vt 0.14812490 0.80006200
vt 0.36001000 0.50871700
vt 0.55657601 0.29811096
vt 0.57302600 0.29947603
vt 0.55598199 0.31280899
vt 0.55598199 0.31280899
vt 0.57302600 0.29947603
vt 0.55070597 0.22637200
vt 0.57149398 0.22591501
vt 0.55346400 0.14999300
vt 0.57275999 0.15080202
vt 0.58885902 0.32047200
vt 0.60922098 0.30287802
vt 0.59068298 0.30122000
vt 0.60922098 0.30287802
vt 0.59118998 0.22571802
vt 0.61021996 0.22567302
vt 0.61027098 0.15070999
vt 0.61027300 0.16958296
vt 0.59161502 0.15092587
vt 0.59161502 0.15092587
vt 0.64768702 0.32620800
vt 0.62753898 0.32551199
vt 0.64768797 0.30439603
vt 0.62831497 0.30398202
vt 0.64768797 0.30439603
vt 0.62753898 0.32551199
vt 0.62901402 0.22567403
vt 0.64768898 0.22568601
vt 0.64768898 0.15039396
vt 0.62896997 0.15049803
vt 0.66705996 0.30398297
vt 0.68615502 0.30287999
vt 0.68515903 0.22567302
vt 0.66636503 0.22567403
vt 0.66640800 0.15049803
vt 0.68510699 0.15070802
vt 0.72235203 0.29947996
vt 0.70469397 0.30122304
vt 0.70651698 0.32047600
vt 0.70469397 0.30122304
vt 0.72400302 0.31673700
vt 0.72388601 0.22591603
vt 0.70418996 0.22571802
vt 0.70376301 0.15092397
vt 0.72261900 0.15079987
vt 0.73880202 0.29811597
vt 0.75350100 0.29871100
vt 0.75350100 0.29871100
vt 0.76620698 0.22714996
vt 0.74467599 0.22637302
vt 0.74357098 0.24546897
vt 0.74467599 0.22637302
vt 0.76425099 0.24689502
vt 0.76116997 0.14816701
vt 0.74191600 0.14998996
vt 0.86098099 0.05497921
vt 0.86033702 0.06274658
vt 0.85404098 0.05469829
vt 0.85218799 0.06196606
vt 0.85404098 0.05469829
vt 0.86033702 0.06274658
vt 0.89485502 0.05220830
vt 0.89507097 0.06202412
vt 0.88620400 0.06227833
vt 0.92216599 0.05273020
vt 0.93091899 0.05351299
vt 0.92179996 0.06227916
vt 0.93053597 0.06262338
vt 0.93091899 0.05351299
vt 0.85872996 0.07983756
vt 0.85951298 0.07108390
vt 0.89516401 0.07132381
vt 0.89518499 0.08030927
vt 0.93057901 0.08033437
vt 0.92166799 0.08033496
vt 0.93047702 0.07152587
vt 0.93047702 0.07152587
vt 0.84804302 0.08848751
vt 0.85801399 0.09800100
vt 0.85820901 0.08885366
vt 0.85801399 0.09800100
vt 0.84804302 0.08848751
vt 0.89518398 0.08918297
vt 0.89517897 0.09800076
vt 0.89517897 0.09800076
vt 0.93072802 0.09800076
vt 0.92171299 0.09800076
vt 0.93067902 0.08916259
vt 0.92169303 0.08918351
vt 0.93067902 0.08916259
vt 0.85820901 0.10714799
vt 0.84896600 0.11683798
vt 0.85873097 0.11616397
vt 0.85820901 0.10714799
vt 0.89518499 0.11569202
vt 0.89518398 0.10681897
vt 0.89518398 0.10681897
vt 0.88633597 0.11566699
vt 0.93067902 0.10683900
vt 0.93057901 0.11566699
vt 0.86033702 0.13325500
vt 0.85951298 0.12491798
vt 0.85042298 0.12577903
vt 0.89507097 0.13397694
vt 0.88620502 0.13372302
vt 0.89516401 0.12467802
vt 0.89516401 0.12467802
vt 0.93047702 0.12447602
vt 0.93053597 0.13337803
vt 0.92179996 0.13372201
vt 0.92166901 0.12457788
vt 0.93053597 0.13337803
vt 0.86098200 0.14102197
vt 0.86070198 0.14796299
vt 0.85404199 0.14130300
vt 0.85575998 0.14624399
vt 0.86070198 0.14796299
vt 0.89449000 0.15395904
vt 0.89485598 0.14379299
vt 0.92283899 0.15303499
vt 0.92216498 0.14327097
vt 0.93177998 0.15157902
vt 0.93091899 0.14248800
vt 0.93177998 0.15157902
vt 0.35005900 0.23633397
vt 0.32962701 0.23713702
vt 0.34782898 0.22203994
vt 0.31904998 0.22296202
vt 0.31939998 0.25215799
vt 0.30627200 0.24325699
vt 0.19305190 0.24324799
vt 0.17992499 0.25214803
vt 0.18929200 0.26762301
vt 0.16846199 0.28078699
vt 0.35045600 0.16876698
vt 0.39298901 0.17851996
vt 0.34737101 0.20157498
vt 0.19156100 0.16103500
vt 0.14886990 0.16876197
vt 0.42429399 0.18763399
vt 0.44998398 0.19642901
vt 0.41414601 0.22803301
vt 0.43720600 0.23805499
vt 0.10633700 0.17851400
vt 0.07503175 0.18762803
vt 0.08518028 0.22802502
vt 0.30776501 0.16103888
vt 0.27598599 0.15799999
vt 0.22333999 0.15799701
vt 0.24966399 0.15765101
vt 0.51068097 0.31332600
vt 0.50314498 0.31791198
vt 0.49831700 0.29509199
vt 0.48989901 0.29810101
vt 0.80092400 0.43928301
vt 0.79653800 0.44729000
vt 0.79700500 0.43718600
vt 0.79266101 0.44511604
vt 0.49831000 0.11890799
vt 0.48818800 0.13922298
vt 0.48989099 0.11589998
vt 0.47935700 0.13727903
vt 0.89796102 0.53083402
vt 0.90170997 0.53312898
vt 0.89177799 0.54071403
vt 0.89548200 0.54308301
vt 0.85650802 0.21089399
vt 0.85644698 0.22003996
vt 0.85206199 0.21095002
vt 0.85200202 0.22000998
vt 0.85629898 0.22918302
vt 0.85597497 0.23832101
vt 0.85185498 0.22906798
vt 0.85153401 0.23812103
vt 0.75860900 0.06244260
vt 0.77653402 0.07815266
vt 0.75402302 0.06998050
vt 0.77029198 0.08439445
vt 0.75599897 0.50797999
vt 0.75250602 0.50523198
vt 0.76157802 0.50074703
vt 0.75803202 0.49806702
vt 0.67146599 0.38763702
vt 0.67089701 0.37859297
vt 0.96922302 0.35931396
vt 0.97349602 0.36034900
vt 0.53677499 0.35154301
vt 0.51885301 0.33583403
vt 0.54136097 0.34400600
vt 0.52509397 0.32959300
vt 0.82990402 0.20700288
vt 0.82084101 0.20700288
vt 0.82833898 0.18321902
vt 0.81929398 0.18378800
vt 0.81870902 0.10923100
vt 0.82297897 0.10896188
vt 0.88539898 0.55046898
vt 0.88905603 0.55290997
vt 0.73578501 0.05761516
vt 0.71546900 0.04749238
vt 0.73879397 0.04919553
vt 0.71741402 0.03866053
vt 0.55959499 0.35636997
vt 0.57990903 0.36649299
vt 0.55658603 0.36478901
vt 0.57796299 0.37532401
vt 0.75072098 0.69436997
vt 0.75978202 0.68708402
vt 0.75349402 0.69780302
vt 0.76257902 0.69048703
vt 0.79199702 0.45520997
vt 0.78729999 0.46303999
vt 0.78816199 0.45296097
vt 0.78351098 0.46071696
vt 0.90400398 0.01197010
vt 0.90400398 0.01624906
vt 0.89277500 0.01270860
vt 0.89304399 0.01697910
vt 0.46704900 0.18322194
vt 0.47169101 0.15984488
vt 0.47609401 0.18379098
vt 0.48066399 0.16104299
vt 0.82046402 0.39804995
vt 0.81635898 0.39634502
vt 0.82388300 0.38958502
vt 0.81974500 0.38795996
vt 0.80719000 0.27478504
vt 0.81602198 0.27673101
vt 0.62390202 0.02635372
vt 0.62447202 0.03539866
vt 0.69291097 0.57391900
vt 0.69000900 0.57055098
vt 0.69977999 0.56788403
vt 0.69681400 0.56457299
vt 0.77745301 0.47841901
vt 0.77375698 0.47595000
vt 0.78245199 0.47077703
vt 0.77870798 0.46837997
vt 0.75028098 0.51510501
vt 0.74442500 0.52211797
vt 0.74684101 0.51228899
vt 0.74103999 0.51923603
vt 0.82713598 0.38105398
vt 0.82296801 0.37950999
vt 0.83022201 0.37246001
vt 0.82602501 0.37099802
vt 0.91523302 0.01270992
vt 0.91496402 0.01698035
vt 0.82833701 0.23078698
vt 0.82369101 0.25416499
vt 0.81929100 0.23021698
vt 0.81471699 0.25296599
vt 0.80515301 0.43119204
vt 0.80119300 0.42917204
vt 0.70653200 0.56171900
vt 0.70350301 0.55846602
vt 0.71316302 0.55542600
vt 0.71007198 0.55223101
vt 0.57990402 0.04749823
vt 0.57795799 0.03866690
vt 0.60172302 0.03997171
vt 0.60052502 0.03099817
vt 0.85035402 0.29285198
vt 0.84596598 0.29214096
vt 0.85172802 0.28381598
vt 0.84732699 0.28319001
vt 0.83589202 0.35509801
vt 0.83314097 0.36380696
vt 0.83164001 0.35380101
vt 0.82891601 0.36242700
vt 0.98929203 0.08677238
vt 0.98502100 0.08704126
vt 0.72605401 0.54246300
vt 0.71967101 0.54900599
vt 0.72284198 0.53939098
vt 0.71651900 0.54587197
vt 0.54135400 0.06998849
vt 0.53676802 0.06245136
vt 0.55958903 0.05762237
vt 0.55658001 0.04920340
vt 0.85292697 0.27475399
vt 0.84851497 0.27421296
vt 0.85395199 0.26567101
vt 0.84952998 0.26521504
vt 0.80719602 0.13921702
vt 0.81602800 0.13727200
vt 0.81472200 0.16103798
vt 0.82369602 0.15983999
vt 0.76701403 0.49340701
vt 0.76341701 0.49079704
vt 0.77230698 0.48596400
vt 0.76865900 0.48342299
vt 0.83847201 0.34633696
vt 0.83419698 0.34512198
vt 0.48819399 0.27477896
vt 0.47936401 0.27672398
vt 0.73843300 0.52901697
vt 0.73230898 0.53579998
vt 0.73510498 0.52607000
vt 0.72903800 0.53278899
vt 0.50313699 0.09608608
vt 0.51884502 0.07816190
vt 0.51067400 0.10067201
vt 0.52508700 0.08440286
vt 0.71546400 0.36649901
vt 0.71740800 0.37532997
vt 0.69364500 0.37402296
vt 0.69484198 0.38299596
vt 0.93093902 0.46920097
vt 0.93493098 0.47104400
vt 0.85547602 0.24745101
vt 0.85480100 0.25656796
vt 0.85104001 0.24716496
vt 0.85037100 0.25619799
vt 0.78470701 0.10066402
vt 0.79224497 0.09607708
vt 0.79707301 0.11890000
vt 0.80549198 0.11589199
vt 0.96296602 0.33428597
vt 0.97027600 0.28918999
vt 0.97408903 0.24367601
vt 0.78712398 0.64822900
vt 0.81933099 0.61583799
vt 0.84894997 0.58104599
vt 0.88116997 0.54764599
vt 0.87579501 0.54405802
vt 0.89967996 0.50508100
vt 0.93800002 0.42214400
vt 0.95219100 0.37869501
vt 0.51914197 0.10558701
vt 0.52946901 0.11115897
vt 0.51914197 0.10558701
vt 0.48840600 0.18455201
vt 0.50725400 0.18569988
vt 0.48840600 0.18455201
vt 0.49943301 0.27235997
vt 0.51548898 0.26899499
vt 0.50845098 0.29160297
vt 0.52201599 0.28715199
vt 0.50845098 0.29160297
vt 0.51548898 0.26899499
vt 0.54627597 0.33553898
vt 0.55184901 0.32521296
vt 0.71304601 0.35525900
vt 0.70968199 0.33920300
vt 0.78693098 0.29161000
vt 0.77623200 0.30841899
vt 0.76590502 0.30284500
vt 0.80697799 0.22945297
vt 0.78812897 0.22830403
vt 0.80697799 0.22945297
vt 0.79595602 0.14163500
vt 0.77989900 0.14499998
vt 0.78693801 0.12238997
vt 0.77989900 0.14499998
vt 0.73229599 0.06775039
vt 0.74910700 0.07844830
vt 0.72784603 0.08131689
vt 0.74353397 0.08877599
vt 0.74910700 0.07844830
vt 0.58232301 0.05873799
vt 0.58568799 0.07479429
vt 0.56307900 0.06775689
vt 0.56752998 0.08132249
vt 0.86646497 0.31475103
vt 0.85840899 0.31312096
vt 0.87255299 0.27716398
vt 0.86439502 0.27616203
vt 0.87572998 0.23921204
vt 0.86751801 0.23884094
vt 0.72000700 0.57618999
vt 0.71440500 0.57017499
vt 0.74685901 0.54918897
vt 0.74080998 0.54362297
vt 0.77154100 0.52020299
vt 0.76507998 0.51512200
vt 0.79389697 0.48939896
vt 0.78706098 0.48483503
vt 0.81378502 0.45695603
vt 0.80661601 0.45293796
vt 0.84567600 0.38792199
vt 0.83796996 0.38506603
vt 0.85749197 0.35174501
vt 0.84958601 0.34949601
vt 0.94925499 0.04218477
vt 0.91460401 0.02279371
vt 0.91406101 0.03169286
vt 0.87472999 0.03557825
vt 0.83825600 0.05805218
vt 0.84330797 0.05011511
vt 0.84466201 0.06015366
vt 0.84818399 0.05274677
vt 0.84466201 0.06015366
vt 0.84330797 0.05011511
vt 0.83399898 0.12886399
vt 0.84157997 0.12727499
vt 0.83825701 0.13795000
vt 0.84157997 0.12727499
vt 0.85874999 0.15381998
vt 0.89394599 0.16430902
vt 0.93327498 0.16042101
vt 0.95981902 0.14325202
vt 0.96334100 0.13584602
vt 0.96469498 0.14588398
vt 0.97400302 0.06714088
vt 0.96642202 0.06872940
vt 0.96974599 0.05805486
vt 0.96642202 0.06872940
vt 0.97450799 0.23225796
vt 0.97472298 0.22082901
vt 0.90517199 0.49505496
vt 0.91046697 0.48492396
vt 0.64768600 0.36770296
vt 0.62523699 0.36627901
vt 0.64768600 0.34851801
vt 0.62638599 0.34743202
vt 0.64768600 0.04628730
vt 0.67013699 0.04770958
vt 0.64768702 0.06547350
vt 0.66898900 0.06655830
vt 0.86784899 0.22948098
vt 0.86800098 0.22011602
vt 0.81110996 0.44473302
vt 0.81544298 0.43644297
vt 0.82879299 0.08740085
vt 0.83076602 0.07703507
vt 0.83769202 0.08794308
vt 0.83769202 0.08794308
vt 0.83076602 0.07703507
vt 0.97920799 0.10860002
vt 0.97723502 0.11896503
vt 0.97030902 0.10805798
vt 0.97030902 0.10805798
vt 0.97723502 0.11896503
vt 0.14908591 0.71459299
vt 0.14519000 0.71012902
vt 0.16184901 0.68756700
vt 0.15823400 0.68307799
vt 0.11447600 0.88439602
vt 0.12219100 0.90278399
vt 0.11001400 0.84864497
vt 0.06908595 0.78335100
vt 0.06420749 0.78214401
vt 0.08091366 0.76474798
vt 0.07668238 0.76104498
vt 0.37508199 0.45247197
vt 0.37855101 0.44765496
vt 0.10204700 0.75375903
vt 0.09846657 0.74900997
vt 0.45398101 0.56044000
vt 0.45962000 0.56217200
vt 0.38684699 0.62106299
vt 0.41003299 0.56404799
vt 0.42474401 0.53249401
vt 0.38493100 0.58810699
vt 0.41019401 0.60831201
vt 0.41158199 0.61352301
vt 0.39396799 0.62085599
vt 0.07611179 0.83322996
vt 0.12318999 0.91299301
vt 0.06931668 0.88066202
vt 0.07435840 0.87649602
vt 0.46289301 0.54467702
vt 0.45972699 0.53282797
vt 0.46910200 0.54338998
vt 0.46408200 0.52822298
vt 0.36007100 0.60000998
vt 0.36570901 0.57553601
vt 0.35684499 0.61861998
vt 0.35482401 0.63429999
vt 0.17362000 0.70671302
vt 0.16219600 0.73290199
vt 0.15359691 0.90971798
vt 0.42951798 0.49314600
vt 0.41811699 0.48016703
vt 0.09753847 0.81696600
vt 0.41083601 0.52474099
vt 0.41853198 0.52926898
vt 0.07279390 0.83902401
vt 0.06723767 0.84518498
vt 0.44156599 0.55246001
vt 0.11102000 0.76644099
vt 0.10608100 0.75930399
vt 0.39651999 0.47445399
vt 0.41777998 0.27916300
vt 0.84304702 0.80759299
vt 0.88216698 0.82030201
vt 0.89796501 0.87122899
vt 0.90189898 0.88455999
vt 0.62310702 0.71397400
vt 0.60073298 0.74899101
vt 0.32164800 0.43586999
vt 0.93738097 0.28514200
vt 0.73367602 0.65441602
vt 0.76453102 0.62398398
vt 0.79493898 0.59340203
vt 0.82289702 0.56056601
vt 0.72739601 0.62985200
vt 0.30974600 0.92799199
vt 0.30269501 0.92581201
vt 0.31025699 0.73516399
vt 0.31357300 0.76156902
vt 0.08598560 0.68687099
vt 0.08806139 0.44533098
vt 0.09197247 0.39839500
vt 0.42306900 0.87470102
vt 0.12537000 0.49121499
vt 0.57762200 0.78694499
vt 0.59117901 0.98054999
vt 0.67515099 0.79229200
vt 0.49471399 0.54374099
vt 0.69377798 0.97222996
vt 0.62571502 0.97857302
vt 0.50549603 0.63993996
vt 0.77433300 0.81083995
vt 0.81237799 0.89522797
vt 0.81036800 0.82348502
vt 0.73165500 0.80531299
vt 0.76114297 0.80997199
vt 0.50442100 0.58735102
vt 0.49875000 0.55765200
vt 0.29558301 0.92417902
vt 0.27806100 0.92240399
vt 0.33646300 0.56317699
vt 0.31472200 0.44316995
vt 0.31825000 0.44030702
vt 0.55657601 0.29811096
vt 0.57149398 0.22591501
vt 0.55070597 0.22637200
vt 0.61027098 0.15070999
vt 0.62831497 0.30398202
vt 0.64768797 0.28341603
vt 0.62831497 0.30398202
vt 0.62896997 0.15049803
vt 0.62877202 0.13080204
vt 0.64768898 0.15039396
vt 0.66705996 0.30398297
vt 0.66660398 0.28319401
vt 0.68615502 0.30287999
vt 0.68538398 0.13134003
vt 0.66640800 0.15049803
vt 0.70469397 0.30122304
vt 0.72235203 0.29947996
vt 0.72235203 0.29947996
vt 0.73880202 0.29811597
vt 0.74016702 0.28166604
vt 0.75350100 0.29871100
vt 0.93091899 0.05351299
vt 0.93053597 0.06262338
vt 0.93915397 0.06284910
vt 0.93053597 0.06262338
vt 0.93925601 0.05433691
vt 0.93047702 0.07152587
vt 0.93937999 0.07146728
vt 0.93057901 0.08033437
vt 0.93972397 0.08020347
vt 0.93937999 0.07146728
vt 0.85820901 0.08885366
vt 0.86802500 0.08906937
vt 0.86791998 0.09800088
vt 0.85820901 0.08885366
vt 0.86802500 0.10693198
vt 0.85873097 0.11616397
vt 0.93972397 0.11579788
vt 0.93067902 0.10683900
vt 0.93057901 0.11566699
vt 0.93067902 0.10683900
vt 0.86098200 0.14102197
vt 0.86796898 0.14981496
vt 0.86070198 0.14796299
vt 0.86874902 0.14166594
vt 0.93925500 0.14166498
vt 0.94003600 0.14981294
vt 0.93091899 0.14248800
vt 0.93177998 0.15157902
vt 0.93091899 0.14248800
vt 0.94003600 0.14981294
vt 0.17841300 0.27010500
vt 0.16363099 0.27971804
vt 0.50725400 0.18569988
vt 0.53795499 0.28331399
vt 0.53421497 0.26582897
vt 0.55184901 0.32521296
vt 0.57137299 0.31673300
vt 0.57137299 0.31673300
vt 0.55184901 0.32521296
vt 0.70968199 0.33920300
vt 0.70651698 0.32047600
vt 0.78812897 0.22830403
vt 0.75742996 0.13067901
vt 0.76116997 0.14816701
vt 0.72784603 0.08131689
vt 0.74353397 0.08877599
vt 0.72400802 0.09725791
vt 0.74353397 0.08877599
vt 0.58568799 0.07479429
vt 0.84818399 0.05274677
vt 0.85404098 0.05469829
vt 0.85218799 0.06196606
vt 0.95981902 0.14325202
vt 0.95396197 0.14130104
vt 0.95581502 0.13403398
vt 0.97483701 0.20939201
vt 0.62753898 0.32551199
vt 0.86806297 0.21074802
vt 0.82812101 0.09800130
vt 0.82879299 0.08740085
vt 0.97987998 0.09800076
vt 0.97920799 0.10860002
vt 0.37752301 0.58353198
vt 0.15431100 0.72140199
vt 0.16659901 0.69459802
vt 0.42799899 0.50935102
vt 0.44805700 0.55757803
vt 0.81187999 0.79905802
vt 0.88762599 0.85985500
vt 0.89402997 0.85789800
vt 0.69005400 0.61528099
vt 0.73224401 0.67035997
vt 0.72520602 0.66118503
vt 0.32918301 0.34959000
vt 0.26354799 0.32350498
vt 0.20026000 0.33563900
vt 0.09467357 0.65586799
vt 0.10279500 0.67992097
vt 0.46630499 0.80128801
vt 0.04487031 0.59426701
vt 0.37064299 0.03548789
vt 0.04474288 0.05332923
vt 0.28351599 0.02538401
vt 0.32222399 0.02855247
vt 0.54867703 0.91194499
vt 0.57263100 0.78666097
vt 0.57238603 0.81526703
vt 0.56395197 0.51728499
vt 0.65936899 0.79193801
vt 0.66138703 0.81810898
vt 0.79661900 0.79887098
vt 0.13790300 0.33216596
vt 0.23978300 0.91979802
vt 0.55657601 0.29811096
vt 0.54187799 0.29870498
vt 0.55521202 0.28166199
vt 0.59068298 0.30122000
vt 0.57302600 0.29947603
vt 0.60922098 0.30287802
vt 0.62877297 0.28319299
vt 0.62896997 0.15049803
vt 0.60999298 0.13134193
vt 0.64768797 0.28341603
vt 0.66705996 0.30398297
vt 0.66640800 0.15049803
vt 0.64768898 0.15039396
vt 0.66660500 0.13080096
vt 0.73880202 0.29811597
vt 0.72388601 0.22591603
vt 0.74467599 0.22637302
vt 0.86796802 0.04618633
vt 0.86874902 0.05433500
vt 0.86070102 0.04803866
vt 0.93177998 0.04442263
vt 0.94003600 0.04618877
vt 0.93925601 0.05433691
vt 0.94003600 0.04618877
vt 0.85820901 0.08885366
vt 0.85872996 0.07983756
vt 0.86802500 0.08906937
vt 0.93067902 0.08916259
vt 0.86802500 0.10693198
vt 0.85820901 0.10714799
vt 0.86791998 0.09800088
vt 0.93047702 0.12447602
vt 0.93937999 0.12453401
vt 0.93937999 0.12453401
vt 0.93057901 0.11566699
vt 0.93915397 0.13315201
vt 0.93925500 0.14166498
vt 0.04934144 0.19642401
vt 0.80099601 0.44978797
vt 0.86140800 0.22931498
vt 0.86155802 0.22007298
vt 0.86108100 0.23855102
vt 0.76001602 0.51113999
vt 0.69208801 0.36210299
vt 0.82879299 0.10860199
vt 0.78170300 0.48125803
vt 0.83192897 0.38282901
vt 0.80543000 0.44169402
vt 0.80970502 0.43351501
vt 0.71001399 0.56545997
vt 0.58232301 0.05873799
vt 0.97920799 0.08740121
vt 0.85800004 0.27537704
vt 0.79595602 0.14163500
vt 0.84338897 0.34773397
vt 0.73606998 0.53926098
vt 0.52946901 0.11115897
vt 0.53902400 0.09833926
vt 0.54187298 0.11529201
vt 0.53421497 0.26582897
vt 0.51548898 0.26899499
vt 0.53113097 0.24689198
vt 0.53903002 0.31565702
vt 0.55598199 0.31280899
vt 0.68981200 0.34429097
vt 0.68757999 0.32355899
vt 0.70968199 0.33920300
vt 0.76116997 0.14816701
vt 0.77989900 0.14499998
vt 0.76425397 0.16710502
vt 0.75635397 0.09833270
vt 0.58568799 0.07479429
vt 0.85575998 0.04975730
vt 0.85404098 0.05469829
vt 0.85269600 0.04669380
vt 0.84896600 0.11683798
vt 0.92389297 0.16282302
vt 0.92283899 0.15303499
vt 0.93327498 0.16042101
vt 0.95224398 0.14624202
vt 0.95396197 0.14130104
vt 0.95530701 0.14930499
vt 0.95903599 0.07916540
vt 0.86161900 0.21082902
vt 0.83769202 0.08794308
vt 0.97030902 0.10805798
vt 0.45561799 0.54705000
vt 0.45300901 0.54003799
vt 0.15627000 0.92529601
vt 0.69708097 0.62445498
vt 0.33768800 0.35362500
vt 0.46875301 0.77386302
vt 0.06212061 0.23804700
vt 0.01407939 0.06235367
vt 0.55116701 0.93852901
vt 0.55657601 0.29811096
vt 0.54187799 0.29870498
vt 0.55180997 0.24546701
vt 0.53113097 0.24689198
vt 0.55070597 0.22637200
vt 0.57302600 0.29947603
vt 0.59068298 0.30122000
vt 0.64768702 0.32620800
vt 0.66783500 0.32551301
vt 0.66783500 0.32551301
vt 0.68615502 0.30287999
vt 0.70651698 0.32047600
vt 0.68510699 0.15070802
vt 0.70376301 0.15092397
vt 0.68510503 0.16958201
vt 0.73880202 0.29811597
vt 0.72235203 0.29947996
vt 0.86098099 0.05497921
vt 0.85404098 0.05469829
vt 0.86070102 0.04803866
vt 0.92283899 0.04296631
vt 0.93177998 0.04442263
vt 0.92216599 0.05273020
vt 0.89516401 0.07132381
vt 0.92166901 0.07142377
vt 0.84804302 0.08848751
vt 0.84896600 0.07916451
vt 0.88633597 0.08033460
vt 0.89518398 0.08918297
vt 0.93057901 0.08033437
vt 0.85820901 0.10714799
vt 0.84804302 0.10751498
vt 0.85801399 0.09800100
vt 0.89517897 0.09800076
vt 0.92169303 0.10681802
vt 0.93047702 0.12447602
vt 0.92166799 0.11566699
vt 0.85218900 0.13403600
vt 0.86033702 0.13325500
vt 0.85404199 0.14130300
vt 0.92216498 0.14327097
vt 0.93053597 0.13337803
vt 0.51039600 0.16487598
vt 0.50725400 0.18569988
vt 0.49258399 0.16259998
vt 0.54627597 0.33553898
vt 0.53169799 0.32298899
vt 0.71304601 0.35525900
vt 0.76368701 0.09099996
vt 0.74353397 0.08877599
vt 0.75635397 0.09833270
vt 0.60328197 0.05189180
vt 0.60555899 0.06970459
vt 0.58232301 0.05873799
vt 0.95188600 0.03730899
vt 0.95876902 0.04323518
vt 0.94925499 0.04218477
vt 0.95530701 0.04669690
vt 0.94925499 0.04218477
vt 0.95876902 0.04323518
vt 0.92389297 0.03317755
vt 0.91406101 0.03169286
vt 0.92496902 0.02476740
vt 0.85611898 0.15869594
vt 0.84923500 0.15276998
vt 0.85874999 0.15381998
vt 0.85269701 0.14930797
vt 0.85874999 0.15381998
vt 0.84923500 0.15276998
vt 0.88411301 0.16282499
vt 0.89394599 0.16430902
vt 0.88303900 0.17123497
vt 0.96469498 0.14588398
vt 0.95876902 0.15276700
vt 0.95981902 0.14325202
vt 0.62523699 0.36627901
vt 0.62638599 0.34743202
vt 0.60556197 0.34428799
vt 0.62638599 0.34743202
vt 0.60328501 0.36210001
vt 0.66898900 0.06655830
vt 0.69209099 0.05188793
vt 0.83917701 0.07811016
vt 0.96882498 0.11789000
f 1/1 2/2 3/3
f 4/4 3/3 2/2
f 5/5 6/6 7/7
f 8/8 7/7 6/6
f 9/9 10/10 11/11
f 12/12 11/11 10/10
f 13/13 14/14 15/15
f 16/16 15/15 14/14
f 17/17 18/18 19/19
f 20/20 19/19 18/18
f 21/21 22/22 16/16
f 15/15 16/16 22/22
f 23/23 24/24 25/25
f 26/26 25/25 24/24
f 27/27 28/28 29/29
f 30/30 29/29 28/28
f 31/31 32/32 33/33
f 34/34 33/33 32/32
f 35/35 36/36 37/37
f 38/38 37/37 36/36
f 39/39 40/40 41/41
f 42/42 41/41 40/40
f 43/43 44/44 45/45
f 46/46 45/45 44/44
f 47/47 48/48 49/49
f 50/50 49/49 48/48
f 51/51 52/52 53/53
f 54/54 53/53 52/52
f 55/55 56/56 57/57
f 58/58 57/57 56/56
f 59/59 60/60 61/61
f 62/62 61/61 60/60
f 63/63 64/64 65/65
f 66/66 65/65 64/64
f 67/67 68/68 69/69
f 70/70 69/69 68/68
f 71/71 72/72 73/73
f 74/74 73/73 72/72
f 75/75 76/76 77/77
f 78/78 77/77 76/76
f 79/79 80/80 81/81
f 82/82 81/81 80/80
f 83/83 84/84 85/85
f 86/86 85/85 84/84
f 87/87 88/88 89/89
f 90/90 89/89 88/88
f 91/91 92/92 93/93
f 94/94 93/93 92/92
f 95/95 96/96 97/97
f 98/98 97/97 96/96
f 99/99 100/100 101/101
f 102/102 101/101 100/100
f 103/103 104/104 105/105
f 106/106 105/105 104/104
f 107/107 108/108 109/109
f 110/110 109/109 108/108
f 111/111 112/112 113/113
f 114/114 113/113 112/112
f 115/115 116/116 117/117
f 118/118 117/117 116/116
f 119/119 120/120 121/121
f 122/122 121/121 120/120
f 123/123 124/124 125/125
f 126/126 125/125 124/124
f 127/127 128/128 129/129
f 130/130 129/129 128/128
f 131/131 132/132 133/133
f 134/134 133/133 132/132
f 135/135 136/136 137/137
f 138/138 137/137 136/136
f 139/139 140/140 141/141
f 142/142 141/141 140/140
f 143/143 144/144 67/67
f 68/68 67/67 144/144
f 145/145 146/146 79/79
f 80/80 79/79 146/146
f 147/147 148/148 149/149
f 150/150 149/149 148/148
f 151/151 152/152 153/153
f 154/154 153/153 152/152
f 155/155 156/156 63/63
f 64/64 63/63 156/156
f 157/157 158/158 75/75
f 76/76 75/75 158/158
f 159/159 160/160 161/161
f 162/162 161/161 160/160
f 163/163 164/164 83/83
f 84/84 83/83 164/164
f 165/165 166/166 167/167
f 168/168 167/167 166/166
f 169/169 170/170 171/171
f 172/172 171/171 170/170
f 173/173 174/174 175/175
f 176/176 175/175 174/174
f 177/177 178/178 179/179
f 180/180 179/179 178/178
f 181/181 182/182 183/183
f 184/184 183/183 182/182
f 185/185 186/186 187/187
f 188/188 187/187 186/186
f 189/189 190/190 191/191
f 192/192 191/191 190/190
f 193/193 194/194 195/195
f 196/196 195/195 194/194
f 197/197 198/198 199/199
f 200/200 199/199 198/198
f 201/201 202/202 203/203
f 204/204 203/203 202/202
f 205/205 206/206 207/207
f 208/208 207/207 206/206
f 209/209 210/210 211/211
f 212/212 211/211 210/210
f 213/213 214/214 215/215
f 216/216 215/215 214/214
f 217/217 218/218 219/219
f 220/220 219/219 218/218
f 221/221 222/222 223/223
f 224/224 223/223 222/222
f 225/225 226/226 227/227
f 228/228 227/227 226/226
f 229/229 230/230 231/231
f 232/232 231/231 230/230
f 233/233 234/234 235/235
f 236/236 235/235 234/234
f 237/237 238/238 239/239
f 240/240 239/239 238/238
f 241/241 242/242 243/243
f 244/244 243/243 242/242
f 245/245 246/246 247/247
f 211/211 247/247 246/246
f 248/248 249/249 250/250
f 251/251 250/250 249/249
f 252/252 253/253 254/254
f 221/221 254/254 253/253
f 255/255 256/256 257/257
f 258/258 257/257 256/256
f 259/259 260/260 261/261
f 262/262 261/261 260/260
f 263/263 264/264 265/265
f 266/266 265/265 264/264
f 267/267 268/268 269/269
f 270/270 269/269 268/268
f 271/271 272/272 273/273
f 274/274 273/273 272/272
f 275/275 276/276 277/277
f 278/278 277/277 276/276
f 279/279 280/280 281/281
f 282/282 281/281 280/280
f 283/283 284/284 285/285
f 286/286 285/285 284/284
f 287/287 288/288 289/289
f 290/290 289/289 288/288
f 291/291 292/292 293/293
f 294/294 293/293 292/292
f 295/295 296/296 297/297
f 298/298 297/297 296/296
f 299/299 300/300 301/301
f 302/302 301/301 300/300
f 303/303 304/304 305/305
f 306/306 305/305 304/304
f 307/307 308/308 309/309
f 310/310 309/309 308/308
f 311/311 312/312 313/313
f 314/314 313/313 312/312
f 315/315 316/316 317/317
f 318/318 317/317 316/316
f 319/319 320/320 321/321
f 322/322 321/321 320/320
f 323/323 324/324 325/325
f 326/326 325/325 324/324
f 280/280 292/292 327/327
f 328/328 327/327 292/292
f 329/329 330/330 283/283
f 331/331 283/283 330/330
f 332/332 333/333 287/287
f 288/288 287/287 333/333
f 334/334 328/328 291/291
f 292/292 291/291 328/328
f 335/335 336/336 337/337
f 338/338 337/337 336/336
f 339/339 340/340 341/341
f 342/342 341/341 340/340
f 343/343 344/344 345/345
f 346/346 345/345 344/344
f 347/347 348/348 349/349
f 350/350 349/349 348/348
f 351/351 352/352 353/353
f 354/354 353/353 352/352
f 355/355 356/356 357/357
f 358/358 357/357 356/356
f 359/359 360/360 361/361
f 362/362 361/361 360/360
f 363/363 364/364 365/365
f 366/366 365/365 364/364
f 367/367 368/368 369/369
f 370/370 369/369 368/368
f 371/371 372/372 355/355
f 356/356 355/355 372/372
f 373/373 374/374 375/375
f 376/376 375/375 374/374
f 377/377 378/378 339/339
f 340/340 339/339 378/378
f 379/379 380/380 381/381
f 382/382 381/381 380/380
f 383/383 384/384 385/385
f 386/386 385/385 384/384
f 387/387 388/388 389/389
f 390/390 389/389 388/388
f 391/391 392/392 393/393
f 394/394 393/393 392/392
f 395/395 396/396 397/397
f 398/398 397/397 396/396
f 399/399 400/400 401/401
f 402/402 401/401 400/400
f 403/403 404/404 405/405
f 406/406 405/405 404/404
f 407/407 408/408 409/409
f 410/410 409/409 408/408
f 411/411 412/412 413/413
f 414/414 413/413 412/412
f 415/415 416/416 417/417
f 418/418 417/417 416/416
f 419/419 420/420 421/421
f 422/422 421/421 420/420
f 216/216 214/214 423/423
f 424/424 423/423 214/214
f 206/206 425/425 208/208
f 426/426 208/208 425/425
f 427/427 428/428 429/429
f 430/430 429/429 428/428
f 431/431 432/432 433/433
f 434/434 433/433 432/432
f 435/435 436/436 437/437
f 438/438 437/437 436/436
f 439/439 440/440 441/441
f 442/442 441/441 440/440
f 443/443 444/444 445/445
f 446/446 445/445 444/444
f 447/447 448/448 449/449
f 450/450 449/449 448/448
f 451/451 452/452 453/453
f 454/454 453/453 452/452
f 455/455 456/456 457/457
f 458/458 457/457 456/456
f 459/459 460/460 461/461
f 462/462 461/461 460/460
f 463/463 464/464 465/465
f 466/466 465/465 464/464
f 467/467 468/468 469/469
f 470/470 471/471 472/472
f 473/473 474/474 475/475
f 476/476 475/475 474/474
f 477/477 478/478 479/479
f 480/480 481/481 482/482
f 483/483 484/484 485/485
f 486/486 485/485 484/484
f 487/487 488/488 489/489
f 490/490 489/489 488/488
f 491/491 492/492 493/493
f 494/494 493/493 492/492
f 495/495 496/496 497/497
f 498/498 497/497 496/496
f 499/499 500/500 501/501
f 502/502 501/501 500/500
f 503/503 504/504 505/505
f 506/506 505/505 504/504
f 507/507 508/508 509/509
f 510/510 509/509 508/508
f 511/511 512/512 513/513
f 514/514 515/515 516/516
f 517/517 518/518 519/519
f 520/520 521/521 522/522
f 523/523 524/524 525/525
f 526/526 525/525 524/524
f 527/527 528/528 529/529
f 530/530 529/529 528/528
f 531/531 532/532 533/533
f 534/534 533/533 532/532
f 535/535 536/536 537/537
f 538/538 537/537 536/536
f 539/539 540/540 541/541
f 542/542 543/543 544/544
f 545/545 546/546 547/547
f 548/548 549/549 550/550
f 551/551 552/552 553/553
f 554/554 553/553 552/552
f 555/555 556/556 557/557
f 558/558 557/557 556/556
f 559/559 560/560 561/561
f 562/562 563/563 564/564
f 565/565 566/566 567/567
f 568/568 567/567 566/566
f 569/569 570/570 571/571
f 572/572 571/571 570/570
f 573/573 574/574 575/575
f 576/576 575/575 574/574
f 577/577 578/578 579/579
f 580/580 579/579 578/578
f 581/581 582/582 583/583
f 584/584 585/585 586/586
f 587/587 588/588 589/589
f 590/590 589/589 588/588
f 591/591 592/592 593/593
f 594/594 593/593 592/592
f 595/595 596/596 597/597
f 598/598 599/599 600/600
f 601/601 602/602 603/603
f 604/604 603/603 602/602
f 605/605 606/606 607/607
f 608/608 607/607 606/606
f 609/609 610/610 611/611
f 612/612 611/611 610/610
f 613/613 614/614 615/615
f 616/616 617/617 618/618
f 619/619 620/620 621/621
f 622/622 623/623 624/624
f 625/625 626/626 627/627
f 628/628 627/627 626/626
f 629/629 630/630 631/631
f 632/632 631/631 630/630
f 633/633 634/634 635/635
f 636/636 635/635 634/634
f 637/637 638/638 639/639
f 640/640 639/639 638/638
f 641/641 642/642 643/643
f 644/644 643/643 642/642
f 645/645 646/646 647/647
f 648/648 647/647 646/646
f 649/649 650/650 651/651
f 652/652 651/651 650/650
f 653/653 654/654 655/655
f 656/656 655/655 654/654
f 657/657 658/658 659/659
f 660/660 659/659 658/658
f 661/661 662/662 663/663
f 664/664 663/663 662/662
f 665/665 666/666 667/667
f 668/668 667/667 666/666
f 669/669 670/670 671/671
f 672/672 671/671 670/670
f 673/673 674/674 675/675
f 676/676 675/675 674/674
f 677/677 678/678 679/679
f 680/680 679/679 678/678
f 681/681 682/682 683/683
f 684/684 683/683 682/682
f 685/685 686/686 687/687
f 688/688 687/687 686/686
f 689/689 690/690 691/691
f 692/692 691/691 690/690
f 693/693 694/694 695/695
f 696/696 695/695 694/694
f 697/697 698/698 699/699
f 700/700 699/699 698/698
f 701/701 702/702 703/703
f 704/704 703/703 702/702
f 705/705 706/706 707/707
f 708/708 707/707 706/706
f 709/709 710/710 711/711
f 712/712 711/711 710/710
f 713/713 714/714 715/715
f 716/716 715/715 714/714
f 717/717 718/718 719/719
f 720/720 719/719 718/718
f 721/721 722/722 723/723
f 724/724 723/723 722/722
f 725/725 726/726 727/727
f 728/728 727/727 726/726
f 729/729 730/730 731/731
f 732/732 731/731 730/730
f 733/733 734/734 735/735
f 736/736 735/735 734/734
f 737/737 738/738 739/739
f 740/740 739/739 738/738
f 741/741 742/742 743/743
f 744/744 743/743 742/742
f 745/745 746/746 747/747
f 748/748 747/747 746/746
f 749/749 750/750 751/751
f 752/752 751/751 750/750
f 753/753 754/754 755/755
f 756/756 755/755 754/754
f 757/757 758/758 759/759
f 760/760 759/759 758/758
f 761/761 762/762 763/763
f 764/764 763/763 762/762
f 765/765 766/766 767/767
f 768/768 767/767 766/766
f 769/769 770/770 771/771
f 772/772 771/771 770/770
f 773/773 774/774 775/775
f 776/776 775/775 774/774
f 777/777 778/778 779/779
f 780/780 779/779 778/778
f 781/781 782/782 783/783
f 784/784 783/783 782/782
f 785/785 786/786 787/787
f 788/788 787/787 786/786
f 789/789 790/790 791/791
f 792/792 791/791 790/790
f 793/793 794/794 795/795
f 796/796 795/795 794/794
f 797/797 798/798 799/799
f 800/800 799/799 798/798
f 801/801 802/802 803/803
f 804/804 803/803 802/802
f 805/805 806/806 807/807
f 808/808 807/807 806/806
f 809/809 810/810 811/811
f 812/812 811/811 810/810
f 813/813 814/814 815/815
f 816/816 815/815 814/814
f 817/817 818/818 819/819
f 820/820 819/819 818/818
f 821/821 822/822 823/823
f 824/824 823/823 822/822
f 825/825 826/826 827/827
f 828/828 827/827 826/826
f 829/829 830/830 831/831
f 832/832 831/831 830/830
f 833/833 834/834 835/835
f 836/836 835/835 834/834
f 837/837 838/838 839/839
f 840/840 839/839 838/838
f 841/841 842/842 843/843
f 844/844 843/843 842/842
f 845/845 846/846 847/847
f 848/848 847/847 846/846
f 849/849 850/850 851/851
f 852/852 851/851 850/850
f 853/853 854/854 855/855
f 856/856 855/855 854/854
f 857/857 858/858 859/859
f 860/860 859/859 858/858
f 747/747 861/861 680/680
f 862/862 680/680 861/861
f 843/843 863/863 816/816
f 864/864 816/816 863/863
f 865/865 866/866 728/728
f 867/867 728/728 866/866
f 695/695 868/868 860/860
f 869/869 860/860 868/868
f 823/823 870/870 716/716
f 871/871 716/716 870/870
f 783/783 872/872 756/756
f 873/873 756/756 872/872
f 874/874 875/875 876/876
f 877/877 876/876 875/875
f 878/878 879/879 732/732
f 880/880 732/732 879/879
f 711/711 881/881 672/672
f 882/882 672/672 881/881
f 835/835 883/883 884/884
f 885/885 884/884 883/883
f 886/886 887/887 888/888
f 889/889 888/888 887/887
f 890/890 708/708 891/891
f 706/706 891/891 708/708
f 892/892 893/893 894/894
f 895/895 894/894 893/893
f 896/896 897/897 898/898
f 899/899 900/900 901/901
f 902/902 903/903 904/904
f 905/905 684/684 906/906
f 907/907 908/908 909/909
f 910/910 909/909 908/908
f 911/911 912/912 913/913
f 914/914 915/915 916/916
f 917/917 918/918 919/919
f 920/920 919/919 918/918
f 921/921 922/922 923/923
f 924/924 923/923 922/922
f 925/925 926/926 927/927
f 928/928 927/927 926/926
f 929/929 930/930 931/931
f 932/932 931/931 930/930
f 933/933 934/934 935/935
f 936/936 935/935 934/934
f 937/937 938/938 939/939
f 940/940 939/939 938/938
f 941/941 942/942 943/943
f 944/944 943/943 942/942
f 945/945 946/946 947/947
f 948/948 947/947 946/946
f 949/949 950/950 951/951
f 952/952 951/951 950/950
f 953/953 954/954 955/955
f 956/956 955/955 954/954
f 957/957 958/958 959/959
f 960/960 959/959 958/958
f 961/961 962/962 963/963
f 964/964 963/963 962/962
f 965/965 966/966 967/967
f 968/968 967/967 966/966
f 969/969 970/970 832/832
f 831/831 832/832 970/970
f 971/971 972/972 973/973
f 974/974 975/975 976/976
f 977/977 978/978 979/979
f 980/980 981/981 982/982
f 983/983 984/984 692/692
f 691/691 692/692 984/984
f 790/790 985/985 792/792
f 986/986 792/792 985/985
f 987/987 988/988 840/840
f 839/839 840/840 988/988
f 989/989 990/990 991/991
f 698/698 992/992 700/700
f 993/993 994/994 995/995
f 996/996 997/997 998/998
f 999/999 1000/1000 676/676
f 675/675 676/676 1000/1000
f 774/774 1001/1001 776/776
f 1002/1002 1003/1003 1004/1004
f 1005/1005 1006/1006 1007/1007
f 1008/1008 1007/1007 1006/1006
f 703/703 1009/1009 1010/1010
f 1011/1011 1010/1010 1009/1009
f 1012/1012 1013/1013 1014/1014
f 1015/1015 1016/1016 1017/1017
f 1018/1018 1019/1019 1020/1020
f 1021/1021 1022/1022 1023/1023
f 1024/1024 1025/1025 1026/1026
f 1027/1027 1026/1026 1025/1025
f 1028/1028 1029/1029 1030/1030
f 1031/1031 1030/1030 1029/1029
f 1032/1032 1033/1033 1034/1034
f 1035/1035 1036/1036 1037/1037
f 1038/1038 1039/1039 1040/1040
f 1041/1041 1042/1042 1043/1043
f 1044/1044 1045/1045 1046/1046
f 1047/1047 1046/1046 1045/1045
f 1048/1048 1049/1049 1050/1050
f 1051/1051 1050/1050 1049/1049
f 1052/1052 1053/1053 1054/1054
f 1055/1055 1054/1054 1053/1053
f 1056/1056 1057/1057 1058/1058
f 1059/1059 1058/1058 1057/1057
f 1060/1060 1061/1061 1062/1062
f 1063/1063 1062/1062 1061/1061
f 1064/1064 1065/1065 1066/1066
f 1067/1067 1066/1066 1065/1065
f 1068/1068 1069/1069 1070/1070
f 1071/1071 1070/1070 1069/1069
f 1072/1072 1073/1073 1074/1074
f 1075/1075 1074/1074 1073/1073
f 1076/1076 1077/1077 1078/1078
f 1079/1079 1078/1078 1077/1077
f 1080/1080 1081/1081 1082/1082
f 1083/1083 1082/1082 1081/1081
f 1084/1084 1085/1085 1086/1086
f 1087/1087 1086/1086 1085/1085
f 1088/1088 1089/1089 1090/1090
f 1091/1091 1090/1090 1089/1089
f 1092/1092 1093/1093 1094/1094
f 1095/1095 1094/1094 1093/1093
f 1096/1096 1097/1097 1098/1098
f 1099/1099 1098/1098 1097/1097
f 1100/1100 1101/1101 1102/1102
f 1103/1103 1102/1102 1101/1101
f 1104/1104 1105/1105 1106/1106
f 1107/1107 1106/1106 1105/1105
f 1108/1108 1109/1109 1110/1110
f 1111/1111 1110/1110 1109/1109
f 1112/1112 1113/1113 1084/1084
f 1114/1114 1084/1084 1113/1113
f 1115/1115 1116/1116 1117/1117
f 1118/1118 1117/1117 1116/1116
f 1119/1119 1120/1120 1044/1044
f 1121/1121 1044/1044 1120/1120
f 1122/1122 1123/1123 1116/1116
f 1124/1124 1116/1116 1123/1123
f 1125/1125 1126/1126 1076/1076
f 1127/1127 1076/1076 1126/1126
f 1052/1052 1128/1128 1129/1129
f 1120/1120 1129/1129 1128/1128
f 1130/1130 1131/1131 1112/1112
f 1113/1113 1112/1112 1131/1131
f 1132/1132 1133/1133 1100/1100
f 1134/1134 1100/1100 1133/1133
f 1135/1135 1136/1136 1109/1109
f 1137/1137 1109/1109 1136/1136
f 1138/1138 1139/1139 1140/1140
f 1141/1141 1140/1140 1139/1139
f 1/1 3/3 1142/1142
f 1143/1143 1142/1142 3/3
f 1144/1144 1145/1145 6/6
f 8/8 6/6 1145/1145
f 1146/1146 1147/1147 10/10
f 12/12 10/10 1147/1147
f 1148/1148 1149/1149 14/14
f 16/16 14/14 1149/1149
f 1150/1150 1151/1151 18/18
f 20/20 18/18 1151/1151
f 21/21 1152/1152 22/22
f 1153/1153 22/22 1152/1152
f 1111/1111 25/25 1154/1154
f 26/26 1154/1154 25/25
f 1155/1155 1156/1156 29/29
f 27/27 29/29 1156/1156
f 1118/1118 33/33 1157/1157
f 34/34 1157/1157 33/33
f 1158/1158 1159/1159 36/36
f 38/38 36/36 1159/1159
f 42/42 931/931 41/41
f 1160/1160 41/41 931/931
f 46/46 935/935 45/45
f 1161/1161 45/45 935/935
f 50/50 1162/1162 49/49
f 1163/1163 49/49 1162/1162
f 54/54 939/939 53/53
f 1164/1164 53/53 939/939
f 58/58 943/943 57/57
f 1165/1165 57/57 943/943
f 62/62 947/947 61/61
f 1166/1166 61/61 947/947
f 66/66 951/951 65/65
f 1167/1167 65/65 951/951
f 70/70 955/955 69/69
f 1168/1168 69/69 955/955
f 74/74 1169/1169 73/73
f 1028/1028 73/73 1169/1169
f 78/78 959/959 77/77
f 1170/1170 77/77 959/959
f 82/82 963/963 81/81
f 1171/1171 81/81 963/963
f 86/86 967/967 85/85
f 1172/1172 85/85 967/967
f 89/89 90/90 1173/1173
f 1174/1174 1173/1173 90/90
f 93/93 94/94 1175/1175
f 1176/1176 1175/1175 94/94
f 98/98 1177/1177 97/97
f 1178/1178 97/97 1177/1177
f 101/101 102/102 1179/1179
f 1180/1180 1179/1179 102/102
f 105/105 106/106 1181/1181
f 1182/1182 1181/1181 106/106
f 109/109 110/110 1183/1183
f 1184/1184 1183/1183 110/110
f 113/113 114/114 1185/1185
f 1186/1186 1185/1185 114/114
f 117/117 118/118 1187/1187
f 1188/1188 1187/1187 118/118
f 121/121 122/122 1189/1189
f 1190/1190 1189/1189 122/122
f 125/125 126/126 1191/1191
f 1192/1192 1191/1191 126/126
f 129/129 130/130 1193/1193
f 1194/1194 1193/1193 130/130
f 133/133 134/134 1195/1195
f 1196/1196 1195/1195 134/134
f 143/143 67/67 136/136
f 138/138 136/136 67/67
f 141/141 142/142 1197/1197
f 1198/1198 1197/1197 142/142
f 147/147 149/149 144/144
f 68/68 144/144 149/149
f 153/153 1199/1199 146/146
f 80/80 146/146 1199/1199
f 155/155 63/63 148/148
f 150/150 148/148 63/63
f 153/153 154/154 1199/1199
f 1200/1200 1199/1199 154/154
f 1201/1201 1202/1202 156/156
f 64/64 156/156 1202/1202
f 159/159 161/161 158/158
f 76/76 158/158 161/161
f 1203/1203 71/71 160/160
f 162/162 160/160 71/71
f 141/141 1197/1197 164/164
f 84/84 164/164 1197/1197
f 1204/1204 43/43 168/168
f 167/167 168/168 43/43
f 170/170 1205/1205 172/172
f 1206/1206 172/172 1205/1205
f 1207/1207 1208/1208 173/173
f 174/174 173/173 1208/1208
f 1209/1209 178/178 1210/1210
f 177/177 1210/1210 178/178
f 183/183 184/184 1211/1211
f 1212/1212 1211/1211 184/184
f 1213/1213 185/185 1214/1214
f 187/187 1214/1214 185/185
f 191/191 192/192 1215/1215
f 1216/1216 1215/1215 192/192
f 203/203 204/204 193/193
f 194/194 193/193 204/204
f 207/207 208/208 199/199
f 197/197 199/199 208/208
f 1217/1217 202/202 1218/1218
f 201/201 1218/1218 202/202
f 1219/1219 429/429 205/205
f 206/206 205/205 429/429
f 210/210 209/209 421/421
f 419/419 421/421 209/209
f 1220/1220 1221/1221 213/213
f 214/214 213/213 1221/1221
f 219/219 1222/1222 217/217
f 1223/1223 217/217 1222/1222
f 223/223 224/224 1224/1224
f 1222/1222 1224/1224 224/224
f 227/227 1225/1225 225/225
f 1226/1226 225/225 1225/1225
f 1227/1227 229/229 1225/1225
f 231/231 1225/1225 229/229
f 234/234 1228/1228 236/236
f 1217/1217 236/236 1228/1228
f 239/239 1229/1229 237/237
f 212/212 237/237 1229/1229
f 1230/1230 1231/1231 241/241
f 242/242 241/241 1231/1231
f 1232/1232 245/245 1233/1233
f 247/247 1233/1233 245/245
f 1224/1224 248/248 223/223
f 250/250 223/223 248/248
f 1234/1234 1235/1235 252/252
f 253/253 252/252 1235/1235
f 1236/1236 258/258 1237/1237
f 256/256 1237/1237 258/258
f 1238/1238 259/259 1239/1239
f 261/261 1239/1239 259/259
f 264/264 276/276 266/266
f 1240/1240 266/266 276/276
f 268/268 1241/1241 270/270
f 1242/1242 270/270 1241/1241
f 274/274 1143/1143 273/273
f 1243/1243 273/273 1143/1143
f 276/276 275/275 1240/1240
f 1244/1244 1240/1240 275/275
f 279/279 294/294 280/280
f 292/292 280/280 294/294
f 1245/1245 329/329 285/285
f 283/283 285/285 329/329
f 289/289 1246/1246 287/287
f 1247/1247 287/287 1246/1246
f 293/293 1248/1248 291/291
f 1249/1249 291/291 1248/1248
f 317/317 318/318 297/297
f 295/295 297/297 318/318
f 1250/1250 1251/1251 299/299
f 300/300 299/299 1251/1251
f 311/311 303/303 312/312
f 305/305 312/312 303/303
f 1252/1252 309/309 1253/1253
f 310/310 1253/1253 309/309
f 1254/1254 1255/1255 314/314
f 313/313 314/314 1255/1255
f 1256/1256 1257/1257 315/315
f 316/316 315/315 1257/1257
f 1258/1258 319/319 1259/1259
f 321/321 1259/1259 319/319
f 304/304 323/323 306/306
f 325/325 306/306 323/323
f 280/280 327/327 282/282
f 1260/1260 282/282 327/327
f 284/284 283/283 1261/1261
f 331/331 1261/1261 283/283
f 333/333 332/332 304/304
f 323/323 304/304 332/332
f 328/328 334/334 1258/1258
f 319/319 1258/1258 334/334
f 1262/1262 1263/1263 335/335
f 336/336 335/335 1263/1263
f 339/339 341/341 362/362
f 361/361 362/362 341/341
f 343/343 1264/1264 344/344
f 1265/1265 344/344 1264/1264
f 366/366 349/349 365/365
f 350/350 365/365 349/349
f 392/392 351/351 1266/1266
f 353/353 1266/1266 351/351
f 355/355 357/357 1267/1267
f 1268/1268 1267/1267 357/357
f 359/359 1269/1269 360/360
f 376/376 360/360 1269/1269
f 1270/1270 1271/1271 363/363
f 364/364 363/363 1271/1271
f 1272/1272 1273/1273 367/367
f 368/368 367/367 1273/1273
f 371/371 1274/1274 372/372
f 1275/1275 372/372 1274/1274
f 1276/1276 1277/1277 373/373
f 374/374 373/373 1277/1277
f 377/377 1278/1278 378/378
f 1279/1279 378/378 1278/1278
f 379/379 384/384 380/380
f 1271/1271 380/380 384/384
f 384/384 383/383 1271/1271
f 364/364 1271/1271 383/383
f 318/318 387/387 295/295
f 389/389 295/295 387/387
f 393/393 316/316 391/391
f 1257/1257 391/391 316/316
f 271/271 397/397 1280/1280
f 398/398 1280/1280 397/397
f 1281/1281 402/402 1282/1282
f 400/400 1282/1282 402/402
f 1283/1283 406/406 1284/1284
f 404/404 1284/1284 406/406
f 273/273 1243/1243 410/410
f 409/409 410/410 1243/1243
f 1285/1285 1286/1286 411/411
f 412/412 411/411 1286/1286
f 1287/1287 638/638 415/415
f 416/416 415/415 638/638
f 420/420 1288/1288 422/422
f 1289/1289 422/422 1288/1288
f 1290/1290 1291/1291 424/424
f 423/423 424/424 1291/1291
f 425/425 1292/1292 426/426
f 1293/1293 426/426 1292/1292
f 428/428 1294/1294 430/430
f 1295/1295 430/430 1294/1294
f 432/432 1296/1296 434/434
f 1297/1297 434/434 1296/1296
f 426/426 1293/1293 436/436
f 438/438 436/436 1293/1293
f 441/441 1298/1298 439/439
f 1299/1299 439/439 1298/1298
f 446/446 447/447 445/445
f 449/449 445/445 447/447
f 448/448 452/452 450/450
f 1300/1300 450/450 452/452
f 452/452 451/451 1300/1300
f 1301/1301 1300/1300 451/451
f 457/457 458/458 1302/1302
f 1139/1139 1302/1302 458/458
f 1303/1303 1304/1304 459/459
f 460/460 459/459 1304/1304
f 1305/1305 1306/1306 463/463
f 464/464 463/463 1306/1306
f 468/468 1307/1307 1308/1308
f 1309/1309 1308/1308 1307/1307
f 1310/1310 1311/1311 1312/1312
f 1313/1313 473/473 1314/1314
f 1315/1315 1316/1316 1317/1317
f 482/482 1318/1318 1319/1319
f 484/484 1320/1320 486/486
f 1321/1321 486/486 1320/1320
f 1322/1322 1323/1323 1324/1324
f 489/489 1325/1325 487/487
f 493/493 494/494 1326/1326
f 1327/1327 1326/1326 494/494
f 497/497 1328/1328 495/495
f 1329/1329 495/495 1328/1328
f 1330/1330 1331/1331 1332/1332
f 501/501 1333/1333 499/499
f 504/504 1334/1334 506/506
f 1335/1335 506/506 1334/1334
f 1336/1336 1337/1337 507/507
f 508/508 507/507 1337/1337
f 1338/1338 1339/1339 1340/1340
f 516/516 1340/1340 1339/1339
f 1341/1341 1342/1342 1343/1343
f 1344/1344 522/522 1345/1345
f 525/525 526/526 1346/1346
f 1347/1347 1346/1346 526/526
f 1348/1348 1349/1349 527/527
f 1350/1350 1351/1351 1352/1352
f 1353/1353 531/531 1354/1354
f 533/533 1354/1354 531/531
f 1355/1355 1356/1356 1357/1357
f 1358/1358 1359/1359 538/538
f 1360/1360 1361/1361 1362/1362
f 1363/1363 544/544 1364/1364
f 1365/1365 1366/1366 545/545
f 1367/1367 1368/1368 1369/1369
f 552/552 1370/1370 554/554
f 1371/1371 554/554 1370/1370
f 557/557 1372/1372 555/555
f 1373/1373 1374/1374 1375/1375
f 1376/1376 1377/1377 1378/1378
f 1379/1379 1378/1378 1377/1377
f 566/566 1380/1380 568/568
f 1381/1381 568/568 1380/1380
f 1382/1382 569/569 1383/1383
f 571/571 1383/1383 569/569
f 575/575 576/576 1384/1384
f 1385/1385 1386/1386 1387/1387
f 579/579 1388/1388 577/577
f 1389/1389 1390/1390 1391/1391
f 1392/1392 581/581 1393/1393
f 1394/1394 1395/1395 1396/1396
f 1397/1397 1398/1398 1399/1399
f 1400/1400 590/590 1401/1401
f 1402/1402 1403/1403 591/591
f 592/592 591/591 1403/1403
f 1404/1404 1405/1405 1406/1406
f 596/596 595/595 1407/1407
f 1408/1408 1409/1409 1410/1410
f 1411/1411 1412/1412 1413/1413
f 607/607 608/608 1414/1414
f 1415/1415 1416/1416 1417/1417
f 1418/1418 1419/1419 609/609
f 610/610 609/609 1419/1419
f 1420/1420 1421/1421 1422/1422
f 617/617 1423/1423 1424/1424
f 1425/1425 1426/1426 1427/1427
f 1428/1428 1429/1429 1430/1430
f 1431/1431 1432/1432 1433/1433
f 1434/1434 626/626 1435/1435
f 633/633 629/629 634/634
f 631/631 634/634 629/629
f 635/635 636/636 1436/1436
f 1437/1437 1436/1436 636/636
f 1438/1438 637/637 1439/1439
f 639/639 1439/1439 637/637
f 1440/1440 641/641 1441/1441
f 643/643 1441/1441 641/641
f 647/647 1442/1442 645/645
f 269/269 645/645 1442/1442
f 266/266 1240/1240 649/649
f 650/650 649/649 1240/1240
f 270/270 1242/1242 653/653
f 654/654 653/653 1242/1242
f 265/265 657/657 1443/1443
f 659/659 1443/1443 657/657
f 1444/1444 661/661 1445/1445
f 663/663 1445/1445 661/661
f 1244/1244 1446/1446 665/665
f 666/666 665/665 1446/1446
f 709/709 711/711 670/670
f 672/672 670/670 711/711
f 674/674 737/737 676/676
f 739/739 676/676 737/737
f 745/745 747/747 678/678
f 680/680 678/678 747/747
f 1447/1447 1448/1448 681/681
f 682/682 681/681 1448/1448
f 686/686 689/689 688/688
f 691/691 688/688 689/689
f 690/690 853/853 692/692
f 855/855 692/692 853/853
f 725/725 727/727 694/694
f 696/696 694/694 727/727
f 769/769 771/771 697/697
f 698/698 697/697 771/771
f 845/845 847/847 702/702
f 704/704 702/702 847/847
f 1449/1449 1450/1450 705/705
f 706/706 705/705 1450/1450
f 729/729 731/731 710/710
f 712/712 710/710 731/731
f 821/821 823/823 714/714
f 716/716 714/714 823/823
f 1451/1451 719/719 1452/1452
f 720/720 1452/1452 719/719
f 722/722 683/683 724/724
f 684/684 724/724 683/683
f 1453/1453 865/865 726/726
f 728/728 726/726 865/865
f 1454/1454 878/878 730/730
f 732/732 730/730 878/878
f 734/734 1455/1455 736/736
f 1456/1456 736/736 1455/1455
f 738/738 767/767 740/740
f 768/768 740/740 767/767
f 1457/1457 743/743 1458/1458
f 744/744 1458/1458 743/743
f 1459/1459 1460/1460 746/746
f 748/748 746/746 1460/1460
f 1461/1461 1462/1462 749/749
f 750/750 749/749 1462/1462
f 781/781 783/783 754/754
f 756/756 754/754 783/783
f 793/793 795/795 758/758
f 760/760 758/758 795/795
f 1463/1463 1464/1464 761/761
f 762/762 761/761 1464/1464
f 827/827 828/828 765/765
f 766/766 765/765 828/828
f 770/770 837/837 772/772
f 839/839 772/772 837/837
f 751/751 752/752 773/773
f 774/774 773/773 752/752
f 741/741 779/779 742/742
f 780/780 742/742 779/779
f 713/713 715/715 782/782
f 784/784 782/782 715/715
f 786/786 673/673 788/788
f 675/675 788/788 673/673
f 763/763 764/764 789/789
f 790/790 789/789 764/764
f 813/813 815/815 794/794
f 796/796 794/794 815/815
f 1465/1465 976/976 797/797
f 798/798 797/797 976/976
f 802/802 775/775 804/804
f 776/776 804/804 775/775
f 1466/1466 807/807 1467/1467
f 808/808 1467/1467 807/807
f 810/810 791/791 812/812
f 792/792 812/812 791/791
f 841/841 843/843 814/814
f 816/816 814/814 843/843
f 799/799 800/800 817/817
f 818/818 817/817 800/800
f 857/857 859/859 822/822
f 824/824 822/822 859/859
f 699/699 700/700 825/825
f 826/826 825/825 700/700
f 830/830 801/801 832/832
f 803/803 832/832 801/801
f 669/669 671/671 834/834
f 836/836 834/834 671/671
f 838/838 809/809 840/840
f 811/811 840/840 809/809
f 677/677 679/679 842/842
f 844/844 842/842 679/679
f 1468/1468 1469/1469 846/846
f 848/848 846/846 1469/1469
f 850/850 1470/1470 852/852
f 1471/1471 852/852 1470/1470
f 854/854 819/819 856/856
f 820/820 856/856 819/819
f 693/693 695/695 858/858
f 860/860 858/858 695/695
f 679/679 680/680 1472/1472
f 862/862 1472/1472 680/680
f 815/815 816/816 1473/1473
f 864/864 1473/1473 816/816
f 727/727 728/728 1474/1474
f 867/867 1474/1474 728/728
f 859/859 860/860 1475/1475
f 869/869 1475/1475 860/860
f 715/715 716/716 1476/1476
f 871/871 1476/1476 716/716
f 755/755 756/756 1477/1477
f 873/873 1477/1477 756/756
f 1469/1469 876/876 1478/1478
f 877/877 1478/1478 876/876
f 731/731 732/732 1479/1479
f 880/880 1479/1479 732/732
f 671/671 672/672 1480/1480
f 882/882 1480/1480 672/672
f 1460/1460 884/884 1481/1481
f 885/885 1481/1481 884/884
f 887/887 886/886 1482/1482
f 1483/1483 1484/1484 1485/1485
f 891/891 1486/1486 890/890
f 1487/1487 890/890 1486/1486
f 893/893 1488/1488 895/895
f 1489/1489 895/895 1488/1488
f 900/900 1490/1490 1491/1491
f 1492/1492 1493/1493 1494/1494
f 1495/1495 1496/1496 1497/1497
f 1498/1498 905/905 1499/1499
f 908/908 907/907 1353/1353
f 1500/1500 1501/1501 1502/1502
f 915/915 537/537 1503/1503
f 1359/1359 1503/1503 537/537
f 1504/1504 1505/1505 1506/1506
f 1363/1363 920/920 544/544
f 923/923 1507/1507 921/921
f 1508/1508 1509/1509 1510/1510
f 1511/1511 1512/1512 1513/1513
f 1514/1514 928/928 1314/1314
f 1160/1160 931/931 1515/1515
f 932/932 1515/1515 931/931
f 1161/1161 935/935 1516/1516
f 936/936 1516/1516 935/935
f 1164/1164 939/939 1517/1517
f 940/940 1517/1517 939/939
f 1165/1165 943/943 1518/1518
f 944/944 1518/1518 943/943
f 1166/1166 947/947 1519/1519
f 948/948 1519/1519 947/947
f 1167/1167 951/951 1520/1520
f 952/952 1520/1520 951/951
f 1168/1168 955/955 1521/1521
f 956/956 1521/1521 955/955
f 1170/1170 959/959 1522/1522
f 960/960 1522/1522 959/959
f 1171/1171 963/963 1523/1523
f 964/964 1523/1523 963/963
f 1172/1172 967/967 1524/1524
f 968/968 1524/1524 967/967
f 1525/1525 1526/1526 1527/1527
f 1528/1528 1529/1529 969/969
f 975/975 1530/1530 1531/1531
f 1532/1532 1531/1531 1530/1530
f 1533/1533 1534/1534 1535/1535
f 1536/1536 1535/1535 1534/1534
f 1537/1537 1538/1538 1539/1539
f 1540/1540 1541/1541 983/983
f 985/985 1542/1542 986/986
f 1543/1543 1544/1544 1545/1545
f 988/988 987/987 1420/1420
f 1421/1421 1420/1420 987/987
f 992/992 621/621 1546/1546
f 1429/1429 1546/1546 621/621
f 1547/1547 626/626 1548/1548
f 1434/1434 1548/1548 626/626
f 1549/1549 1550/1550 1551/1551
f 1418/1418 1407/1407 999/999
f 1001/1001 1372/1372 1552/1552
f 1553/1553 1554/1554 1555/1555
f 865/865 1007/1007 866/866
f 1008/1008 866/866 1007/1007
f 878/878 1010/1010 879/879
f 1011/1011 879/879 1010/1010
f 1556/1556 1557/1557 1558/1558
f 1559/1559 1558/1558 1557/1557
f 1022/1022 1333/1333 1560/1560
f 1561/1561 1560/1560 1333/1333
f 937/937 1026/1026 938/938
f 1027/1027 938/938 1026/1026
f 957/957 1030/1030 958/958
f 1031/1031 958/958 1030/1030
f 1036/1036 1562/1562 1563/1563
f 1564/1564 1565/1565 1566/1566
f 1042/1042 1567/1567 1568/1568
f 1382/1382 1569/1569 1393/1393
f 1570/1570 1119/1119 1046/1046
f 1044/1044 1046/1046 1119/1119
f 1050/1050 1571/1571 1048/1048
f 1122/1122 1048/1048 1571/1571
f 1054/1054 1572/1572 1052/1052
f 1128/1128 1052/1052 1572/1572
f 1056/1056 1573/1573 1057/1057
f 1574/1574 1057/1057 1573/1573
f 1060/1060 1575/1575 1061/1061
f 1576/1576 1061/1061 1575/1575
f 1067/1067 1065/1065 1059/1059
f 1058/1058 1059/1059 1065/1065
f 1070/1070 1071/1071 1104/1104
f 1105/1105 1104/1104 1071/1071
f 1072/1072 1577/1577 1073/1073
f 1578/1578 1073/1073 1577/1577
f 1579/1579 1125/1125 1078/1078
f 1076/1076 1078/1078 1125/1125
f 1082/1082 1083/1083 1580/1580
f 1581/1581 1580/1580 1083/1083
f 1582/1582 1112/1112 1086/1086
f 1084/1084 1086/1086 1112/1112
f 1135/1135 1088/1088 1583/1583
f 1090/1090 1583/1583 1088/1088
f 1094/1094 1095/1095 1584/1584
f 1585/1585 1584/1584 1095/1095
f 1096/1096 1051/1051 1097/1097
f 1049/1049 1097/1097 1051/1051
f 1586/1586 1132/1132 1102/1102
f 1100/1100 1102/1102 1132/1132
f 1587/1587 1588/1588 1107/1107
f 1106/1106 1107/1107 1588/1588
f 1088/1088 1135/1135 1108/1108
f 1109/1109 1108/1108 1135/1135
f 1084/1084 1114/1114 1085/1085
f 1589/1589 1085/1085 1114/1114
f 1048/1048 1122/1122 1115/1115
f 1116/1116 1115/1115 1122/1122
f 1044/1044 1121/1121 1045/1045
f 1590/1590 1045/1045 1121/1121
f 1124/1124 1591/1591 1116/1116
f 1118/1118 1116/1116 1591/1591
f 1127/1127 1592/1592 1076/1076
f 1077/1077 1076/1076 1592/1592
f 1053/1053 1052/1052 1593/1593
f 1129/1129 1593/1593 1052/1052
f 1061/1061 1576/1576 1131/1131
f 1113/1113 1131/1131 1576/1576
f 1134/1134 1594/1594 1100/1100
f 1101/1101 1100/1100 1594/1594
f 1137/1137 1595/1595 1109/1109
f 1111/1111 1109/1109 1595/1595
f 1138/1138 1596/1596 1139/1139
f 1302/1302 1139/1139 1596/1596
f 3/3 1284/1284 1143/1143
f 1243/1243 1143/1143 1284/1284
f 1272/1272 1597/1597 6/6
f 1144/1144 6/6 1597/1597
f 1598/1598 1146/1146 1274/1274
f 10/10 1274/1274 1146/1146
f 1277/1277 1148/1148 1599/1599
f 14/14 1599/1599 1148/1148
f 1279/1279 1150/1150 1600/1600
f 18/18 1600/1600 1150/1150
f 21/21 1601/1601 1152/1152
f 1602/1602 1152/1152 1601/1601
f 1154/1154 26/26 1603/1603
f 1604/1604 1603/1603 26/26
f 29/29 1605/1605 1155/1155
f 1606/1606 1155/1155 1605/1605
f 1157/1157 34/34 449/449
f 445/445 449/449 34/34
f 36/36 1301/1301 1158/1158
f 1607/1607 1158/1158 1301/1301
f 42/42 1608/1608 931/931
f 929/929 931/931 1608/1608
f 46/46 1609/1609 935/935
f 933/933 935/935 1609/1609
f 50/50 1610/1610 1162/1162
f 1611/1611 1162/1162 1610/1610
f 54/54 1612/1612 939/939
f 937/937 939/939 1612/1612
f 58/58 1613/1613 943/943
f 941/941 943/943 1613/1613
f 62/62 1614/1614 947/947
f 945/945 947/947 1614/1614
f 66/66 1615/1615 951/951
f 949/949 951/951 1615/1615
f 70/70 1616/1616 955/955
f 953/953 955/955 1616/1616
f 74/74 1617/1617 1169/1169
f 1618/1618 1169/1169 1617/1617
f 78/78 1619/1619 959/959
f 957/957 959/959 1619/1619
f 82/82 1620/1620 963/963
f 961/961 963/963 1620/1620
f 86/86 1621/1621 967/967
f 965/965 967/967 1621/1621
f 1622/1622 1623/1623 90/90
f 1174/1174 90/90 1623/1623
f 1624/1624 1625/1625 94/94
f 1176/1176 94/94 1625/1625
f 1626/1626 1627/1627 98/98
f 1177/1177 98/98 1627/1627
f 1180/1180 102/102 1628/1628
f 1629/1629 1628/1628 102/102
f 1630/1630 1631/1631 106/106
f 1182/1182 106/106 1631/1631
f 1632/1632 1633/1633 110/110
f 1184/1184 110/110 1633/1633
f 1634/1634 1635/1635 114/114
f 1186/1186 114/114 1635/1635
f 1636/1636 1637/1637 118/118
f 1188/1188 118/118 1637/1637
f 1638/1638 1639/1639 122/122
f 1190/1190 122/122 1639/1639
f 1640/1640 1641/1641 126/126
f 1192/1192 126/126 1641/1641
f 1642/1642 151/151 130/130
f 1194/1194 130/130 151/151
f 1643/1643 139/139 134/134
f 1196/1196 134/134 139/139
f 1187/1187 143/143 1644/1644
f 136/136 1644/1644 143/143
f 145/145 79/79 142/142
f 1198/1198 142/142 79/79
f 1637/1637 147/147 1188/1188
f 144/144 1188/1188 147/147
f 151/151 153/153 1194/1194
f 146/146 1194/1194 153/153
f 1185/1185 155/155 1645/1645
f 148/148 1645/1645 155/155
f 157/157 75/75 154/154
f 1200/1200 154/154 75/75
f 1635/1635 1201/1201 1186/1186
f 156/156 1186/1186 1201/1201
f 1641/1641 159/159 1192/1192
f 158/158 1192/1192 159/159
f 1189/1189 1203/1203 1646/1646
f 160/160 1646/1646 1203/1203
f 139/139 141/141 1196/1196
f 164/164 1196/1196 141/141
f 1175/1175 1204/1204 1647/1647
f 168/168 1647/1647 1204/1204
f 1648/1648 1205/1205 1649/1649
f 170/170 1649/1649 1205/1205
f 1650/1650 1207/1207 1651/1651
f 173/173 1651/1651 1207/1207
f 177/177 1652/1652 1210/1210
f 1653/1653 1210/1210 1652/1652
f 172/172 1206/1206 184/184
f 1212/1212 184/184 1206/1206
f 1208/1208 1214/1214 174/174
f 187/187 174/174 1214/1214
f 192/192 178/178 1216/1216
f 1209/1209 1216/1216 178/178
f 193/193 1654/1654 203/203
f 1655/1655 203/203 1654/1654
f 1656/1656 207/207 1657/1657
f 199/199 1657/1657 207/207
f 201/201 1658/1658 1218/1218
f 1659/1659 1218/1218 1658/1658
f 1659/1659 1219/1219 1660/1660
f 205/205 1660/1660 1219/1219
f 209/209 215/215 419/419
f 216/216 419/419 215/215
f 213/213 1661/1661 1220/1220
f 1662/1662 1220/1220 1661/1661
f 1663/1663 1224/1224 219/219
f 1222/1222 219/219 1224/1224
f 1222/1222 224/224 1223/1223
f 1664/1664 1223/1223 224/224
f 1225/1225 227/227 1227/1227
f 1665/1665 1227/1227 227/227
f 1233/1233 1226/1226 231/231
f 1225/1225 231/231 1226/1226
f 217/217 1223/1223 234/234
f 1228/1228 234/234 1223/1223
f 225/225 1226/1226 239/239
f 1229/1229 239/239 1226/1226
f 1230/1230 241/241 1666/1666
f 1667/1667 1666/1666 241/241
f 1226/1226 1233/1233 1229/1229
f 247/247 1229/1229 1233/1233
f 254/254 221/221 250/250
f 223/223 250/250 221/221
f 1668/1668 1234/1234 1669/1669
f 252/252 1669/1669 1234/1234
f 1237/1237 256/256 1670/1670
f 1671/1671 1670/1670 256/256
f 1672/1672 1673/1673 261/261
f 1239/1239 261/261 1673/1673
f 276/276 264/264 278/278
f 1674/1674 278/278 264/264
f 1675/1675 1241/1241 1676/1676
f 268/268 1676/1676 1241/1241
f 1677/1677 1142/1142 274/274
f 1143/1143 274/274 1142/1142
f 275/275 1678/1678 1244/1244
f 1446/1446 1244/1244 1678/1678
f 1679/1679 1680/1680 279/279
f 294/294 279/279 1680/1680
f 285/285 1681/1681 1245/1245
f 1682/1682 1245/1245 1681/1681
f 1246/1246 289/289 1683/1683
f 1684/1684 1683/1683 289/289
f 1685/1685 1686/1686 293/293
f 1248/1248 293/293 1686/1686
f 1687/1687 317/317 1688/1688
f 297/297 1688/1688 317/317
f 299/299 1689/1689 1250/1250
f 1690/1690 1250/1250 1689/1689
f 312/312 305/305 1691/1691
f 1692/1692 1691/1691 305/305
f 1253/1253 310/310 1693/1693
f 1694/1694 1693/1693 310/310
f 314/314 1695/1695 1254/1254
f 1696/1696 1254/1254 1695/1695
f 315/315 1697/1697 1256/1256
f 1698/1698 1256/1256 1697/1697
f 321/321 1699/1699 1259/1259
f 1698/1698 1259/1259 1699/1699
f 306/306 325/325 1700/1700
f 1701/1701 1700/1700 325/325
f 327/327 1702/1702 1260/1260
f 1703/1703 1260/1260 1702/1702
f 1261/1261 331/331 1252/1252
f 309/309 1252/1252 331/331
f 332/332 1704/1704 323/323
f 324/324 323/323 1704/1704
f 334/334 1705/1705 319/319
f 320/320 319/319 1705/1705
f 1706/1706 1262/1262 1707/1707
f 335/335 1707/1707 1262/1262
f 341/341 1708/1708 361/361
f 1709/1709 361/361 1708/1708
f 1264/1264 343/343 1710/1710
f 1711/1711 1710/1710 343/343
f 365/365 350/350 1712/1712
f 1713/1713 1712/1712 350/350
f 1266/1266 353/353 1714/1714
f 1715/1715 1714/1714 353/353
f 357/357 1716/1716 1268/1268
f 1717/1717 1268/1268 1716/1716
f 1269/1269 359/359 1714/1714
f 1718/1718 1714/1714 359/359
f 1717/1717 1270/1270 1719/1719
f 363/363 1719/1719 1270/1270
f 367/367 1720/1720 1272/1272
f 1597/1597 1272/1272 1720/1720
f 1721/1721 1598/1598 371/371
f 1274/1274 371/371 1598/1598
f 373/373 1722/1722 1276/1276
f 1723/1723 1276/1276 1722/1722
f 1724/1724 1725/1725 377/377
f 1278/1278 377/377 1725/1725
f 1726/1726 386/386 379/379
f 384/384 379/379 386/386
f 383/383 1727/1727 364/364
f 366/366 364/364 1727/1727
f 296/296 295/295 1728/1728
f 389/389 1728/1728 295/295
f 387/387 318/318 393/393
f 316/316 393/393 318/318
f 638/638 1280/1280 416/416
f 398/398 416/416 1280/1280
f 1283/1283 1282/1282 406/406
f 400/400 406/406 1282/1282
f 1284/1284 404/404 1243/1243
f 409/409 1243/1243 404/404
f 271/271 273/273 397/397
f 410/410 397/397 273/273
f 402/402 1281/1281 411/411
f 1285/1285 411/411 1281/1281
f 1287/1287 415/415 1729/1729
f 1730/1730 1729/1729 415/415
f 420/420 423/423 1288/1288
f 1291/1291 1288/1288 423/423
f 424/424 1731/1731 1290/1290
f 1732/1732 1290/1290 1731/1731
f 430/430 1295/1295 425/425
f 1292/1292 425/425 1295/1295
f 428/428 431/431 1294/1294
f 433/433 1294/1294 431/431
f 1733/1733 1734/1734 432/432
f 1296/1296 432/432 1734/1734
f 208/208 426/426 197/197
f 436/436 197/197 426/426
f 444/444 443/443 441/441
f 1298/1298 441/441 443/443
f 1735/1735 1736/1736 446/446
f 447/447 446/446 1736/1736
f 1737/1737 454/454 448/448
f 452/452 448/448 454/454
f 1738/1738 1607/1607 451/451
f 1301/1301 451/451 1607/1607
f 458/458 1739/1739 1139/1139
f 1141/1141 1139/1139 1739/1739
f 1740/1740 1303/1303 1741/1741
f 459/459 1741/1741 1303/1303
f 1487/1487 1305/1305 1742/1742
f 463/463 1742/1742 1305/1305
f 1743/1743 1744/1744 1745/1745
f 1307/1307 468/468 1482/1482
f 1746/1746 1747/1747 1512/1512
f 1514/1514 1314/1314 1748/1748
f 477/477 1749/1749 1750/1750
f 1306/1306 1315/1315 464/464
f 1308/1308 1309/1309 484/484
f 1320/1320 484/484 1309/1309
f 1751/1751 1752/1752 1753/1753
f 1325/1325 489/489 1313/1313
f 494/494 1754/1754 1327/1327
f 1316/1316 1327/1327 1754/1754
f 486/486 1321/1321 497/497
f 1328/1328 497/497 1321/1321
f 1333/1333 501/501 1561/1561
f 487/487 1561/1561 501/501
f 493/493 1326/1326 504/504
f 1334/1334 504/504 1326/1326
f 507/507 495/495 1336/1336
f 1329/1329 1336/1336 495/495
f 1755/1755 1756/1756 1757/1757
f 1340/1340 499/499 1338/1338
f 1758/1758 1759/1759 517/517
f 1345/1345 1760/1760 1335/1335
f 526/526 508/508 1347/1347
f 1337/1337 1347/1347 508/508
f 1761/1761 1762/1762 1763/1763
f 527/527 516/516 1348/1348
f 1354/1354 533/533 1344/1344
f 522/522 1344/1344 533/533
f 538/538 525/525 1358/1358
f 1346/1346 1358/1358 525/525
f 1764/1764 1765/1765 1766/1766
f 1349/1349 1364/1364 528/528
f 1532/1532 1767/1767 1768/1768
f 1368/1368 1769/1769 1770/1770
f 1771/1771 1772/1772 1773/1773
f 1370/1370 552/552 1529/1529
f 1774/1774 1775/1775 1776/1776
f 1777/1777 1372/1372 1778/1778
f 1779/1779 1367/1367 1780/1780
f 1366/1366 1781/1781 546/546
f 554/554 1371/1371 566/566
f 1782/1782 1783/1783 1784/1784
f 555/555 1785/1785 571/571
f 1383/1383 571/571 1785/1785
f 1786/1786 564/564 1787/1787
f 1377/1377 1788/1788 1379/1379
f 568/568 1381/1381 579/579
f 1388/1388 579/579 1381/1381
f 1567/1567 585/585 1789/1789
f 569/569 1382/1382 583/583
f 575/575 1384/1384 588/588
f 1790/1790 1791/1791 1792/1792
f 591/591 577/577 1402/1402
f 1793/1793 1794/1794 1795/1795
f 1392/1392 1796/1796 581/581
f 1797/1797 1798/1798 1799/1799
f 590/590 1400/1400 601/601
f 1800/1800 601/601 1400/1400
f 608/608 592/592 1801/1801
f 1403/1403 1801/1801 592/592
f 1407/1407 1418/1418 596/596
f 609/609 596/596 1418/1418
f 1802/1802 615/615 1411/1411
f 1410/1410 1803/1803 617/617
f 1430/1430 607/607 1428/1428
f 1414/1414 1428/1428 607/607
f 625/625 610/610 1435/1435
f 1804/1804 1805/1805 1806/1806
f 634/634 631/631 1281/1281
f 1807/1807 1281/1281 631/631
f 1283/1283 1437/1437 1282/1282
f 636/636 1282/1282 1437/1437
f 1439/1439 639/639 1440/1440
f 641/641 1440/1440 639/639
f 1441/1441 643/643 1808/1808
f 1809/1809 1808/1808 643/643
f 1442/1442 647/647 1444/1444
f 661/661 1444/1444 647/647
f 649/649 657/657 266/266
f 265/265 266/266 657/657
f 269/269 270/270 645/645
f 653/653 645/645 270/270
f 1443/1443 659/659 1810/1810
f 1811/1811 1810/1810 659/659
f 1446/1446 1445/1445 666/666
f 663/663 666/666 1445/1445
f 1240/1240 1244/1244 650/650
f 665/665 650/650 1244/1244
f 670/670 1812/1812 709/709
f 1813/1813 709/709 1812/1812
f 737/737 674/674 1814/1814
f 1815/1815 1814/1814 674/674
f 745/745 678/678 1816/1816
f 1817/1817 1816/1816 678/678
f 681/681 1818/1818 1447/1447
f 1819/1819 1447/1447 1818/1818
f 1820/1820 1821/1821 686/686
f 689/689 686/686 1821/1821
f 853/853 690/690 1822/1822
f 1823/1823 1822/1822 690/690
f 725/725 694/694 1824/1824
f 1825/1825 1824/1824 694/694
f 1826/1826 769/769 1827/1827
f 697/697 1827/1827 769/769
f 702/702 1828/1828 845/845
f 1829/1829 845/845 1828/1828
f 1830/1830 1449/1449 1831/1831
f 705/705 1831/1831 1449/1449
f 729/729 710/710 1832/1832
f 1833/1833 1832/1832 710/710
f 714/714 1834/1834 821/821
f 1835/1835 821/821 1834/1834
f 720/720 1836/1836 1452/1452
f 1837/1837 1452/1452 1836/1836
f 1838/1838 1839/1839 722/722
f 683/683 722/722 1839/1839
f 1453/1453 726/726 1840/1840
f 1841/1841 1840/1840 726/726
f 1454/1454 730/730 1842/1842
f 1843/1843 1842/1842 730/730
f 1844/1844 1845/1845 734/734
f 1455/1455 734/734 1845/1845
f 1846/1846 1847/1847 738/738
f 767/767 738/738 1847/1847
f 744/744 1848/1848 1458/1458
f 1849/1849 1458/1458 1848/1848
f 1459/1459 746/746 1850/1850
f 1851/1851 1850/1850 746/746
f 1852/1852 1461/1461 1853/1853
f 749/749 1853/1853 1461/1461
f 781/781 754/754 1854/1854
f 1855/1855 1854/1854 754/754
f 758/758 1856/1856 793/793
f 1857/1857 793/793 1856/1856
f 1858/1858 1463/1463 1859/1859
f 761/761 1859/1859 1463/1463
f 1860/1860 827/827 1861/1861
f 765/765 1861/1861 827/827
f 1862/1862 1863/1863 770/770
f 837/837 770/770 1863/1863
f 1864/1864 751/751 1865/1865
f 773/773 1865/1865 751/751
f 742/742 780/780 1866/1866
f 1867/1867 1866/1866 780/780
f 713/713 782/782 1868/1868
f 1869/1869 1868/1868 782/782
f 1870/1870 1871/1871 786/786
f 673/673 786/786 1871/1871
f 1872/1872 763/763 1873/1873
f 789/789 1873/1873 763/763
f 794/794 1874/1874 813/813
f 1875/1875 813/813 1874/1874
f 1876/1876 1465/1465 1877/1877
f 797/797 1877/1877 1465/1465
f 1878/1878 1879/1879 802/802
f 775/775 802/802 1879/1879
f 808/808 1880/1880 1467/1467
f 1881/1881 1467/1467 1880/1880
f 1882/1882 1883/1883 810/810
f 791/791 810/810 1883/1883
f 814/814 1884/1884 841/841
f 1885/1885 841/841 1884/1884
f 1886/1886 799/799 1887/1887
f 817/817 1887/1887 799/799
f 822/822 1888/1888 857/857
f 1889/1889 857/857 1888/1888
f 1890/1890 699/699 1891/1891
f 825/825 1891/1891 699/699
f 801/801 830/830 1892/1892
f 1893/1893 1892/1892 830/830
f 834/834 1894/1894 669/669
f 1895/1895 669/669 1894/1894
f 809/809 838/838 1896/1896
f 1897/1897 1896/1896 838/838
f 677/677 842/842 1898/1898
f 1899/1899 1898/1898 842/842
f 846/846 1900/1900 1468/1468
f 1901/1901 1468/1468 1900/1900
f 1902/1902 1903/1903 850/850
f 1470/1470 850/850 1903/1903
f 1904/1904 1905/1905 854/854
f 819/819 854/854 1905/1905
f 858/858 1906/1906 693/693
f 1907/1907 693/693 1906/1906
f 1472/1472 862/862 87/87
f 88/88 87/87 862/862
f 1473/1473 864/864 91/91
f 92/92 91/91 864/864
f 1474/1474 867/867 99/99
f 100/100 99/99 867/867
f 1475/1475 869/869 103/103
f 104/104 103/103 869/869
f 1476/1476 871/871 107/107
f 108/108 107/107 871/871
f 1477/1477 873/873 111/111
f 112/112 111/111 873/873
f 1478/1478 877/877 115/115
f 116/116 115/115 877/877
f 1479/1479 880/880 123/123
f 124/124 123/123 880/880
f 1480/1480 882/882 127/127
f 128/128 127/127 882/882
f 1481/1481 885/885 131/131
f 132/132 131/131 885/885
f 886/886 1908/1908 1909/1909
f 1910/1910 1911/1911 1912/1912
f 891/891 1913/1913 1486/1486
f 1914/1914 1486/1486 1913/1913
f 1915/1915 1916/1916 893/893
f 1488/1488 893/893 1916/1916
f 1494/1494 1917/1917 1918/1918
f 1919/1919 1920/1920 900/900
f 1921/1921 1922/1922 1495/1495
f 1923/1923 903/903 1924/1924
f 907/907 1925/1925 531/531
f 1926/1926 1927/1927 1928/1928
f 915/915 1929/1929 537/537
f 535/535 537/537 1929/1929
f 1930/1930 542/542 918/918
f 544/544 918/918 542/542
f 1931/1931 1932/1932 1761/1761
f 1348/1348 1339/1339 923/923
f 1933/1933 1752/1752 1511/1511
f 1311/1311 1934/1934 1935/1935
f 1515/1515 932/932 1936/1936
f 1937/1937 1936/1936 932/932
f 1516/1516 936/936 1938/1938
f 1939/1939 1938/1938 936/936
f 1517/1517 940/940 1940/1940
f 1941/1941 1940/1940 940/940
f 1518/1518 944/944 1942/1942
f 1943/1943 1942/1942 944/944
f 1519/1519 948/948 1944/1944
f 1945/1945 1944/1944 948/948
f 1520/1520 952/952 1946/1946
f 1947/1947 1946/1946 952/952
f 1521/1521 956/956 1948/1948
f 1949/1949 1948/1948 956/956
f 1522/1522 960/960 1950/1950
f 1951/1951 1950/1950 960/960
f 1523/1523 964/964 1952/1952
f 1953/1953 1952/1952 964/964
f 1524/1524 968/968 741/741
f 779/779 741/741 968/968
f 969/969 1954/1954 1528/1528
f 1955/1955 1528/1528 1954/1954
f 975/975 1956/1956 1530/1530
f 1957/1957 1530/1530 1956/1956
f 1958/1958 1959/1959 1533/1533
f 1534/1534 1533/1533 1959/1959
f 983/983 1960/1960 1540/1540
f 1961/1961 1540/1540 1960/1960
f 1962/1962 1963/1963 985/985
f 1964/1964 1965/1965 1966/1966
f 987/987 1967/1967 1421/1421
f 1968/1968 1421/1421 1967/1967
f 992/992 1969/1969 621/621
f 619/619 621/621 1969/1969
f 1970/1970 628/628 1547/1547
f 626/626 1547/1547 628/628
f 999/999 1971/1971 1418/1418
f 1419/1419 1418/1418 1971/1971
f 1972/1972 1785/1785 1001/1001
f 1973/1973 1974/1974 1975/1975
f 866/866 1008/1008 1976/1976
f 1977/1977 1976/1976 1008/1008
f 879/879 1011/1011 1978/1978
f 1979/1979 1978/1978 1011/1011
f 1556/1556 1980/1980 1557/1557
f 1981/1981 1557/1557 1980/1980
f 1022/1022 1982/1982 1333/1333
f 1983/1983 1333/1333 1982/1982
f 938/938 1027/1027 1451/1451
f 719/719 1451/1451 1027/1027
f 958/958 1031/1031 1466/1466
f 807/807 1466/1466 1031/1031
f 1984/1984 1985/1985 1566/1566
f 1986/1986 1566/1566 1985/1985
f 1987/1987 1988/1988 1393/1393
f 1392/1392 1393/1393 1988/1988
f 1989/1989 1570/1570 1990/1990
f 1046/1046 1990/1990 1570/1570
f 1571/1571 1050/1050 1991/1991
f 1992/1992 1991/1991 1050/1050
f 1993/1993 1991/1991 1054/1054
f 1572/1572 1054/1054 1991/1991
f 1994/1994 1573/1573 1995/1995
f 1056/1056 1995/1995 1573/1573
f 1996/1996 1997/1997 1060/1060
f 1575/1575 1060/1060 1997/1997
f 1065/1065 1998/1998 1058/1058
f 1999/1999 1058/1058 1998/1998
f 2000/2000 2001/2001 1071/1071
f 1105/1105 1071/1071 2001/2001
f 1577/1577 1072/1072 2002/2002
f 2003/2003 2002/2002 1072/1072
f 2004/2004 1579/1579 2005/2005
f 1078/1078 2005/2005 1579/1579
f 1083/1083 2006/2006 1581/1581
f 2007/2007 1581/1581 2006/2006
f 2004/2004 1582/1582 2008/2008
f 1086/1086 2008/2008 1582/1582
f 1583/1583 1090/1090 2009/2009
f 2010/2010 2009/2009 1090/1090
f 2011/2011 1994/1994 1095/1095
f 1585/1585 1095/1095 1994/1994
f 1051/1051 1096/1096 2012/2012
f 2013/2013 2012/2012 1096/1096
f 2014/2014 1586/1586 2015/2015
f 1102/1102 2015/2015 1586/1586
f 1107/1107 2016/2016 1587/1587
f 2007/2007 1587/1587 2016/2016
f 1108/1108 2017/2017 1088/1088
f 1089/1089 1088/1088 2017/2017
f 2018/2018 2019/2019 1114/1114
f 1589/1589 1114/1114 2019/2019
f 1115/1115 2020/2020 1048/1048
f 1049/1049 1048/1048 2020/2020
f 2021/2021 2022/2022 1121/1121
f 1590/1590 1121/1121 2022/2022
f 2023/2023 2024/2024 1124/1124
f 1591/1591 1124/1124 2024/2024
f 2025/2025 2026/2026 1127/1127
f 1592/1592 1127/1127 2026/2026
f 1593/1593 1129/1129 1066/1066
f 2027/2027 1066/1066 1129/1129
f 2028/2028 1063/1063 1131/1131
f 1061/1061 1131/1131 1063/1063
f 2029/2029 455/455 1134/1134
f 1594/1594 1134/1134 455/455
f 2030/2030 1740/1740 1137/1137
f 1595/1595 1137/1137 1740/1740
f 1596/1596 1138/1138 2031/2031
f 2032/2032 2031/2031 1138/1138
f 1283/1283 1284/1284 4/4
f 3/3 4/4 1284/1284
f 1273/1273 1272/1272 5/5
f 6/6 5/5 1272/1272
f 1274/1274 10/10 1275/1275
f 9/9 1275/1275 10/10
f 1725/1725 1599/1599 13/13
f 14/14 13/13 1599/1599
f 2033/2033 1600/1600 17/17
f 18/18 17/17 1600/1600
f 21/21 16/16 1601/1601
f 1149/1149 1601/1601 16/16
f 24/24 2034/2034 26/26
f 1604/1604 26/26 2034/2034
f 29/29 30/30 1605/1605
f 2035/2035 1605/1605 30/30
f 32/32 443/443 34/34
f 445/445 34/34 443/443
f 36/36 35/35 1301/1301
f 1300/1300 1301/1301 35/35
f 2036/2036 1608/1608 40/40
f 42/42 40/40 1608/1608
f 2037/2037 1609/1609 44/44
f 46/46 44/44 1609/1609
f 165/165 1610/1610 48/48
f 50/50 48/48 1610/1610
f 52/52 2038/2038 54/54
f 1612/1612 54/54 2038/2038
f 2039/2039 1613/1613 56/56
f 58/58 56/56 1613/1613
f 2040/2040 1614/1614 60/60
f 62/62 60/60 1614/1614
f 1202/1202 1615/1615 64/64
f 66/66 64/64 1615/1615
f 149/149 1616/1616 68/68
f 70/70 68/68 1616/1616
f 137/137 1617/1617 72/72
f 74/74 72/72 1617/1617
f 161/161 1619/1619 76/76
f 78/78 76/76 1619/1619
f 1199/1199 1620/1620 80/80
f 82/82 80/80 1620/1620
f 1197/1197 1621/1621 84/84
f 86/86 84/84 1621/1621
f 88/88 2041/2041 90/90
f 1622/1622 90/90 2041/2041
f 92/92 2042/2042 94/94
f 1624/1624 94/94 2042/2042
f 96/96 2043/2043 98/98
f 1626/1626 98/98 2043/2043
f 100/100 1976/1976 102/102
f 1629/1629 102/102 1976/1976
f 104/104 2044/2044 106/106
f 1630/1630 106/106 2044/2044
f 108/108 2045/2045 110/110
f 1632/1632 110/110 2045/2045
f 112/112 2046/2046 114/114
f 1634/1634 114/114 2046/2046
f 116/116 2047/2047 118/118
f 1636/1636 118/118 2047/2047
f 120/120 2048/2048 122/122
f 1638/1638 122/122 2048/2048
f 124/124 1978/1978 126/126
f 1640/1640 126/126 1978/1978
f 128/128 2049/2049 130/130
f 1642/1642 130/130 2049/2049
f 132/132 2050/2050 134/134
f 1643/1643 134/134 2050/2050
f 1639/1639 1644/1644 135/135
f 136/136 135/135 1644/1644
f 1193/1193 145/145 140/140
f 142/142 140/140 145/145
f 1187/1187 1188/1188 143/143
f 144/144 143/143 1188/1188
f 1193/1193 1194/1194 145/145
f 146/146 145/145 1194/1194
f 1637/1637 1645/1645 147/147
f 148/148 147/147 1645/1645
f 1191/1191 157/157 152/152
f 154/154 152/152 157/157
f 1185/1185 1186/1186 155/155
f 156/156 155/155 1186/1186
f 1191/1191 1192/1192 157/157
f 158/158 157/157 1192/1192
f 1641/1641 1646/1646 159/159
f 160/160 159/159 1646/1646
f 1195/1195 1196/1196 163/163
f 164/164 163/163 1196/1196
f 1627/1627 1647/1647 166/166
f 168/168 166/166 1647/1647
f 2051/2051 1649/1649 169/169
f 170/170 169/169 1649/1649
f 1651/1651 173/173 2052/2052
f 175/175 2052/2052 173/173
f 179/179 2053/2053 177/177
f 1652/1652 177/177 2053/2053
f 171/171 172/172 182/182
f 184/184 182/182 172/172
f 174/174 187/187 176/176
f 188/188 176/176 187/187
f 190/190 180/180 192/192
f 178/178 192/192 180/180
f 195/195 2054/2054 193/193
f 1654/1654 193/193 2054/2054
f 2055/2055 1657/1657 200/200
f 199/199 200/200 1657/1657
f 203/203 1655/1655 201/201
f 1658/1658 201/201 1655/1655
f 1660/1660 205/205 1656/1656
f 207/207 1656/1656 205/205
f 211/211 246/246 209/209
f 215/215 209/209 246/246
f 215/215 246/246 213/213
f 1661/1661 213/213 246/246
f 219/219 220/220 1663/1663
f 1236/1236 1663/1663 220/220
f 222/222 2056/2056 224/224
f 1664/1664 224/224 2056/2056
f 227/227 228/228 1665/1665
f 2057/2057 1665/1665 228/228
f 232/232 1232/1232 231/231
f 1233/1233 231/231 1232/1232
f 234/234 233/233 217/217
f 218/218 217/217 233/233
f 239/239 240/240 225/225
f 226/226 225/225 240/240
f 241/241 243/243 1667/1667
f 1662/1662 1667/1667 243/243
f 1229/1229 247/247 212/212
f 211/211 212/212 247/247
f 2058/2058 254/254 251/251
f 250/250 251/251 254/254
f 2058/2058 1669/1669 254/254
f 252/252 254/254 1669/1669
f 2059/2059 1671/1671 255/255
f 256/256 255/255 1671/1671
f 2060/2060 1672/1672 262/262
f 261/261 262/262 1672/1672
f 263/263 2061/2061 264/264
f 1674/1674 264/264 2061/2061
f 268/268 267/267 1676/1676
f 2062/2062 1676/1676 267/267
f 1677/1677 274/274 2063/2063
f 272/272 2063/2063 274/274
f 2064/2064 1678/1678 277/277
f 275/275 277/277 1678/1678
f 279/279 281/281 1679/1679
f 2065/2065 1679/1679 281/281
f 286/286 2066/2066 285/285
f 1681/1681 285/285 2066/2066
f 1684/1684 289/289 2067/2067
f 290/290 2067/2067 289/289
f 1680/1680 1685/1685 294/294
f 293/293 294/294 1685/1685
f 2068/2068 1688/1688 298/298
f 297/297 298/298 1688/1688
f 301/301 2069/2069 299/299
f 1689/1689 299/299 2069/2069
f 305/305 306/306 1692/1692
f 1700/1700 1692/1692 306/306
f 310/310 308/308 1694/1694
f 2068/2068 1694/1694 308/308
f 314/314 312/312 1695/1695
f 1691/1691 1695/1695 312/312
f 317/317 1687/1687 315/315
f 1697/1697 315/315 1687/1687
f 321/321 322/322 1699/1699
f 2070/2070 1699/1699 322/322
f 326/326 2069/2069 325/325
f 1701/1701 325/325 2069/2069
f 327/327 328/328 1702/1702
f 1258/1258 1702/1702 328/328
f 330/330 307/307 331/331
f 309/309 331/331 307/307
f 1704/1704 332/332 1247/1247
f 287/287 1247/1247 332/332
f 1705/1705 334/334 1249/1249
f 291/291 1249/1249 334/334
f 2071/2071 1707/1707 337/337
f 335/335 337/337 1707/1707
f 341/341 342/342 1708/1708
f 2071/2071 1708/1708 342/342
f 345/345 2072/2072 343/343
f 1711/1711 343/343 2072/2072
f 348/348 2072/2072 350/350
f 1713/1713 350/350 2072/2072
f 354/354 2073/2073 353/353
f 1715/1715 353/353 2073/2073
f 357/357 358/358 1716/1716
f 2074/2074 1716/1716 358/358
f 361/361 1709/1709 359/359
f 1718/1718 359/359 1709/1709
f 1719/1719 363/363 1712/1712
f 365/365 1712/1712 363/363
f 367/367 369/369 1720/1720
f 346/346 1720/1720 369/369
f 371/371 355/355 1721/1721
f 1267/1267 1721/1721 355/355
f 373/373 375/375 1722/1722
f 2075/2075 1722/1722 375/375
f 377/377 339/339 1724/1724
f 362/362 1724/1724 339/339
f 1726/1726 379/379 2076/2076
f 381/381 2076/2076 379/379
f 385/385 2077/2077 383/383
f 1727/1727 383/383 2077/2077
f 1728/1728 389/389 338/338
f 390/390 338/338 389/389
f 393/393 394/394 387/387
f 388/388 387/387 394/394
f 396/396 418/418 398/398
f 416/416 398/398 418/418
f 405/405 406/406 399/399
f 400/400 399/399 406/406
f 407/407 409/409 403/403
f 404/404 403/403 409/409
f 408/408 395/395 410/410
f 397/397 410/410 395/395
f 411/411 413/413 402/402
f 401/401 402/402 413/413
f 415/415 417/417 1730/1730
f 2078/2078 1730/1730 417/417
f 419/419 216/216 420/420
f 423/423 420/420 216/216
f 214/214 1221/1221 424/424
f 1731/1731 424/424 1221/1221
f 429/429 430/430 206/206
f 425/425 206/206 430/430
f 427/427 2079/2079 428/428
f 431/431 428/428 2079/2079
f 2079/2079 1733/1733 431/431
f 432/432 431/431 1733/1733
f 198/198 197/197 435/435
f 436/436 435/435 197/197
f 441/441 442/442 444/444
f 2080/2080 444/444 442/442
f 444/444 2080/2080 446/446
f 1735/1735 446/446 2080/2080
f 448/448 447/447 1737/1737
f 1736/1736 1737/1737 447/447
f 451/451 453/453 1738/1738
f 2081/2081 1738/1738 453/453
f 456/456 2024/2024 458/458
f 1739/1739 458/458 2024/2024
f 461/461 2026/2026 459/459
f 1741/1741 459/459 2026/2026
f 465/465 1916/1916 463/463
f 1742/1742 463/463 1916/1916
f 1914/1914 2082/2082 467/467
f 468/468 467/467 2082/2082
f 2083/2083 2084/2084 2085/2085
f 2086/2086 1748/1748 476/476
f 1318/1318 481/481 2087/2087
f 466/466 464/464 2088/2088
f 469/469 1308/1308 483/483
f 484/484 483/483 1308/1308
f 489/489 490/490 473/473
f 474/474 473/473 490/490
f 492/492 2089/2089 494/494
f 1754/1754 494/494 2089/2089
f 497/497 498/498 486/486
f 485/485 486/486 498/498
f 2090/2090 2091/2091 2092/2092
f 488/488 487/487 502/502
f 491/491 493/493 503/503
f 504/504 503/503 493/493
f 509/509 496/496 507/507
f 495/495 507/507 496/496
f 499/499 1340/1340 500/500
f 515/515 500/500 1340/1340
f 1341/1341 2093/2093 2094/2094
f 2095/2095 1758/1758 519/519
f 524/524 510/510 526/526
f 508/508 526/526 510/510
f 516/516 527/527 514/514
f 529/529 514/514 527/527
f 533/533 534/534 522/522
f 520/520 522/522 534/534
f 536/536 523/523 538/538
f 2096/2096 2097/2097 2098/2098
f 543/543 530/530 2099/2099
f 528/528 2099/2099 530/530
f 2100/2100 2101/2101 1368/1368
f 2102/2102 545/545 2103/2103
f 1957/1957 2104/2104 551/551
f 2105/2105 2106/2106 2107/2107
f 557/557 558/558 1778/1778
f 1955/1955 1778/1778 558/558
f 1378/1378 2108/2108 550/550
f 548/548 550/550 2108/2108
f 553/553 554/554 565/565
f 566/566 565/565 554/554
f 571/571 572/572 555/555
f 556/556 555/555 572/572
f 574/574 2109/2109 576/576
f 1379/1379 576/576 2109/2109
f 579/579 580/580 568/568
f 567/567 568/568 580/580
f 583/583 2110/2110 569/569
f 2111/2111 2112/2112 2113/2113
f 573/573 575/575 587/587
f 588/588 587/587 575/575
f 593/593 578/578 591/591
f 577/577 591/591 578/578
f 581/581 595/595 582/582
f 2114/2114 2115/2115 1406/1406
f 2116/2116 2117/2117 2118/2118
f 2119/2119 1399/1399 2120/2120
f 606/606 594/594 608/608
f 592/592 608/608 594/594
f 596/596 609/609 2121/2121
f 611/611 2121/2121 609/609
f 615/615 2122/2122 1412/1412
f 604/604 602/602 2123/2123
f 620/620 605/605 1430/1430
f 607/607 1430/1430 605/605
f 627/627 612/612 625/625
f 610/610 625/625 612/612
f 631/631 632/632 1807/1807
f 2124/2124 1807/1807 632/632
f 634/634 1281/1281 636/636
f 1282/1282 636/636 1281/1281
f 639/639 640/640 641/641
f 642/642 641/641 640/640
f 2063/2063 1809/1809 644/644
f 643/643 644/644 1809/1809
f 647/647 648/648 661/661
f 662/662 661/661 648/648
f 657/657 649/649 658/658
f 651/651 658/658 649/649
f 645/645 653/653 646/646
f 655/655 646/646 653/653
f 659/659 660/660 1811/1811
f 2125/2125 1811/1811 660/660
f 663/663 664/664 666/666
f 668/668 666/666 664/664
f 650/650 665/665 652/652
f 667/667 652/652 665/665
f 669/669 1895/1895 670/670
f 1812/1812 670/670 1895/1895
f 1871/1871 1815/1815 673/673
f 674/674 673/673 1815/1815
f 678/678 677/677 1817/1817
f 1898/1898 1817/1817 677/677
f 1818/1818 681/681 1839/1839
f 683/683 1839/1839 681/681
f 2126/2126 1820/1820 685/685
f 686/686 685/685 1820/1820
f 1821/1821 1823/1823 689/689
f 690/690 689/689 1823/1823
f 694/694 693/693 1825/1825
f 1907/1907 1825/1825 693/693
f 1827/1827 697/697 1890/1890
f 699/699 1890/1890 697/697
f 701/701 2127/2127 702/702
f 1828/1828 702/702 2127/2127
f 1831/1831 705/705 2128/2128
f 707/707 2128/2128 705/705
f 710/710 709/709 1833/1833
f 1813/1813 1833/1833 709/709
f 713/713 1868/1868 714/714
f 1834/1834 714/714 1868/1868
f 718/718 2129/2129 720/720
f 1836/1836 720/720 2129/2129
f 722/722 721/721 1838/1838
f 2130/2130 1838/1838 721/721
f 726/726 725/725 1841/1841
f 1824/1824 1841/1841 725/725
f 730/730 729/729 1843/1843
f 1832/1832 1843/1843 729/729
f 2131/2131 1844/1844 733/733
f 734/734 733/733 1844/1844
f 1814/1814 1846/1846 737/737
f 738/738 737/737 1846/1846
f 742/742 1866/1866 744/744
f 1848/1848 744/744 1866/1866
f 746/746 745/745 1851/1851
f 1816/1816 1851/1851 745/745
f 751/751 1864/1864 749/749
f 1853/1853 749/749 1864/1864
f 754/754 753/753 1855/1855
f 2132/2132 1855/1855 753/753
f 757/757 2133/2133 758/758
f 1856/1856 758/758 2133/2133
f 763/763 1872/1872 761/761
f 1859/1859 761/761 1872/1872
f 1861/1861 765/765 1847/1847
f 767/767 1847/1847 765/765
f 1826/1826 1862/1862 769/769
f 770/770 769/769 1862/1862
f 1865/1865 773/773 1879/1879
f 775/775 1879/1879 773/773
f 780/780 778/778 1867/1867
f 2134/2134 1867/1867 778/778
f 782/782 781/781 1869/1869
f 1854/1854 1869/1869 781/781
f 2135/2135 1870/1870 785/785
f 786/786 785/785 1870/1870
f 1873/1873 789/789 1883/1883
f 791/791 1883/1883 789/789
f 793/793 1857/1857 794/794
f 1874/1874 794/794 1857/1857
f 799/799 1886/1886 797/797
f 1877/1877 797/797 1886/1886
f 1892/1892 1878/1878 801/801
f 802/802 801/801 1878/1878
f 806/806 2136/2136 808/808
f 1880/1880 808/808 2136/2136
f 1896/1896 1882/1882 809/809
f 810/810 809/809 1882/1882
f 813/813 1875/1875 814/814
f 1884/1884 814/814 1875/1875
f 1887/1887 817/817 1905/1905
f 819/819 1905/1905 817/817
f 821/821 1835/1835 822/822
f 1888/1888 822/822 1835/1835
f 827/827 1860/1860 825/825
f 1891/1891 825/825 1860/1860
f 2137/2137 1893/1893 829/829
f 830/830 829/829 1893/1893
f 833/833 2138/2138 834/834
f 1894/1894 834/834 2138/2138
f 1863/1863 1897/1897 837/837
f 838/838 837/837 1897/1897
f 842/842 841/841 1899/1899
f 1885/1885 1899/1899 841/841
f 845/845 1829/1829 846/846
f 1900/1900 846/846 1829/1829
f 2139/2139 1902/1902 849/849
f 850/850 849/849 1902/1902
f 1822/1822 1904/1904 853/853
f 854/854 853/853 1904/1904
f 857/857 1889/1889 858/858
f 1906/1906 858/858 1889/1889
f 861/861 2041/2041 862/862
f 88/88 862/862 2041/2041
f 863/863 2042/2042 864/864
f 92/92 864/864 2042/2042
f 866/866 1976/1976 867/867
f 100/100 867/867 1976/1976
f 868/868 2044/2044 869/869
f 104/104 869/869 2044/2044
f 870/870 2045/2045 871/871
f 108/108 871/871 2045/2045
f 872/872 2046/2046 873/873
f 112/112 873/873 2046/2046
f 875/875 2047/2047 877/877
f 116/116 877/877 2047/2047
f 879/879 1978/1978 880/880
f 124/124 880/880 1978/1978
f 881/881 2049/2049 882/882
f 128/128 882/882 2049/2049
f 883/883 2050/2050 885/885
f 132/132 885/885 2050/2050
f 2140/2140 2141/2141 2142/2142
f 1908/1908 886/886 2143/2143
f 1450/1450 1913/1913 706/706
f 2144/2144 2145/2145 2146/2146
f 2147/2147 2148/2148 2149/2149
f 893/893 892/892 1915/1915
f 2150/2150 2151/2151 2152/2152
f 2153/2153 1919/1919 899/899
f 2154/2154 2155/2155 2156/2156
f 906/906 682/682 2157/2157
f 909/909 723/723 907/907
f 2158/2158 2159/2159 2160/2160
f 2161/2161 1929/1929 914/914
f 2162/2162 2163/2163 2164/2164
f 2165/2165 2166/2166 2167/2167
f 918/918 917/917 1930/1930
f 923/923 924/924 1348/1348
f 1349/1349 1348/1348 924/924
f 2168/2168 2169/2169 925/925
f 926/926 925/925 2169/2169
f 930/930 1457/1457 932/932
f 1937/1937 932/932 1457/1457
f 934/934 2170/2170 936/936
f 1939/1939 936/936 2170/2170
f 938/938 1451/1451 940/940
f 1941/1941 940/940 1451/1451
f 942/942 2171/2171 944/944
f 1943/1943 944/944 2171/2171
f 946/946 2172/2172 948/948
f 1945/1945 948/948 2172/2172
f 950/950 2173/2173 952/952
f 1947/1947 952/952 2173/2173
f 954/954 2174/2174 956/956
f 1949/1949 956/956 2174/2174
f 958/958 1466/1466 960/960
f 1951/1951 960/960 1466/1466
f 962/962 2175/2175 964/964
f 1953/1953 964/964 2175/2175
f 966/966 777/777 968/968
f 779/779 968/968 777/777
f 832/832 803/803 969/969
f 1954/1954 969/969 803/803
f 2176/2176 1956/1956 974/974
f 975/975 974/974 1956/1956
f 800/800 1958/1958 818/818
f 1533/1533 818/818 1958/1958
f 2177/2177 2178/2178 1538/1538
f 1960/1960 983/983 855/855
f 764/764 1962/1962 790/790
f 1965/1965 2179/2179 2180/2180
f 840/840 811/811 987/987
f 1967/1967 987/987 811/811
f 771/771 1969/1969 698/698
f 992/992 698/698 1969/1969
f 828/828 1970/1970 766/766
f 1547/1547 766/766 1970/1970
f 2181/2181 2182/2182 1550/1550
f 1971/1971 999/999 739/739
f 2183/2183 2184/2184 2185/2185
f 1974/1974 2186/2186 2187/2187
f 1006/1006 2188/2188 1008/1008
f 1977/1977 1008/1008 2188/2188
f 1009/1009 119/119 1011/1011
f 1979/1979 1011/1011 119/119
f 2189/2189 2190/2190 2191/2191
f 1556/1556 2192/2192 1980/1980
f 2193/2193 2194/2194 2195/2195
f 1022/1022 1021/1021 1982/1982
f 1025/1025 717/717 1027/1027
f 719/719 1027/1027 717/717
f 1029/1029 805/805 1031/1031
f 807/807 1031/1031 805/805
f 2196/2196 2197/2197 1035/1035
f 1034/1034 2198/2198 2199/2199
f 2200/2200 2201/2201 1041/1041
f 1040/1040 2202/2202 2203/2203
f 1046/1046 1047/1047 1990/1990
f 2204/2204 1990/1990 1047/1047
f 1050/1050 1051/1051 1992/1992
f 2012/2012 1992/1992 1051/1051
f 1054/1054 1055/1055 1993/1993
f 2205/2205 1993/1993 1055/1055
f 1058/1058 1999/1999 1056/1056
f 1995/1995 1056/1056 1999/1999
f 1996/1996 1060/1060 2206/2206
f 1062/1062 2206/2206 1060/1060
f 1064/1064 2207/2207 1065/1065
f 1998/1998 1065/1065 2207/2207
f 1071/1071 1069/1069 2000/2000
f 2208/2208 2000/2000 1069/1069
f 1074/1074 2209/2209 1072/1072
f 2003/2003 1072/1072 2209/2209
f 2005/2005 1078/1078 2210/2210
f 1079/1079 2210/2210 1078/1078
f 1081/1081 2210/2210 1083/1083
f 2006/2006 1083/1083 2210/2210
f 1086/1086 1087/1087 2008/2008
f 2209/2209 2008/2008 1087/1087
f 1090/1090 1091/1091 2010/2010
f 2211/2211 2010/2010 1091/1091
f 2205/2205 2011/2011 1093/1093
f 1095/1095 1093/1093 2011/2011
f 1098/1098 2204/2204 1096/1096
f 2013/2013 1096/1096 2204/2204
f 1102/1102 1103/1103 2015/2015
f 2212/2212 2015/2015 1103/1103
f 1107/1107 1105/1105 2016/2016
f 2001/2001 2016/2016 1105/1105
f 1110/1110 2213/2213 1108/1108
f 2017/2017 1108/1108 2213/2213
f 1576/1576 2018/2018 1113/1113
f 1114/1114 1113/1113 2018/2018
f 1117/1117 37/37 1115/1115
f 2020/2020 1115/1115 37/37
f 1128/1128 2021/2021 1120/1120
f 1121/1121 1120/1120 2021/2021
f 1124/1124 1123/1123 2023/2023
f 1092/1092 2023/2023 1123/1123
f 1127/1127 1126/1126 2025/2025
f 23/23 2025/2025 1126/1126
f 2027/2027 1129/1129 1119/1119
f 1120/1120 1119/1119 1129/1129
f 1080/1080 2028/2028 1130/1130
f 1131/1131 1130/1130 2028/2028
f 1134/1134 1133/1133 2029/2029
f 31/31 2029/2029 1133/1133
f 1137/1137 1136/1136 2030/2030
f 1068/1068 2030/2030 1136/1136
f 1140/1140 1584/1584 1138/1138
f 2032/2032 1138/1138 1584/1584
f 1281/1281 1807/1807 1285/1285
f 2214/2214 1285/1285 1807/1807
f 1146/1146 2215/2215 1147/1147
f 2216/2216 1147/1147 2215/2215
f 1144/1144 2217/2217 1145/1145
f 2218/2218 1145/1145 2217/2217
f 2219/2219 2220/2220 2216/2216
f 1147/1147 2216/2216 2220/2220
f 1148/1148 2221/2221 1149/1149
f 2222/2222 1149/1149 2221/2221
f 1150/1150 2223/2223 1151/1151
f 2224/2224 1151/1151 2223/2223
f 1156/1156 1155/1155 2225/2225
f 2226/2226 2225/2225 1155/1155
f 1110/1110 1111/1111 2227/2227
f 1154/1154 2227/2227 1111/1111
f 2228/2228 2229/2229 2230/2230
f 2231/2231 2230/2230 2229/2229
f 1117/1117 1118/1118 2232/2232
f 1157/1157 2232/2232 1118/1118
f 2036/2036 2233/2233 1608/1608
f 2234/2234 1608/1608 2233/2233
f 2037/2037 2235/2235 1609/1609
f 2236/2236 1609/1609 2235/2235
f 167/167 2237/2237 165/165
f 1610/1610 165/165 2237/2237
f 2038/2038 2238/2238 1612/1612
f 2239/2239 1612/1612 2238/2238
f 2039/2039 2240/2240 1613/1613
f 2241/2241 1613/1613 2240/2240
f 2040/2040 2242/2242 1614/1614
f 2243/2243 1614/1614 2242/2242
f 1202/1202 2244/2244 1615/1615
f 2245/2245 1615/1615 2244/2244
f 149/149 150/150 1616/1616
f 2246/2246 1616/1616 150/150
f 137/137 138/138 1617/1617
f 2247/2247 1617/1617 138/138
f 161/161 162/162 1619/1619
f 2248/2248 1619/1619 162/162
f 1199/1199 1200/1200 1620/1620
f 2249/2249 1620/1620 1200/1200
f 1197/1197 1198/1198 1621/1621
f 2250/2250 1621/1621 1198/1198
f 2041/2041 2251/2251 1622/1622
f 2252/2252 1622/1622 2251/2251
f 2042/2042 2253/2253 1624/1624
f 2254/2254 1624/1624 2253/2253
f 2043/2043 2255/2255 1626/1626
f 2256/2256 1626/1626 2255/2255
f 1976/1976 1977/1977 1629/1629
f 2257/2257 1629/1629 1977/1977
f 2044/2044 2258/2258 1630/1630
f 2259/2259 1630/1630 2258/2258
f 2045/2045 2260/2260 1632/1632
f 2261/2261 1632/1632 2260/2260
f 2046/2046 2262/2262 1634/1634
f 2263/2263 1634/1634 2262/2262
f 2047/2047 2264/2264 1636/1636
f 2265/2265 1636/1636 2264/2264
f 2048/2048 2266/2266 1638/1638
f 2267/2267 1638/1638 2266/2266
f 1978/1978 1979/1979 1640/1640
f 2268/2268 1640/1640 1979/1979
f 2049/2049 2269/2269 1642/1642
f 2270/2270 1642/1642 2269/2269
f 2050/2050 2271/2271 1643/1643
f 2272/2272 1643/1643 2271/2271
f 2273/2273 2274/2274 2040/2040
f 2242/2242 2040/2040 2274/2274
f 1204/1204 2275/2275 43/43
f 44/44 43/43 2275/2275
f 2276/2276 2277/2277 55/55
f 56/56 55/55 2277/2277
f 2278/2278 2279/2279 2037/2037
f 2235/2235 2037/2037 2279/2279
f 2280/2280 2281/2281 2039/2039
f 2240/2240 2039/2039 2281/2281
f 2282/2282 2283/2283 39/39
f 40/40 39/39 2283/2283
f 2284/2284 2285/2285 51/51
f 52/52 51/51 2285/2285
f 1623/1623 2286/2286 2287/2287
f 2288/2288 2287/2287 2286/2286
f 1201/1201 2289/2289 1202/1202
f 2244/2244 1202/1202 2289/2289
f 2290/2290 2291/2291 59/59
f 60/60 59/59 2291/2291
f 1203/1203 2292/2292 71/71
f 72/72 71/71 2292/2292
f 2293/2293 2294/2294 2295/2295
f 2296/2296 2295/2295 2294/2294
f 1205/1205 2297/2297 1206/1206
f 2298/2298 1206/1206 2297/2297
f 2299/2299 2300/2300 1207/1207
f 1208/1208 1207/1207 2300/2300
f 2301/2301 2302/2302 2303/2303
f 2304/2304 2303/2303 2302/2302
f 1211/1211 1212/1212 2305/2305
f 2306/2306 2305/2305 1212/1212
f 2307/2307 1213/1213 2308/2308
f 1214/1214 2308/2308 1213/1213
f 1654/1654 2054/2054 2309/2309
f 2310/2310 2309/2309 2054/2054
f 2311/2311 1657/1657 2312/2312
f 2055/2055 2312/2312 1657/1657
f 1658/1658 1655/1655 2313/2313
f 2314/2314 2313/2313 1655/1655
f 2315/2315 2316/2316 1656/1656
f 1660/1660 1656/1656 2316/2316
f 2317/2317 2318/2318 1220/1220
f 1221/1221 1220/1220 2318/2318
f 2319/2319 2320/2320 237/237
f 238/238 237/237 2320/2320
f 220/220 2321/2321 1236/1236
f 258/258 1236/1236 2321/2321
f 2322/2322 253/253 2323/2323
f 1235/1235 2323/2323 253/253
f 1239/1239 1673/1673 2324/2324
f 2325/2325 2324/2324 1673/1673
f 2326/2326 2327/2327 2328/2328
f 1238/1238 2328/2328 2327/2327
f 2329/2329 196/196 2330/2330
f 194/194 2330/2330 196/196
f 1667/1667 1662/1662 2331/2331
f 1661/1661 2331/2331 1662/1662
f 2332/2332 2333/2333 2334/2334
f 2335/2335 2334/2334 2333/2333
f 1228/1228 2336/2336 1217/1217
f 202/202 1217/1217 2336/2336
f 2337/2337 2338/2338 1227/1227
f 229/229 1227/1227 2338/2338
f 2339/2339 2340/2340 2341/2341
f 2342/2342 2341/2341 2340/2340
f 1663/1663 1236/1236 2343/2343
f 1237/1237 2343/2343 1236/1236
f 2344/2344 2345/2345 2346/2346
f 2347/2347 2346/2346 2345/2345
f 2348/2348 1442/1442 2349/2349
f 1444/1444 2349/2349 1442/1442
f 2350/2350 1287/1287 2351/2351
f 1729/1729 2351/2351 1287/1287
f 2352/2352 1443/1443 2353/2353
f 1810/1810 2353/2353 1443/1443
f 2354/2354 1445/1445 1678/1678
f 1446/1446 1678/1678 1445/1445
f 2355/2355 2356/2356 2357/2357
f 2358/2358 2357/2357 2356/2356
f 2359/2359 1247/1247 2360/2360
f 1246/1246 2360/2360 1247/1247
f 2361/2361 2362/2362 2363/2363
f 2364/2364 2363/2363 2362/2362
f 1245/1245 1682/1682 2365/2365
f 2366/2366 2365/2365 1682/1682
f 308/308 2367/2367 2068/2068
f 1688/1688 2068/2068 2367/2367
f 2368/2368 1689/1689 326/326
f 2069/2069 326/326 1689/1689
f 2369/2369 2370/2370 1700/1700
f 1692/1692 1700/1700 2370/2370
f 298/298 2371/2371 2068/2068
f 1694/1694 2068/2068 2371/2371
f 1695/1695 1691/1691 2372/2372
f 2373/2373 2372/2372 1691/1691
f 2374/2374 1697/1697 2375/2375
f 1687/1687 2375/2375 1697/1697
f 1699/1699 2070/2070 2376/2376
f 2377/2377 2376/2376 2070/2070
f 2069/2069 301/301 1701/1701
f 2378/2378 1701/1701 301/301
f 2356/2356 288/288 2379/2379
f 333/333 2379/2379 288/288
f 2380/2380 2381/2381 2359/2359
f 2382/2382 2359/2359 2381/2381
f 2383/2383 2384/2384 2385/2385
f 2358/2358 2385/2385 2384/2384
f 2386/2386 2387/2387 1260/1260
f 282/282 1260/1260 2387/2387
f 342/342 2388/2388 2071/2071
f 1707/1707 2071/2071 2388/2388
f 337/337 2389/2389 2071/2071
f 1708/1708 2071/2071 2389/2389
f 2072/2072 348/348 1711/1711
f 2390/2390 1711/1711 348/348
f 2391/2391 1713/1713 345/345
f 2072/2072 345/345 1713/1713
f 2392/2392 1715/1715 2393/2393
f 2073/2073 2393/2393 1715/1715
f 2394/2394 2395/2395 2074/2074
f 1716/1716 2074/2074 2395/2395
f 1718/1718 1709/1709 2396/2396
f 2397/2397 2396/2396 1709/1709
f 2398/2398 2399/2399 1712/1712
f 1719/1719 1712/1712 2399/2399
f 2400/2400 2401/2401 1267/1267
f 1721/1721 1267/1267 2401/2401
f 344/344 2402/2402 346/346
f 1720/1720 346/346 2402/2402
f 360/360 2403/2403 362/362
f 1724/1724 362/362 2403/2403
f 2404/2404 2405/2405 2406/2406
f 2407/2407 2406/2406 2405/2405
f 2408/2408 2409/2409 2410/2410
f 347/347 2410/2410 2409/2409
f 2077/2077 2411/2411 1727/1727
f 2412/2412 1727/1727 2411/2411
f 2413/2413 296/296 2414/2414
f 1728/1728 2414/2414 296/296
f 2415/2415 2416/2416 2417/2417
f 2418/2418 2417/2417 2416/2416
f 2419/2419 1213/1213 2420/2420
f 2307/2307 2420/2420 1213/1213
f 183/183 2421/2421 181/181
f 2422/2422 181/181 2421/2421
f 2423/2423 1211/1211 2424/2424
f 2305/2305 2424/2424 1211/1211
f 2425/2425 2426/2426 185/185
f 186/186 185/185 2426/2426
f 2427/2427 2428/2428 2301/2301
f 2302/2302 2301/2301 2428/2428
f 2429/2429 2430/2430 191/191
f 189/189 191/191 2430/2430
f 2431/2431 1732/1732 2432/2432
f 1731/1731 2432/2432 1732/1732
f 2433/2433 2434/2434 2435/2435
f 2436/2436 2435/2435 2434/2434
f 2437/2437 1293/1293 2438/2438
f 1292/1292 2438/2438 1293/1293
f 2439/2439 1295/1295 2440/2440
f 1294/1294 2440/2440 1295/1295
f 2441/2441 2442/2442 1603/1603
f 2443/2443 1603/1603 2442/2442
f 2444/2444 2445/2445 2035/2035
f 1605/1605 2035/2035 2445/2445
f 2434/2434 2446/2446 2436/2436
f 2447/2447 2436/2436 2446/2446
f 2448/2448 1735/1735 2449/2449
f 2080/2080 2449/2449 1735/1735
f 2450/2450 2451/2451 1736/1736
f 1737/1737 1736/1736 2451/2451
f 1732/1732 2431/2431 2452/2452
f 2453/2453 2452/2452 2431/2431
f 31/31 33/33 2029/2029
f 2454/2454 2029/2029 33/33
f 2455/2455 1741/1741 2025/2025
f 2026/2026 2025/2025 1741/1741
f 2456/2456 2457/2457 2458/2458
f 2153/2153 2459/2459 2460/2460
f 2461/2461 2462/2462 1305/1305
f 1306/1306 1305/1305 2462/2462
f 1307/1307 2463/2463 1309/1309
f 2464/2464 1309/1309 2463/2463
f 1918/1918 2465/2465 2466/2466
f 2467/2467 2468/2468 1919/1919
f 2469/2469 2470/2470 1315/1315
f 1316/1316 1315/1315 2470/2470
f 2471/2471 2472/2472 2473/2473
f 1320/1320 2474/2474 1321/1321
f 2475/2475 2476/2476 2477/2477
f 2478/2478 2479/2479 2480/2480
f 2481/2481 2482/2482 1327/1327
f 1326/1326 1327/1327 2482/2482
f 2483/2483 1329/1329 2484/2484
f 1328/1328 2484/2484 1329/1329
f 1557/1557 2485/2485 1559/1559
f 2486/2486 1559/1559 2485/2485
f 2487/2487 1335/1335 2488/2488
f 1334/1334 2488/2488 1335/1335
f 2489/2489 2490/2490 1336/1336
f 1337/1337 1336/1336 2490/2490
f 2491/2491 1922/1922 2492/2492
f 2493/2493 2494/2494 2495/2495
f 2496/2496 1344/1344 2497/2497
f 1345/1345 2497/2497 1344/1344
f 2498/2498 2499/2499 1347/1347
f 1346/1346 1347/1347 2499/2499
f 2500/2500 2501/2501 1496/1496
f 1498/1498 1499/1499 2502/2502
f 2503/2503 1353/1353 2504/2504
f 2505/2505 2506/2506 2507/2507
f 1359/1359 1358/1358 2508/2508
f 2509/2509 2508/2508 1358/1358
f 2510/2510 2511/2511 2512/2512
f 2513/2513 2514/2514 2515/2515
f 2516/2516 2517/2517 1767/1767
f 2518/2518 1767/1767 2517/2517
f 2519/2519 2520/2520 2521/2521
f 2522/2522 1784/1784 2523/2523
f 1541/1541 1540/1540 2524/2524
f 2525/2525 2524/2524 1540/1540
f 2526/2526 2527/2527 1376/1376
f 1377/1377 1376/1376 2527/2527
f 2528/2528 2529/2529 2530/2530
f 1380/1380 2531/2531 1381/1381
f 1986/1986 2532/2532 2533/2533
f 2534/2534 2535/2535 2536/2536
f 2537/2537 2538/2538 1788/1788
f 1792/1792 1787/1787 2539/2539
f 2540/2540 2541/2541 2542/2542
f 2543/2543 2544/2544 1793/1793
f 1562/1562 2545/2545 2546/2546
f 2547/2547 1564/1564 2548/2548
f 2549/2549 1400/1400 2550/2550
f 1790/1790 2551/2551 2552/2552
f 2553/2553 2554/2554 1402/1402
f 1403/1403 1402/1402 2554/2554
f 2555/2555 1963/1963 2556/2556
f 2557/2557 2556/2556 1963/1963
f 2558/2558 2559/2559 2560/2560
f 1409/1409 2561/2561 1803/1803
f 2562/2562 2563/2563 1801/1801
f 2564/2564 2565/2565 2566/2566
f 2567/2567 2568/2568 2569/2569
f 2570/2570 1542/1542 2571/2571
f 2572/2572 1420/1420 2573/2573
f 1422/1422 2573/2573 1420/1420
f 2574/2574 2575/2575 2576/2576
f 2577/2577 2578/2578 1428/1428
f 2579/2579 2580/2580 2581/2581
f 2582/2582 2581/2581 2580/2580
f 1436/1436 1437/1437 2583/2583
f 2584/2584 2583/2583 1437/1437
f 1809/1809 2585/2585 1808/1808
f 2586/2586 1808/1808 2585/2585
f 271/271 1280/1280 2587/2587
f 2588/2588 2587/2587 1280/1280
f 2589/2589 2590/2590 2591/2591
f 2124/2124 2591/2591 2590/2590
f 2063/2063 644/644 2592/2592
f 2593/2593 2592/2592 644/644
f 2594/2594 2595/2595 2596/2596
f 2597/2597 2596/2596 2595/2595
f 2598/2598 642/642 2599/2599
f 2600/2600 2599/2599 642/642
f 2/2 1/1 2601/2601
f 2602/2602 2601/2601 1/1
f 2603/2603 2604/2604 1677/1677
f 1142/1142 1677/1677 2604/2604
f 2605/2605 2606/2606 2607/2607
f 2608/2608 2607/2607 2606/2606
f 2609/2609 2610/2610 2611/2611
f 2612/2612 2611/2611 2610/2610
f 2613/2613 2614/2614 2615/2615
f 2616/2616 2615/2615 2614/2614
f 2617/2617 2618/2618 2619/2619
f 2620/2620 2619/2619 2618/2618
f 2621/2621 2622/2622 2623/2623
f 2624/2624 2623/2623 2622/2622
f 2625/2625 2626/2626 2627/2627
f 2628/2628 2627/2627 2626/2626
f 2629/2629 2630/2630 2631/2631
f 2632/2632 2631/2631 2630/2630
f 2633/2633 2634/2634 2635/2635
f 2636/2636 2635/2635 2634/2634
f 2139/2139 849/849 2637/2637
f 2638/2638 2637/2637 849/849
f 2639/2639 2640/2640 833/833
f 2138/2138 833/833 2640/2640
f 2641/2641 2642/2642 2643/2643
f 2644/2644 2643/2643 2642/2642
f 2645/2645 2646/2646 2647/2647
f 2648/2648 2647/2647 2646/2646
f 2126/2126 685/685 2649/2649
f 2650/2650 2649/2649 685/685
f 753/753 2651/2651 2132/2132
f 2652/2652 2132/2132 2651/2651
f 2653/2653 2654/2654 2655/2655
f 2656/2656 2655/2655 2654/2654
f 2657/2657 2658/2658 2659/2659
f 2660/2660 2659/2659 2658/2658
f 2661/2661 2662/2662 2663/2663
f 2664/2664 2663/2663 2662/2662
f 2665/2665 2666/2666 2667/2667
f 2668/2668 2667/2667 2666/2666
f 2669/2669 2670/2670 2671/2671
f 2672/2672 2671/2671 2670/2670
f 2673/2673 2674/2674 2675/2675
f 2676/2676 2675/2675 2674/2674
f 2677/2677 2678/2678 2679/2679
f 2680/2680 2679/2679 2678/2678
f 721/721 2681/2681 2130/2130
f 2682/2682 2130/2130 2681/2681
f 2131/2131 733/733 2683/2683
f 2684/2684 2683/2683 733/733
f 2685/2685 2686/2686 2687/2687
f 2688/2688 2687/2687 2686/2686
f 2689/2689 2690/2690 2691/2691
f 2692/2692 2691/2691 2690/2690
f 2693/2693 2694/2694 2695/2695
f 2696/2696 2695/2695 2694/2694
f 2697/2697 2698/2698 2699/2699
f 2700/2700 2699/2699 2698/2698
f 2701/2701 2137/2137 2702/2702
f 829/829 2702/2702 2137/2137
f 2703/2703 2704/2704 2705/2705
f 2706/2706 2705/2705 2704/2704
f 806/806 2707/2707 2136/2136
f 2708/2708 2136/2136 2707/2707
f 2709/2709 2710/2710 2711/2711
f 2712/2712 2711/2711 2710/2710
f 2713/2713 2714/2714 2715/2715
f 2716/2716 2715/2715 2714/2714
f 2717/2717 2718/2718 2719/2719
f 2720/2720 2719/2719 2718/2718
f 2721/2721 2722/2722 2723/2723
f 2724/2724 2723/2723 2722/2722
f 2135/2135 785/785 2725/2725
f 2726/2726 2725/2725 785/785
f 2727/2727 2728/2728 2729/2729
f 2730/2730 2729/2729 2728/2728
f 2731/2731 2732/2732 2733/2733
f 2734/2734 2733/2733 2732/2732
f 2735/2735 2736/2736 2737/2737
f 2738/2738 2737/2737 2736/2736
f 2739/2739 2740/2740 2741/2741
f 2742/2742 2741/2741 2740/2740
f 2743/2743 2744/2744 2745/2745
f 2746/2746 2745/2745 2744/2744
f 778/778 2747/2747 2134/2134
f 2748/2748 2134/2134 2747/2747
f 2749/2749 2750/2750 707/707
f 2128/2128 707/707 2750/2750
f 2751/2751 2752/2752 2753/2753
f 2754/2754 2753/2753 2752/2752
f 2755/2755 2756/2756 2757/2757
f 2758/2758 2757/2757 2756/2756
f 2759/2759 2760/2760 2761/2761
f 2762/2762 2761/2761 2760/2760
f 701/701 2763/2763 2127/2127
f 2764/2764 2127/2127 2763/2763
f 2765/2765 2766/2766 2767/2767
f 2768/2768 2767/2767 2766/2766
f 2769/2769 2770/2770 2771/2771
f 2772/2772 2771/2771 2770/2770
f 1460/1460 1481/1481 748/748
f 2773/2773 748/748 1481/1481
f 679/679 1472/1472 844/844
f 2774/2774 844/844 1472/1472
f 815/815 1473/1473 796/796
f 2775/2775 796/796 1473/1473
f 727/727 1474/1474 696/696
f 2776/2776 696/696 1474/1474
f 859/859 1475/1475 824/824
f 2777/2777 824/824 1475/1475
f 715/715 1476/1476 784/784
f 2778/2778 784/784 1476/1476
f 755/755 1477/1477 2779/2779
f 2780/2780 2779/2779 1477/1477
f 1469/1469 1478/1478 848/848
f 2781/2781 848/848 1478/1478
f 731/731 1479/1479 712/712
f 2782/2782 712/712 1479/1479
f 671/671 1480/1480 836/836
f 2783/2783 836/836 1480/1480
f 2141/2141 2784/2784 1912/1912
f 2785/2785 1908/1908 2786/2786
f 1450/1450 2787/2787 1913/1913
f 2788/2788 2146/2146 2789/2789
f 2790/2790 2791/2791 2792/2792
f 2793/2793 2794/2794 2795/2795
f 901/901 2796/2796 899/899
f 2797/2797 899/899 2796/2796
f 2798/2798 2799/2799 1448/1448
f 2157/2157 1448/1448 2799/2799
f 2800/2800 2801/2801 1928/1928
f 2802/2802 1925/1925 724/724
f 2161/2161 2803/2803 1929/1929
f 2804/2804 2164/2164 2805/2805
f 2806/2806 2807/2807 2165/2165
f 1930/1930 2808/2808 2809/2809
f 2810/2810 2811/2811 2812/2812
f 2813/2813 924/924 2814/2814
f 2815/2815 2816/2816 2817/2817
f 2818/2818 2817/2817 2816/2816
f 1172/1172 1524/1524 2819/2819
f 2820/2820 2819/2819 1524/1524
f 1160/1160 1515/1515 2821/2821
f 2822/2822 2821/2821 1515/1515
f 1161/1161 1516/1516 2823/2823
f 2824/2824 2823/2823 1516/1516
f 1164/1164 1517/1517 2825/2825
f 2826/2826 2825/2825 1517/1517
f 1165/1165 1518/1518 2827/2827
f 2828/2828 2827/2827 1518/1518
f 1166/1166 1519/1519 2829/2829
f 2830/2830 2829/2829 1519/1519
f 1167/1167 1520/1520 2831/2831
f 2832/2832 2831/2831 1520/1520
f 1168/1168 1521/1521 2833/2833
f 2834/2834 2833/2833 1521/1521
f 1170/1170 1522/1522 2835/2835
f 2836/2836 2835/2835 1522/1522
f 1171/1171 1523/1523 2837/2837
f 2838/2838 2837/2837 1523/1523
f 803/803 804/804 1954/1954
f 2839/2839 1954/1954 804/804
f 2176/2176 2840/2840 1956/1956
f 2841/2841 1956/1956 2840/2840
f 798/798 2842/2842 800/800
f 1958/1958 800/800 2842/2842
f 2843/2843 2844/2844 2845/2845
f 2846/2846 2847/2847 2848/2848
f 2849/2849 2850/2850 2851/2851
f 1962/1962 764/764 2852/2852
f 811/811 812/812 1967/1967
f 2853/2853 1967/1967 812/812
f 771/771 772/772 1969/1969
f 2854/2854 1969/1969 772/772
f 826/826 2855/2855 828/828
f 1970/1970 828/828 2855/2855
f 739/739 740/740 1971/1971
f 2856/2856 2857/2857 2858/2858
f 2859/2859 2860/2860 2861/2861
f 1972/1972 752/752 2862/2862
f 795/795 2863/2863 760/760
f 2864/2864 760/760 2863/2863
f 847/847 2865/2865 704/704
f 2866/2866 704/704 2865/2865
f 2867/2867 2868/2868 2869/2869
f 2870/2870 1980/1980 852/852
f 2871/2871 2872/2872 2873/2873
f 2874/2874 1982/1982 736/736
f 1611/1611 2875/2875 1162/1162
f 2876/2876 1162/1162 2875/2875
f 1618/1618 2877/2877 1169/1169
f 2878/2878 1169/1169 2877/2877
f 2879/2879 2880/2880 2881/2881
f 1537/1537 2882/2882 2883/2883
f 2884/2884 2885/2885 2886/2886
f 1549/1549 2887/2887 2888/2888
f 2889/2889 2890/2890 2891/2891
f 2892/2892 2891/2891 2890/2890
f 2893/2893 1992/1992 2894/2894
f 2012/2012 2894/2894 1992/1992
f 1993/1993 2205/2205 2895/2895
f 1093/1093 2895/2895 2205/2205
f 2896/2896 2897/2897 2898/2898
f 2899/2899 2898/2898 2897/2897
f 2900/2900 2901/2901 1069/1069
f 2208/2208 1069/1069 2901/2901
f 2902/2902 2903/2903 1103/1103
f 2212/2212 1103/1103 2903/2903
f 1062/1062 2904/2904 2206/2206
f 2905/2905 2206/2206 2904/2904
f 1087/1087 2906/2906 2209/2209
f 2003/2003 2209/2209 2906/2906
f 2907/2907 2005/2005 1081/1081
f 2210/2210 1081/1081 2005/2005
f 2210/2210 1079/1079 2006/2006
f 2908/2908 2006/2006 1079/1079
f 2909/2909 2008/2008 1074/1074
f 2209/2209 1074/1074 2008/2008
f 2910/2910 2911/2911 2912/2912
f 2002/2002 2912/2912 2911/2911
f 1055/1055 2913/2913 2205/2205
f 2011/2011 2205/2205 2913/2913
f 1047/1047 2914/2914 2204/2204
f 2013/2013 2204/2204 2914/2914
f 2915/2915 2207/2207 2916/2916
f 1064/1064 2916/2916 2207/2207
f 2917/2917 2918/2918 2919/2919
f 2920/2920 2919/2919 2918/2918
f 2921/2921 1156/1156 2922/2922
f 2225/2225 2922/2922 1156/1156
f 2923/2923 2924/2924 27/27
f 28/28 27/27 2924/2924
f 2925/2925 2231/2231 2926/2926
f 2229/2229 2926/2926 2231/2231
f 2927/2927 2020/2020 38/38
f 37/37 38/38 2020/2020
f 2928/2928 460/460 2929/2929
f 1304/1304 2929/2929 460/460
f 2023/2023 1092/1092 2930/2930
f 1094/1094 2930/2930 1092/1092
f 1592/1592 2931/2931 1077/1077
f 2932/2932 1077/1077 2931/2931
f 2933/2933 1053/1053 2934/2934
f 1593/1593 2934/2934 1053/1053
f 1082/1082 2935/2935 1080/1080
f 2028/2028 1080/1080 2935/2935
f 1594/1594 2936/2936 1101/1101
f 2937/2937 1101/1101 2936/2936
f 2030/2030 1068/1068 2938/2938
f 1070/1070 2938/2938 1068/1068
f 2214/2214 2939/2939 1285/1285
f 1286/1286 1285/1285 2939/2939
f 5/5 7/7 2215/2215
f 2216/2216 2215/2215 7/7
f 2940/2940 2941/2941 2217/2217
f 2218/2218 2217/2217 2941/2941
f 2219/2219 2942/2942 2220/2220
f 2943/2943 2220/2220 2942/2942
f 2944/2944 2945/2945 2221/2221
f 2222/2222 2221/2221 2945/2945
f 13/13 15/15 2223/2223
f 2224/2224 2223/2223 15/15
f 2225/2225 2226/2226 23/23
f 24/24 23/23 2226/2226
f 2227/2227 2946/2946 1110/1110
f 2213/2213 1110/1110 2946/2946
f 2229/2229 2228/2228 31/31
f 32/32 31/31 2228/2228
f 37/37 1117/1117 35/35
f 2232/2232 35/35 1117/1117
f 2234/2234 2819/2819 1608/1608
f 929/929 1608/1608 2819/2819
f 2236/2236 2821/2821 1609/1609
f 933/933 1609/1609 2821/2821
f 2237/2237 2823/2823 1610/1610
f 1611/1611 1610/1610 2823/2823
f 2239/2239 1026/1026 1612/1612
f 937/937 1612/1612 1026/1026
f 2241/2241 2825/2825 1613/1613
f 941/941 1613/1613 2825/2825
f 2243/2243 2827/2827 1614/1614
f 945/945 1614/1614 2827/2827
f 2245/2245 2829/2829 1615/1615
f 949/949 1615/1615 2829/2829
f 2246/2246 2831/2831 1616/1616
f 953/953 1616/1616 2831/2831
f 2247/2247 2833/2833 1617/1617
f 1618/1618 1617/1617 2833/2833
f 2248/2248 1030/1030 1619/1619
f 957/957 1619/1619 1030/1030
f 2249/2249 2835/2835 1620/1620
f 961/961 1620/1620 2835/2835
f 2250/2250 2837/2837 1621/1621
f 965/965 1621/1621 2837/2837
f 1622/1622 2252/2252 1623/1623
f 2286/2286 1623/1623 2252/2252
f 1624/1624 2254/2254 1625/1625
f 2947/2947 1625/1625 2254/2254
f 1647/1647 1627/1627 2256/2256
f 1626/1626 2256/2256 1627/1627
f 1628/1628 1629/1629 2948/2948
f 2257/2257 2948/2948 1629/1629
f 1630/1630 2259/2259 1631/1631
f 2949/2949 1631/1631 2259/2259
f 1632/1632 2261/2261 1633/1633
f 2950/2950 1633/1633 2261/2261
f 1634/1634 2263/2263 1635/1635
f 2951/2951 1635/1635 2263/2263
f 1636/1636 2265/2265 1637/1637
f 1645/1645 1637/1637 2265/2265
f 1638/1638 2267/2267 1639/1639
f 1644/1644 1639/1639 2267/2267
f 1640/1640 2268/2268 1641/1641
f 1646/1646 1641/1641 2268/2268
f 1642/1642 2270/2270 151/151
f 152/152 151/151 2270/2270
f 1643/1643 2272/2272 139/139
f 140/140 139/139 2272/2272
f 2276/2276 55/55 2274/2274
f 2242/2242 2274/2274 55/55
f 2278/2278 2037/2037 2275/2275
f 44/44 2275/2275 2037/2037
f 2280/2280 2039/2039 2277/2277
f 56/56 2277/2277 2039/2039
f 2282/2282 39/39 2279/2279
f 2235/2235 2279/2279 39/39
f 2284/2284 51/51 2281/2281
f 2240/2240 2281/2281 51/51
f 2287/2287 2036/2036 2283/2283
f 40/40 2283/2283 2036/2036
f 2038/2038 52/52 2952/2952
f 2285/2285 2952/2952 52/52
f 2287/2287 2288/2288 2036/2036
f 2233/2233 2036/2036 2288/2288
f 2290/2290 59/59 2289/2289
f 2244/2244 2289/2289 59/59
f 2273/2273 2040/2040 2291/2291
f 60/60 2291/2291 2040/2040
f 135/135 137/137 2292/2292
f 72/72 2292/2292 137/137
f 2296/2296 169/169 2295/2295
f 171/171 2295/2295 169/169
f 2297/2297 175/175 2298/2298
f 176/176 2298/2298 175/175
f 179/179 180/180 2299/2299
f 2300/2300 2299/2299 180/180
f 181/181 2301/2301 182/182
f 2303/2303 182/182 2301/2301
f 2305/2305 2306/2306 186/186
f 188/188 186/186 2306/2306
f 189/189 2307/2307 190/190
f 2308/2308 190/190 2307/2307
f 1655/1655 1654/1654 2314/2314
f 2309/2309 2314/2314 1654/1654
f 2311/2311 2315/2315 1657/1657
f 1656/1656 1657/1657 2315/2315
f 1658/1658 2313/2313 1659/1659
f 1219/1219 1659/1659 2313/2313
f 2316/2316 1218/1218 1660/1660
f 1659/1659 1660/1660 1218/1218
f 2317/2317 2953/2953 2318/2318
f 2954/2954 2318/2318 2953/2953
f 2320/2320 2319/2319 2955/2955
f 2956/2956 2955/2955 2319/2319
f 258/258 2321/2321 257/257
f 2957/2957 257/257 2321/2321
f 222/222 221/221 2322/2322
f 253/253 2322/2322 221/221
f 2328/2328 1238/1238 2324/2324
f 1239/1239 2324/2324 1238/1238
f 2327/2327 2326/2326 230/230
f 232/232 230/230 2326/2326
f 2330/2330 2958/2958 2329/2329
f 2959/2959 2329/2329 2958/2958
f 2331/2331 2960/2960 1667/1667
f 1666/1666 1667/1667 2960/2960
f 2332/2332 233/233 2333/2333
f 235/235 2333/2333 233/233
f 2961/2961 204/204 2336/2336
f 202/202 2336/2336 204/204
f 230/230 229/229 2341/2341
f 2338/2338 2341/2341 229/229
f 2341/2341 2342/2342 230/230
f 2327/2327 230/230 2342/2342
f 248/248 1224/1224 2343/2343
f 1663/1663 2343/2343 1224/1224
f 2346/2346 2347/2347 2057/2057
f 1665/1665 2057/2057 2347/2347
f 267/267 269/269 2348/2348
f 1442/1442 2348/2348 269/269
f 638/638 1287/1287 640/640
f 2350/2350 640/640 1287/1287
f 263/263 265/265 2352/2352
f 1443/1443 2352/2352 265/265
f 2349/2349 1444/1444 2354/2354
f 1445/1445 2354/2354 1444/1444
f 2355/2355 290/290 2356/2356
f 288/288 2356/2356 290/290
f 2962/2962 2380/2380 2360/2360
f 2359/2359 2360/2360 2380/2380
f 2362/2362 2384/2384 2364/2364
f 2963/2963 2364/2364 2384/2384
f 2365/2365 2387/2387 1245/1245
f 329/329 1245/1245 2387/2387
f 2375/2375 1687/1687 2367/2367
f 1688/1688 2367/2367 1687/1687
f 2964/2964 1690/1690 2368/2368
f 1689/1689 2368/2368 1690/1690
f 2370/2370 2373/2373 1692/1692
f 1691/1691 1692/1692 2373/2373
f 2371/2371 2965/2965 1694/1694
f 1693/1693 1694/1694 2965/2965
f 1695/1695 2372/2372 1696/1696
f 2966/2966 1696/1696 2372/2372
f 1259/1259 1698/1698 2374/2374
f 1697/1697 2374/2374 1698/1698
f 1699/1699 2376/2376 1698/1698
f 1256/1256 1698/1698 2376/2376
f 1700/1700 1701/1701 2369/2369
f 2378/2378 2369/2369 1701/1701
f 2356/2356 2379/2379 2358/2358
f 2385/2385 2358/2358 2379/2379
f 1247/1247 2359/2359 1704/1704
f 2382/2382 1704/1704 2359/2359
f 2967/2967 2963/2963 2383/2383
f 2384/2384 2383/2383 2963/2963
f 330/330 329/329 2386/2386
f 2387/2387 2386/2386 329/329
f 2968/2968 1706/1706 2388/2388
f 1707/1707 2388/2388 1706/1706
f 2397/2397 1709/1709 2389/2389
f 1708/1708 2389/2389 1709/1709
f 1710/1710 1711/1711 2969/2969
f 2390/2390 2969/2969 1711/1711
f 2391/2391 2398/2398 1713/1713
f 1712/1712 1713/1713 2398/2398
f 2392/2392 1269/1269 1715/1715
f 1714/1714 1715/1715 1269/1269
f 1270/1270 1717/1717 2395/2395
f 1716/1716 2395/2395 1717/1717
f 1714/1714 1718/1718 1266/1266
f 2396/2396 1266/1266 1718/1718
f 1268/1268 1717/1717 2399/2399
f 1719/1719 2399/2399 1717/1717
f 2401/2401 2970/2970 1721/1721
f 1598/1598 1721/1721 2970/2970
f 1597/1597 1720/1720 2971/2971
f 2402/2402 2971/2971 1720/1720
f 2403/2403 1599/1599 1724/1724
f 1725/1725 1724/1724 1599/1599
f 2033/2033 2407/2407 1600/1600
f 2405/2405 1600/1600 2407/2407
f 2972/2972 2973/2973 2408/2408
f 2409/2409 2408/2408 2973/2973
f 1727/1727 2412/2412 366/366
f 349/349 366/366 2412/2412
f 2414/2414 2974/2974 2413/2413
f 2975/2975 2413/2413 2974/2974
f 2415/2415 2417/2417 1257/1257
f 391/391 1257/1257 2417/2417
f 395/395 2419/2419 396/396
f 2420/2420 396/396 2419/2419
f 2421/2421 399/399 2422/2422
f 401/401 2422/2422 399/399
f 405/405 2423/2423 403/403
f 2424/2424 403/403 2423/2423
f 408/408 407/407 2425/2425
f 2426/2426 2425/2425 407/407
f 413/413 414/414 2427/2427
f 2428/2428 2427/2427 414/414
f 417/417 418/418 2429/2429
f 2430/2430 2429/2429 418/418
f 2976/2976 2977/2977 2432/2432
f 2431/2431 2432/2432 2977/2977
f 422/422 1289/1289 2433/2433
f 2434/2434 2433/2433 1289/1289
f 2438/2438 2978/2978 2437/2437
f 1606/1606 2437/2437 2978/2978
f 2440/2440 1604/1604 2439/2439
f 2034/2034 2439/2439 1604/1604
f 2442/2442 2979/2979 2443/2443
f 2980/2980 2443/2443 2979/2979
f 2437/2437 1606/1606 2445/2445
f 1605/1605 2445/2445 1606/1606
f 2446/2446 442/442 2447/2447
f 440/440 2447/2447 442/442
f 2448/2448 2450/2450 1735/1735
f 1736/1736 1735/1735 2450/2450
f 2451/2451 2452/2452 1737/1737
f 454/454 1737/1737 2452/2452
f 2452/2452 2453/2453 454/454
f 453/453 454/454 2453/2453
f 456/456 455/455 2454/2454
f 2029/2029 2454/2454 455/455
f 1595/1595 1740/1740 2455/2455
f 1741/1741 2455/2455 1740/1740
f 465/465 466/466 2981/2981
f 2460/2460 2981/2981 466/466
f 467/467 469/469 2461/2461
f 2982/2982 2983/2983 471/471
f 2463/2463 476/476 2464/2464
f 474/474 2464/2464 476/476
f 2468/2468 2467/2467 2089/2089
f 2088/2088 2089/2089 2467/2467
f 483/483 485/485 2469/2469
f 2470/2470 2469/2469 485/485
f 2474/2474 490/490 2984/2984
f 488/488 2984/2984 490/490
f 2477/2477 2985/2985 2986/2986
f 492/492 491/491 2987/2987
f 498/498 496/496 2481/2481
f 2482/2482 2481/2481 496/496
f 500/500 2483/2483 502/502
f 2988/2988 2989/2989 2990/2990
f 2991/2991 2992/2992 2993/2993
f 505/505 2486/2486 503/503
f 2488/2488 509/509 2487/2487
f 510/510 2487/2487 509/509
f 513/513 2994/2994 2995/2995
f 2490/2490 2489/2489 514/514
f 2996/2996 2093/2093 2997/2997
f 520/520 2998/2998 521/521
f 523/523 2496/2496 524/524
f 2497/2497 524/524 2496/2496
f 2498/2498 529/529 2499/2499
f 530/530 2499/2499 529/529
f 2999/2999 3000/3000 3001/3001
f 532/532 2502/2502 534/534
f 535/535 2503/2503 536/536
f 2504/2504 536/536 2503/2503
f 543/543 542/542 2509/2509
f 2508/2508 2509/2509 542/542
f 549/549 548/548 2510/2510
f 2511/2511 2510/2510 548/548
f 551/551 553/553 2516/2516
f 2517/2517 2516/2516 553/553
f 3002/3002 558/558 3003/3003
f 3004/3004 3005/3005 3006/3006
f 2524/2524 2525/2525 2109/2109
f 2108/2108 2109/2109 2525/2525
f 565/565 567/567 2526/2526
f 2527/2527 2526/2526 567/567
f 3007/3007 3008/3008 3009/3009
f 3010/3010 2528/2528 3011/3011
f 2533/2533 3012/3012 573/573
f 3013/3013 3014/3014 3015/3015
f 580/580 578/578 2537/2537
f 2538/2538 2537/2537 578/578
f 582/582 2540/2540 2110/2110
f 2542/2542 2110/2110 2540/2540
f 2545/2545 3016/3016 3017/3017
f 589/589 2547/2547 587/587
f 2550/2550 593/593 2549/2549
f 594/594 2549/2549 593/593
f 2114/2114 3018/3018 3019/3019
f 3020/3020 3021/3021 598/598
f 2556/2556 603/603 2555/2555
f 604/604 2555/2555 603/603
f 605/605 2558/2558 606/606
f 2560/2560 606/606 2558/2558
f 2562/2562 611/611 2563/2563
f 612/612 2563/2563 611/611
f 3022/3022 2123/2123 2571/2571
f 3023/3023 3024/3024 3025/3025
f 619/619 2572/2572 620/620
f 2573/2573 620/620 2572/2572
f 3026/3026 3027/3027 3028/3028
f 3029/3029 3030/3030 3031/3031
f 630/630 2579/2579 632/632
f 2581/2581 632/632 2579/2579
f 2582/2582 2580/2580 2584/2584
f 2583/2583 2584/2584 2580/2580
f 3032/3032 2586/2586 2587/2587
f 2585/2585 2587/2587 2586/2586
f 3033/3033 3032/3032 2588/2588
f 2587/2587 2588/2588 3032/3032
f 648/648 646/646 2589/2589
f 2590/2590 2589/2589 646/646
f 2593/2593 651/651 2592/2592
f 652/652 2592/2592 651/651
f 655/655 656/656 2594/2594
f 2595/2595 2594/2594 656/656
f 658/658 2598/2598 660/660
f 2599/2599 660/660 2598/2598
f 662/662 2601/2601 664/664
f 2602/2602 664/664 2601/2601
f 667/667 668/668 2603/2603
f 2604/2604 2603/2603 668/668
f 2606/2606 2605/2605 2642/2642
f 2644/2644 2642/2642 2605/2605
f 2610/2610 2665/2665 2612/2612
f 2667/2667 2612/2612 2665/2665
f 2614/2614 2676/2676 2616/2616
f 2674/2674 2616/2616 2676/2676
f 1468/1468 1901/1901 2617/2617
f 2618/2618 2617/2617 1901/1901
f 2622/2622 2625/2625 2624/2624
f 2627/2627 2624/2624 2625/2625
f 2626/2626 2765/2765 2628/2628
f 2767/2767 2628/2628 2765/2765
f 2631/2631 2653/2653 2629/2629
f 2655/2655 2629/2629 2653/2653
f 2693/2693 2695/2695 2633/2633
f 2634/2634 2633/2633 2695/2695
f 2637/2637 2638/2638 2762/2762
f 2761/2761 2762/2762 2638/2638
f 1459/1459 1850/1850 2639/2639
f 2640/2640 2639/2639 1850/1850
f 2643/2643 2657/2657 2641/2641
f 2659/2659 2641/2641 2657/2657
f 2647/2647 2648/2648 2742/2742
f 2741/2741 2742/2742 2648/2648
f 2649/2649 2650/2650 1858/1858
f 1463/1463 1858/1858 2650/2650
f 2651/2651 2619/2619 2652/2652
f 2620/2620 2652/2652 2619/2619
f 2654/2654 1455/1455 2656/2656
f 1845/1845 2656/2656 1455/1455
f 2658/2658 1470/1470 2660/2660
f 1903/1903 2660/2660 1470/1470
f 2662/2662 1453/1453 2664/2664
f 1840/1840 2664/2664 1453/1453
f 2666/2666 2691/2691 2668/2668
f 2692/2692 2668/2668 2691/2691
f 2671/2671 2672/2672 1876/1876
f 1465/1465 1876/1876 2672/2672
f 1830/1830 2673/2673 1449/1449
f 2675/2675 1449/1449 2673/2673
f 1467/1467 1881/1881 2677/2677
f 2678/2678 2677/2677 1881/1881
f 2681/2681 2706/2706 2682/2682
f 2704/2704 2682/2682 2706/2706
f 2683/2683 2684/2684 2716/2716
f 2715/2715 2716/2716 2684/2684
f 1452/1452 1837/1837 2685/2685
f 2686/2686 2685/2685 1837/1837
f 2745/2745 2746/2746 2689/2689
f 2690/2690 2689/2689 2746/2746
f 2694/2694 2751/2751 2696/2696
f 2753/2753 2696/2696 2751/2751
f 2679/2679 2680/2680 2697/2697
f 2698/2698 2697/2697 2680/2680
f 2669/2669 2701/2701 2670/2670
f 2702/2702 2670/2670 2701/2701
f 2645/2645 2703/2703 2646/2646
f 2705/2705 2646/2646 2703/2703
f 2707/2707 2609/2609 2708/2708
f 2611/2611 2708/2708 2609/2609
f 2687/2687 2688/2688 2709/2709
f 2710/2710 2709/2709 2688/2688
f 2733/2733 2734/2734 2713/2713
f 2714/2714 2713/2713 2734/2734
f 1458/1458 1849/1849 2717/2717
f 2718/2718 2717/2717 1849/1849
f 2722/2722 2699/2699 2724/2724
f 2700/2700 2724/2724 2699/2699
f 2725/2725 2726/2726 1852/1852
f 1461/1461 1852/1852 2726/2726
f 2728/2728 2711/2711 2730/2730
f 2712/2712 2730/2730 2711/2711
f 2732/2732 2731/2731 2756/2756
f 2758/2758 2756/2756 2731/2731
f 2719/2719 2720/2720 2735/2735
f 2736/2736 2735/2735 2720/2720
f 2771/2771 2772/2772 2739/2739
f 2740/2740 2739/2739 2772/2772
f 2635/2635 2636/2636 2743/2743
f 2744/2744 2743/2743 2636/2636
f 2747/2747 2721/2721 2748/2748
f 2723/2723 2748/2748 2721/2721
f 2607/2607 2608/2608 2749/2749
f 2750/2750 2749/2749 2608/2608
f 2752/2752 2727/2727 2754/2754
f 2729/2729 2754/2754 2727/2727
f 2757/2757 2613/2613 2755/2755
f 2615/2615 2755/2755 2613/2613
f 1447/1447 1819/1819 2759/2759
f 2760/2760 2759/2759 1819/1819
f 2763/2763 1454/1454 2764/2764
f 1842/1842 2764/2764 1454/1454
f 2766/2766 2737/2737 2768/2768
f 2738/2738 2768/2768 2737/2737
f 2770/2770 2769/2769 2630/2630
f 2632/2632 2630/2630 2769/2769
f 747/747 748/748 861/861
f 2773/2773 861/861 748/748
f 843/843 844/844 863/863
f 2774/2774 863/863 844/844
f 795/795 796/796 2863/2863
f 2775/2775 2863/2863 796/796
f 695/695 696/696 868/868
f 2776/2776 868/868 696/696
f 823/823 824/824 870/870
f 2777/2777 870/870 824/824
f 783/783 784/784 872/872
f 2778/2778 872/872 784/784
f 874/874 2779/2779 875/875
f 2780/2780 875/875 2779/2779
f 847/847 848/848 2865/2865
f 2781/2781 2865/2865 848/848
f 711/711 712/712 881/881
f 2782/2782 881/881 712/712
f 835/835 836/836 883/883
f 2783/2783 883/883 836/836
f 1908/1908 2785/2785 2086/2086
f 1748/1748 2086/2086 2785/2785
f 3034/3034 2082/2082 1913/1913
f 1914/1914 1913/1913 2082/2082
f 2791/2791 1742/1742 1915/1915
f 3035/3035 2148/2148 3036/3036
f 2151/2151 3037/3037 3038/3038
f 2458/2458 3039/3039 3040/3040
f 3041/3041 3042/3042 1921/1921
f 2495/2495 2157/2157 2493/2493
f 1925/1925 2802/2802 532/532
f 2502/2502 532/532 2802/2802
f 3043/3043 2503/2503 1929/1929
f 535/535 1929/1929 2503/2503
f 2809/2809 2508/2508 1930/1930
f 3044/3044 2166/2166 3045/3045
f 3046/3046 3047/3047 1352/1352
f 1766/1766 3048/3048 3049/3049
f 3050/3050 1325/1325 2169/2169
f 1313/1313 2169/2169 1325/1325
f 929/929 2819/2819 930/930
f 2820/2820 930/930 2819/2819
f 933/933 2821/2821 934/934
f 2822/2822 934/934 2821/2821
f 1611/1611 2823/2823 2875/2875
f 2824/2824 2875/2875 2823/2823
f 941/941 2825/2825 942/942
f 2826/2826 942/942 2825/2825
f 945/945 2827/2827 946/946
f 2828/2828 946/946 2827/2827
f 949/949 2829/2829 950/950
f 2830/2830 950/950 2829/2829
f 953/953 2831/2831 954/954
f 2832/2832 954/954 2831/2831
f 1618/1618 2833/2833 2877/2877
f 2834/2834 2877/2877 2833/2833
f 961/961 2835/2835 962/962
f 2836/2836 962/962 2835/2835
f 965/965 2837/2837 966/966
f 2838/2838 966/966 2837/2837
f 1954/1954 2839/2839 1955/1955
f 1778/1778 1955/1955 2839/2839
f 2841/2841 2104/2104 1956/1956
f 1957/1957 1956/1956 2104/2104
f 2842/2842 1768/1768 1958/1958
f 1959/1959 1958/1958 1768/1768
f 1960/1960 3051/3051 1961/1961
f 3052/3052 3053/3053 2846/2846
f 2852/2852 2557/2557 1962/1962
f 1963/1963 1962/1962 2557/2557
f 1967/1967 2853/2853 1968/1968
f 2571/2571 1968/1968 2853/2853
f 2854/2854 2572/2572 1969/1969
f 619/619 1969/1969 2572/2572
f 2855/2855 2578/2578 1970/1970
f 628/628 1970/1970 2578/2578
f 1971/1971 3054/3054 1419/1419
f 3055/3055 3056/3056 2856/2856
f 2862/2862 1383/1383 1972/1972
f 1785/1785 1972/1972 1383/1383
f 759/759 760/760 3057/3057
f 2864/2864 3057/3057 760/760
f 703/703 704/704 1009/1009
f 2866/2866 1009/1009 704/704
f 2870/2870 3058/3058 1980/1980
f 1981/1981 1980/1980 3058/3058
f 2874/2874 1338/1338 1982/1982
f 1983/1983 1982/1982 1338/1338
f 1163/1163 1162/1162 3059/3059
f 2876/2876 3059/3059 1162/1162
f 1028/1028 1169/1169 1029/1029
f 2878/2878 1029/1029 1169/1169
f 3060/3060 2879/2879 2199/2199
f 2882/2882 2197/2197 3061/3061
f 3062/3062 2884/2884 2203/2203
f 2887/2887 2201/2201 3063/3063
f 1586/1586 2014/2014 2889/2889
f 2890/2890 2889/2889 2014/2014
f 1991/1991 1992/1992 1572/1572
f 2893/2893 1572/1572 1992/1992
f 1991/1991 1993/1993 1571/1571
f 2895/2895 1571/1571 1993/1993
f 2896/2896 1585/1585 2897/2897
f 1994/1994 2897/2897 1585/1585
f 2009/2009 2901/2901 1583/1583
f 2900/2900 1583/1583 2901/2901
f 2903/2903 2902/2902 2899/2899
f 2898/2898 2899/2899 2902/2902
f 2904/2904 2917/2917 2905/2905
f 2919/2919 2905/2905 2917/2917
f 2912/2912 2002/2002 2906/2906
f 2003/2003 2906/2906 2002/2002
f 2005/2005 2907/2907 2004/2004
f 1582/1582 2004/2004 2907/2907
f 2006/2006 2908/2908 2007/2007
f 1587/1587 2007/2007 2908/2908
f 1579/1579 2004/2004 2909/2909
f 2008/2008 2909/2909 2004/2004
f 1997/1997 2911/2911 1575/1575
f 2910/2910 1575/1575 2911/2911
f 2913/2913 1573/1573 2011/2011
f 1994/1994 2011/2011 1573/1573
f 2894/2894 2012/2012 2914/2914
f 2013/2013 2914/2914 2012/2012
f 2915/2915 2916/2916 1989/1989
f 1570/1570 1989/1989 2916/2916
f 2007/2007 2920/2920 1581/1581
f 2918/2918 1581/1581 2920/2920
f 2922/2922 3064/3064 2921/2921
f 1075/1075 2921/2921 3064/3064
f 1073/1073 1578/1578 2923/2923
f 2924/2924 2923/2923 1578/1578
f 2926/2926 3065/3065 2925/2925
f 3066/3066 2925/2925 3065/3065
f 1097/1097 1049/1049 2927/2927
f 2020/2020 2927/2927 1049/1049
f 2928/2928 3067/3067 460/460
f 462/462 460/460 3067/3067
f 2024/2024 2023/2023 1739/1739
f 2930/2930 1739/1739 2023/2023
f 2931/2931 3067/3067 2932/2932
f 1588/1588 2932/2932 3067/3067
f 2934/2934 1057/1057 2933/2933
f 1574/1574 2933/2933 1057/1057
f 1063/1063 2028/2028 3068/3068
f 2935/2935 3068/3068 2028/2028
f 2936/2936 1596/1596 2937/2937
f 2031/2031 2937/2937 1596/1596
f 1740/1740 2030/2030 1303/1303
f 2938/2938 1303/1303 2030/2030
f 2596/2596 2597/2597 2214/2214
f 2939/2939 2214/2214 2597/2597
f 1273/1273 5/5 2970/2970
f 2215/2215 2970/2970 5/5
f 3069/3069 2940/2940 2971/2971
f 2217/2217 2971/2971 2940/2940
f 2219/2219 3070/3070 2942/2942
f 3071/3071 2942/2942 3070/3070
f 1276/1276 1723/1723 2221/2221
f 2944/2944 2221/2221 1723/1723
f 1725/1725 13/13 1278/1278
f 2223/2223 1278/1278 13/13
f 2226/2226 2978/2978 24/24
f 2034/2034 24/24 2978/2978
f 2443/2443 2980/2980 2227/2227
f 2946/2946 2227/2227 2980/2980
f 2228/2228 1298/1298 32/32
f 443/443 32/32 1298/1298
f 450/450 1300/1300 2232/2232
f 35/35 2232/2232 1300/1300
f 2234/2234 85/85 2819/2819
f 1172/1172 2819/2819 85/85
f 2236/2236 41/41 2821/2821
f 1160/1160 2821/2821 41/41
f 2237/2237 45/45 2823/2823
f 1161/1161 2823/2823 45/45
f 2239/2239 3072/3072 1026/1026
f 1024/1024 1026/1026 3072/3072
f 2241/2241 53/53 2825/2825
f 1164/1164 2825/2825 53/53
f 2243/2243 57/57 2827/2827
f 1165/1165 2827/2827 57/57
f 2245/2245 61/61 2829/2829
f 1166/1166 2829/2829 61/61
f 2246/2246 65/65 2831/2831
f 1167/1167 2831/2831 65/65
f 2247/2247 69/69 2833/2833
f 1168/1168 2833/2833 69/69
f 2248/2248 73/73 1030/1030
f 1028/1028 1030/1030 73/73
f 2249/2249 77/77 2835/2835
f 1170/1170 2835/2835 77/77
f 2250/2250 81/81 2837/2837
f 1171/1171 2837/2837 81/81
f 133/133 1195/1195 2252/2252
f 2286/2286 2252/2252 1195/1195
f 89/89 1173/1173 2254/2254
f 2947/2947 2254/2254 1173/1173
f 93/93 1175/1175 2256/2256
f 1647/1647 2256/2256 1175/1175
f 2257/2257 3073/3073 2948/2948
f 3074/3074 2948/2948 3073/3073
f 101/101 1179/1179 2259/2259
f 2949/2949 2259/2259 1179/1179
f 105/105 1181/1181 2261/2261
f 2950/2950 2261/2261 1181/1181
f 109/109 1183/1183 2263/2263
f 2951/2951 2263/2263 1183/1183
f 113/113 1185/1185 2265/2265
f 1645/1645 2265/2265 1185/1185
f 117/117 1187/1187 2267/2267
f 1644/1644 2267/2267 1187/1187
f 121/121 1189/1189 2268/2268
f 1646/1646 2268/2268 1189/1189
f 125/125 1191/1191 2270/2270
f 152/152 2270/2270 1191/1191
f 129/129 1193/1193 2272/2272
f 140/140 2272/2272 1193/1193
f 1181/1181 2276/2276 2950/2950
f 2274/2274 2950/2950 2276/2276
f 1625/1625 2278/2278 1176/1176
f 2275/2275 1176/1176 2278/2278
f 1631/1631 2280/2280 1182/1182
f 2277/2277 1182/1182 2280/2280
f 1173/1173 2282/2282 2947/2947
f 2279/2279 2947/2947 2282/2282
f 1179/1179 2284/2284 2949/2949
f 2281/2281 2949/2949 2284/2284
f 1623/1623 2287/2287 1174/1174
f 2283/2283 1174/1174 2287/2287
f 1628/1628 2952/2952 1180/1180
f 2285/2285 1180/1180 2952/2952
f 163/163 83/83 2288/2288
f 2233/2233 2288/2288 83/83
f 1183/1183 2290/2290 2951/2951
f 2289/2289 2951/2951 2290/2290
f 1633/1633 2273/2273 1184/1184
f 2291/2291 1184/1184 2273/2273
f 1639/1639 135/135 1190/1190
f 2292/2292 1190/1190 135/135
f 2051/2051 169/169 3075/3075
f 2296/2296 3075/3075 169/169
f 3076/3076 2052/2052 2297/2297
f 175/175 2297/2297 2052/2052
f 2053/2053 179/179 3077/3077
f 2299/2299 3077/3077 179/179
f 182/182 2303/2303 171/171
f 2295/2295 171/171 2303/2303
f 2298/2298 176/176 2306/2306
f 188/188 2306/2306 176/176
f 180/180 190/190 2300/2300
f 2308/2308 2300/2300 190/190
f 1733/1733 2079/2079 2309/2309
f 2314/2314 2309/2309 2079/2079
f 2333/2333 235/235 2311/2311
f 2315/2315 2311/2311 235/235
f 2313/2313 427/427 1219/1219
f 429/429 1219/1219 427/427
f 236/236 1217/1217 2316/2316
f 1218/1218 2316/2316 1217/1217
f 243/243 244/244 2317/2317
f 2953/2953 2317/2317 244/244
f 2319/2319 210/210 2956/2956
f 421/421 2956/2956 210/210
f 2321/2321 3078/3078 2957/2957
f 3079/3079 2957/2957 3078/3078
f 2322/2322 2958/2958 222/222
f 2056/2056 222/222 2958/2958
f 2324/2324 1230/1230 2328/2328
f 1666/1666 2328/2328 1230/1230
f 2326/2326 2960/2960 232/232
f 1232/1232 232/232 2960/2960
f 2961/2961 2056/2056 2330/2330
f 2958/2958 2330/2330 2056/2056
f 245/245 1232/1232 2331/2331
f 2960/2960 2331/2331 1232/1232
f 3078/3078 218/218 2332/2332
f 233/233 2332/2332 218/218
f 2056/2056 2961/2961 1664/1664
f 2336/2336 1664/1664 2961/2961
f 2341/2341 2338/2338 2339/2339
f 3080/3080 2339/2339 2338/2338
f 2327/2327 2342/2342 1238/1238
f 259/259 1238/1238 2342/2342
f 249/249 248/248 3081/3081
f 2343/2343 3081/3081 248/248
f 2347/2347 2337/2337 1665/1665
f 1227/1227 1665/1665 2337/2337
f 267/267 2348/2348 2062/2062
f 3082/3082 2062/2062 2348/2348
f 642/642 640/640 2600/2600
f 2350/2350 2600/2600 640/640
f 2352/2352 3083/3083 263/263
f 2061/2061 263/263 3083/3083
f 2354/2354 3084/3084 2349/2349
f 3085/3085 2349/2349 3084/3084
f 2355/2355 3086/3086 290/290
f 2067/2067 290/290 3086/3086
f 2962/2962 2360/2360 3087/3087
f 3088/3088 3087/3087 2360/2360
f 2357/2357 2358/2358 2362/2362
f 2384/2384 2362/2362 2358/2358
f 281/281 282/282 2365/2365
f 2387/2387 2365/2365 282/282
f 1703/1703 2375/2375 3089/3089
f 2367/2367 3089/3089 2375/2375
f 3090/3090 2964/2964 3091/3091
f 2368/2368 3091/3091 2964/2964
f 385/385 386/386 2370/2370
f 2373/2373 2370/2370 386/386
f 2413/2413 2975/2975 2371/2371
f 2965/2965 2371/2371 2975/2975
f 2372/2372 1726/1726 2966/2966
f 2076/2076 2966/2966 1726/1726
f 1702/1702 1258/1258 2374/2374
f 1259/1259 2374/2374 1258/1258
f 2376/2376 2415/2415 1256/1256
f 1257/1257 1256/1256 2415/2415
f 2411/2411 2077/2077 2378/2378
f 2369/2369 2378/2378 2077/2077
f 2379/2379 303/303 2385/2385
f 311/311 2385/2385 303/303
f 1704/1704 2382/2382 324/324
f 3091/3091 324/324 2382/2382
f 2383/2383 313/313 2967/2967
f 1255/1255 2967/2967 313/313
f 2386/2386 3089/3089 330/330
f 307/307 330/330 3089/3089
f 2388/2388 2404/2404 2968/2968
f 2406/2406 2968/2968 2404/2404
f 388/388 2397/2397 390/390
f 2389/2389 390/390 2397/2397
f 2973/2973 2969/2969 2409/2409
f 2390/2390 2409/2409 2969/2969
f 369/369 370/370 2391/2391
f 2398/2398 2391/2391 370/370
f 375/375 376/376 2392/2392
f 1269/1269 2392/2392 376/376
f 380/380 1271/1271 2395/2395
f 1270/1270 2395/2395 1271/1271
f 392/392 1266/1266 394/394
f 2396/2396 394/394 1266/1266
f 2399/2399 2400/2400 1268/1268
f 1267/1267 1268/1268 2400/2400
f 2401/2401 368/368 2970/2970
f 1273/1273 2970/2970 368/368
f 3069/3069 2971/2971 3092/3092
f 2402/2402 3092/3092 2971/2971
f 2403/2403 374/374 1599/1599
f 1277/1277 1599/1599 374/374
f 1279/1279 1600/1600 378/378
f 2405/2405 378/378 1600/1600
f 2408/2408 300/300 2972/2972
f 1251/1251 2972/2972 300/300
f 2410/2410 347/347 2412/2412
f 349/349 2412/2412 347/347
f 2974/2974 2414/2414 1263/1263
f 336/336 1263/1263 2414/2414
f 2417/2417 351/351 391/391
f 392/392 391/391 351/351
f 2420/2420 2430/2430 396/396
f 418/418 396/396 2430/2430
f 405/405 399/399 2423/2423
f 2421/2421 2423/2423 399/399
f 403/403 2424/2424 407/407
f 2426/2426 407/407 2424/2424
f 395/395 408/408 2419/2419
f 2425/2425 2419/2419 408/408
f 413/413 2427/2427 401/401
f 2422/2422 401/401 2427/2427
f 417/417 2429/2429 2078/2078
f 3093/3093 2078/2078 2429/2429
f 2954/2954 2976/2976 2318/2318
f 2432/2432 2318/2318 2976/2976
f 421/421 422/422 2956/2956
f 2433/2433 2956/2956 422/422
f 2439/2439 2034/2034 2438/2438
f 2978/2978 2438/2438 2034/2034
f 1603/1603 1604/1604 2441/2441
f 2440/2440 2441/2441 1604/1604
f 434/434 1297/1297 2442/2442
f 2979/2979 2442/2442 1297/1297
f 2445/2445 438/438 2437/2437
f 1293/1293 2437/2437 438/438
f 2449/2449 2080/2080 2446/2446
f 442/442 2446/2446 2080/2080
f 1288/1288 1291/1291 2448/2448
f 2450/2450 2448/2448 1291/1291
f 1290/1290 1732/1732 2451/2451
f 2452/2452 2451/2451 1732/1732
f 3094/3094 2081/2081 2453/2453
f 453/453 2453/2453 2081/2081
f 2454/2454 1591/1591 456/456
f 2024/2024 456/456 1591/1591
f 1111/1111 1595/1595 25/25
f 2455/2455 25/25 1595/1595
f 3095/3095 3096/3096 3097/3097
f 1916/1916 465/465 1488/1488
f 1914/1914 467/467 1486/1486
f 2461/2461 1486/1486 467/467
f 1909/1909 2086/2086 2463/2463
f 476/476 2463/2463 2086/2086
f 3098/3098 3099/3099 479/479
f 466/466 2088/2088 2460/2460
f 469/469 483/483 2462/2462
f 2469/2469 2462/2462 483/483
f 2474/2474 2464/2464 490/490
f 474/474 490/490 2464/2464
f 2478/2478 3100/3100 3101/3101
f 2089/2089 492/492 2468/2468
f 2481/2481 2470/2470 498/498
f 485/485 498/498 2470/2470
f 2091/2091 3102/3102 3103/3103
f 2984/2984 488/488 2484/2484
f 2479/2479 3104/3104 3105/3105
f 503/503 2485/2485 491/491
f 2482/2482 496/496 2488/2488
f 509/509 2488/2488 496/496
f 500/500 515/515 2483/2483
f 3106/3106 3107/3107 3108/3108
f 2486/2486 505/505 2494/2494
f 521/521 2494/2494 505/505
f 524/524 2497/2497 510/510
f 2487/2487 510/510 2497/2497
f 2498/2498 2490/2490 529/529
f 514/514 529/529 2490/2490
f 2998/2998 520/520 3109/3109
f 534/534 3109/3109 520/520
f 536/536 2504/2504 523/523
f 3110/3110 2098/2098 3111/3111
f 2509/2509 2499/2499 543/543
f 530/530 543/543 2499/2499
f 2510/2510 1534/1534 549/549
f 3112/3112 3113/3113 3114/3114
f 1957/1957 551/551 1530/1530
f 2516/2516 1530/1530 551/551
f 3115/3115 3116/3116 2520/2520
f 3117/3117 2523/2523 3118/3118
f 2525/2525 2511/2511 2108/2108
f 548/548 2108/2108 2511/2511
f 553/553 565/565 2517/2517
f 2526/2526 2517/2517 565/565
f 2531/2531 3003/3003 572/572
f 556/556 572/572 3003/3003
f 3119/3119 3120/3120 3121/3121
f 2109/2109 574/574 2524/2524
f 2537/2537 2527/2527 580/580
f 567/567 580/580 2527/2527
f 584/584 3122/3122 3010/3010
f 3009/3009 2111/2111 2544/2544
f 2533/2533 573/573 2548/2548
f 3123/3123 3124/3124 3125/3125
f 2538/2538 578/578 2550/2550
f 593/593 2550/2550 578/578
f 582/582 597/597 2540/2540
f 2553/2553 2540/2540 597/597
f 2547/2547 589/589 2556/2556
f 603/603 2556/2556 589/589
f 606/606 2560/2560 594/594
f 2549/2549 594/594 2560/2560
f 3126/3126 3020/3020 3127/3127
f 3018/3018 3128/3128 3129/3129
f 2555/2555 604/604 3022/3022
f 2123/2123 3022/3022 604/604
f 620/620 2573/2573 605/605
f 2558/2558 605/605 2573/2573
f 2577/2577 2563/2563 627/627
f 3130/3130 3131/3131 2566/2566
f 632/632 2581/2581 2124/2124
f 2591/2591 2124/2124 2581/2581
f 2/2 2582/2582 4/4
f 2584/2584 4/4 2582/2582
f 2587/2587 2585/2585 271/271
f 272/272 271/271 2585/2585
f 1438/1438 3033/3033 637/637
f 2588/2588 637/637 3033/3033
f 2589/2589 2601/2601 648/648
f 662/662 648/648 2601/2601
f 2598/2598 658/658 2593/2593
f 651/651 2593/2593 658/658
f 646/646 655/655 2590/2590
f 2594/2594 2590/2590 655/655
f 660/660 2599/2599 2125/2125
f 3132/3132 2125/2125 2599/2599
f 664/664 2602/2602 668/668
f 2604/2604 668/668 2602/2602
f 652/652 667/667 2592/2592
f 2603/2603 2592/2592 667/667
f 2605/2605 892/892 2644/2644
f 894/894 2644/2644 892/892
f 1948/1948 2665/2665 3133/3133
f 2610/2610 3133/3133 2665/2665
f 2676/2676 2614/2614 889/889
f 888/888 889/889 2614/2614
f 1468/1468 2617/2617 1469/1469
f 876/876 1469/1469 2617/2617
f 3134/3134 2625/2625 3135/3135
f 2622/2622 3135/3135 2625/2625
f 1938/1938 2765/2765 3136/3136
f 2626/2626 3136/3136 2765/2765
f 2653/2653 2631/2631 922/922
f 2814/2814 922/922 2631/2631
f 1944/1944 2693/2693 3137/3137
f 2633/2633 3137/3137 2693/2693
f 2638/2638 2192/2192 2761/2761
f 3138/3138 2761/2761 2192/2192
f 1459/1459 2639/2639 1460/1460
f 884/884 1460/1460 2639/2639
f 2657/2657 2643/2643 901/901
f 2796/2796 901/901 2643/2643
f 2648/2648 914/914 2741/2741
f 916/916 2741/2741 914/914
f 2650/2650 3139/3139 1463/1463
f 1464/1464 1463/1463 3139/3139
f 2619/2619 2651/2651 874/874
f 2779/2779 874/874 2651/2651
f 1455/1455 2654/2654 1456/1456
f 921/921 1456/1456 2654/2654
f 1470/1470 2658/2658 1471/1471
f 1491/1491 1471/1471 2658/2658
f 1453/1453 2662/2662 865/865
f 1007/1007 865/865 2662/2662
f 2174/2174 2691/2691 1949/1949
f 2666/2666 1949/1949 2691/2691
f 2672/2672 974/974 1465/1465
f 976/976 1465/1465 974/974
f 1449/1449 2675/2675 1450/1450
f 2787/2787 1450/1450 2675/2675
f 1466/1466 1467/1467 1951/1951
f 2677/2677 1951/1951 1467/1467
f 2706/2706 2681/2681 910/910
f 909/909 910/910 2681/2681
f 2684/2684 1021/1021 2715/2715
f 1023/1023 2715/2715 1021/1021
f 1451/1451 1452/1452 1941/1941
f 2685/2685 1941/1941 1452/1452
f 1946/1946 2745/2745 3140/3140
f 2689/2689 3140/3140 2745/2745
f 2172/2172 2751/2751 1945/1945
f 2694/2694 1945/1945 2751/2751
f 1950/1950 2679/2679 3141/3141
f 2697/2697 3141/3141 2679/2679
f 2670/2670 2702/2702 2176/2176
f 2840/2840 2176/2176 2702/2702
f 2646/2646 2705/2705 2161/2161
f 2803/2803 2161/2161 2705/2705
f 3142/3142 2609/2609 3143/3143
f 2707/2707 3143/3143 2609/2609
f 1940/1940 2687/2687 3144/3144
f 2709/2709 3144/3144 2687/2687
f 2713/2713 3145/3145 2733/2733
f 2168/2168 2733/2733 3145/3145
f 1457/1457 1458/1458 1937/1937
f 2717/2717 1937/1937 1458/1458
f 2175/2175 2699/2699 1953/1953
f 2722/2722 1953/1953 2699/2699
f 2726/2726 3146/3146 1461/1461
f 1462/1462 1461/1461 3146/3146
f 2171/2171 2711/2711 1943/1943
f 2728/2728 1943/1943 2711/2711
f 2731/2731 925/925 2758/2758
f 927/927 2758/2758 925/925
f 1936/1936 2719/2719 3147/3147
f 2735/2735 3147/3147 2719/2719
f 2739/2739 3148/3148 2771/2771
f 2808/2808 2771/2771 3148/3148
f 2173/2173 2635/2635 1947/1947
f 2743/2743 1947/1947 2635/2635
f 1952/1952 2721/2721 3149/3149
f 2747/2747 3149/3149 2721/2721
f 2749/2749 2790/2790 2607/2607
f 2792/2792 2607/2607 2790/2790
f 1942/1942 2727/2727 3150/3150
f 2752/2752 3150/3150 2727/2727
f 2613/2613 2757/2757 2143/2143
f 2786/2786 2143/2143 2757/2757
f 2759/2759 2798/2798 1447/1447
f 1448/1448 1447/1447 2798/2798
f 1454/1454 2763/2763 878/878
f 1010/1010 878/878 2763/2763
f 2170/2170 2737/2737 1939/1939
f 2766/2766 1939/1939 2737/2737
f 2769/2769 917/917 2632/2632
f 919/919 2632/2632 917/917
f 861/861 2773/2773 2041/2041
f 2251/2251 2041/2041 2773/2773
f 863/863 2774/2774 2042/2042
f 2253/2253 2042/2042 2774/2774
f 2863/2863 2775/2775 2043/2043
f 2255/2255 2043/2043 2775/2775
f 868/868 2776/2776 2044/2044
f 2258/2258 2044/2044 2776/2776
f 870/870 2777/2777 2045/2045
f 2260/2260 2045/2045 2777/2777
f 872/872 2778/2778 2046/2046
f 2262/2262 2046/2046 2778/2778
f 875/875 2780/2780 2047/2047
f 2264/2264 2047/2047 2780/2780
f 2865/2865 2781/2781 2048/2048
f 2266/2266 2048/2048 2781/2781
f 881/881 2782/2782 2049/2049
f 2269/2269 2049/2049 2782/2782
f 883/883 2783/2783 2050/2050
f 2271/2271 2050/2050 2783/2783
f 3151/3151 3152/3152 3153/3153
f 1514/1514 1748/1748 928/928
f 3034/3034 887/887 2082/2082
f 1482/1482 2082/2082 887/887
f 890/890 1487/1487 2791/2791
f 3154/3154 3155/3155 3156/3156
f 3037/3037 3157/3157 3158/3158
f 1489/1489 2459/2459 895/895
f 3159/3159 3160/3160 3161/3161
f 2493/2493 2799/2799 1559/1559
f 2802/2802 905/905 2502/2502
f 1498/1498 2502/2502 905/905
f 3043/3043 908/908 2503/2503
f 1353/1353 2503/2503 908/908
f 1503/1503 1359/1359 2809/2809
f 3162/3162 3163/3163 3164/3164
f 3047/3047 3165/3165 1361/1361
f 1363/1363 1364/1364 920/920
f 1018/1018 1322/1322 3166/3166
f 1325/1325 3050/3050 1561/1561
f 930/930 2820/2820 1457/1457
f 743/743 1457/1457 2820/2820
f 934/934 2822/2822 2170/2170
f 3147/3147 2170/2170 2822/2822
f 2875/2875 2824/2824 3134/3134
f 3136/3136 3134/3134 2824/2824
f 942/942 2826/2826 2171/2171
f 3144/3144 2171/2171 2826/2826
f 946/946 2828/2828 2172/2172
f 3150/3150 2172/2172 2828/2828
f 950/950 2830/2830 2173/2173
f 3137/3137 2173/2173 2830/2830
f 954/954 2832/2832 2174/2174
f 3140/3140 2174/2174 2832/2832
f 2877/2877 2834/2834 3142/3142
f 3133/3133 3142/3142 2834/2834
f 962/962 2836/2836 2175/2175
f 3141/3141 2175/2175 2836/2836
f 966/966 2838/2838 777/777
f 3149/3149 777/777 2838/2838
f 2839/2839 1552/1552 1778/1778
f 1777/1777 1778/1778 1552/1552
f 2841/2841 970/970 2104/2104
f 1529/1529 2104/2104 970/970
f 1531/1531 1532/1532 2842/2842
f 1768/1768 2842/2842 1532/1532
f 3051/3051 1535/1535 2512/2512
f 3167/3167 3168/3168 3169/3169
f 1032/1032 3170/3170 2850/2850
f 2557/2557 2852/2852 1564/1564
f 2853/2853 986/986 2571/2571
f 2570/2570 2571/2571 986/986
f 2854/2854 988/988 2572/2572
f 1420/1420 2572/2572 988/988
f 3171/3171 3172/3172 3173/3173
f 2578/2578 2855/2855 1429/1429
f 3054/3054 1548/1548 1435/1435
f 3174/3174 3175/3175 3176/3176
f 1038/1038 3177/3177 2860/2860
f 1383/1383 2862/2862 1382/1382
f 3057/3057 2864/2864 95/95
f 96/96 95/95 2864/2864
f 1009/1009 2866/2866 119/119
f 120/120 119/119 2866/2866
f 2870/2870 1490/1490 3058/3058
f 1920/1920 3058/3058 1490/1490
f 2874/2874 1507/1507 1338/1338
f 1339/1339 1338/1338 1507/1507
f 3059/3059 2876/2876 3178/3178
f 3135/3135 3178/3178 2876/2876
f 1029/1029 2878/2878 805/805
f 3143/3143 805/805 2878/2878
f 3179/3179 2532/2532 1985/1985
f 1986/1986 1985/1985 2532/2532
f 3180/3180 1796/1796 1988/1988
f 1392/1392 1988/1988 1796/1796
f 1132/1132 1586/1586 3065/3065
f 2889/2889 3065/3065 1586/1586
f 1572/1572 2893/2893 1128/1128
f 2021/2021 1128/1128 2893/2893
f 1571/1571 2895/2895 1122/1122
f 1123/1123 1122/1122 2895/2895
f 1585/1585 2896/2896 1584/1584
f 2032/2032 1584/1584 2896/2896
f 1583/1583 2900/2900 1135/1135
f 1136/1136 1135/1135 2900/2900
f 2937/2937 2031/2031 2902/2902
f 2898/2898 2902/2902 2031/2031
f 3068/3068 3181/3181 2904/2904
f 2917/2917 2904/2904 3181/3181
f 2906/2906 1589/1589 2912/2912
f 2019/2019 2912/2912 1589/1589
f 2907/2907 1130/1130 1582/1582
f 1112/1112 1582/1582 1130/1130
f 2932/2932 1588/1588 2908/2908
f 1587/1587 2908/2908 1588/1588
f 2909/2909 3064/3064 1579/1579
f 1125/1125 1579/1579 3064/3064
f 1575/1575 2910/2910 1576/1576
f 2018/2018 1576/1576 2910/2910
f 2933/2933 1574/1574 2913/2913
f 1573/1573 2913/2913 1574/1574
f 2914/2914 1590/1590 2894/2894
f 2022/2022 2894/2894 1590/1590
f 2916/2916 2027/2027 1570/1570
f 1119/1119 1570/1570 2027/2027
f 2918/2918 3182/3182 1581/1581
f 1580/1580 1581/1581 3182/3182
f 3064/3064 2922/2922 1125/1125
f 1126/1126 1125/1125 2922/2922
f 2921/2921 1075/1075 2923/2923
f 1073/1073 2923/2923 1075/1075
f 3065/3065 2926/2926 1132/1132
f 1133/1133 1132/1132 2926/2926
f 3183/3183 1099/1099 2927/2927
f 1097/1097 2927/2927 1099/1099
f 3067/3067 2928/2928 1588/1588
f 1106/1106 1588/1588 2928/2928
f 1739/1739 2930/2930 1141/1141
f 1140/1140 1141/1141 2930/2930
f 461/461 462/462 2931/2931
f 3067/3067 2931/2931 462/462
f 1067/1067 1059/1059 2934/2934
f 1057/1057 2934/2934 1059/1059
f 3068/3068 2935/2935 3181/3181
f 3182/3182 3181/3181 2935/2935
f 457/457 1302/1302 2936/2936
f 1596/1596 2936/2936 1302/1302
f 1303/1303 2938/2938 1304/1304
f 2929/2929 1304/1304 2938/2938
f 2124/2124 2596/2596 1807/1807
f 2214/2214 1807/1807 2596/2596
f 1598/1598 2970/2970 1146/1146
f 2215/2215 1146/1146 2970/2970
f 1597/1597 2971/2971 1144/1144
f 2217/2217 1144/1144 2971/2971
f 2219/2219 2216/2216 3070/3070
f 7/7 3070/3070 2216/2216
f 1277/1277 1276/1276 1148/1148
f 2221/2221 1148/1148 1276/1276
f 1278/1278 2223/2223 1279/1279
f 1150/1150 1279/1279 2223/2223
f 2978/2978 2226/2226 1606/1606
f 1155/1155 1606/1606 2226/2226
f 2227/2227 1154/1154 2443/2443
f 1603/1603 2443/2443 1154/1154
f 1298/1298 2228/2228 1299/1299
f 2230/2230 1299/1299 2228/2228
f 2232/2232 1157/1157 450/450
f 449/449 450/450 1157/1157
f 83/83 85/85 2233/2233
f 2234/2234 2233/2233 85/85
f 39/39 41/41 2235/2235
f 2236/2236 2235/2235 41/41
f 43/43 45/45 167/167
f 2237/2237 167/167 45/45
f 2238/2238 3184/3184 2239/2239
f 3072/3072 2239/2239 3184/3184
f 51/51 53/53 2240/2240
f 2241/2241 2240/2240 53/53
f 55/55 57/57 2242/2242
f 2243/2243 2242/2242 57/57
f 59/59 61/61 2244/2244
f 2245/2245 2244/2244 61/61
f 63/63 65/65 150/150
f 2246/2246 150/150 65/65
f 67/67 69/69 138/138
f 2247/2247 138/138 69/69
f 71/71 73/73 162/162
f 2248/2248 162/162 73/73
f 75/75 77/77 1200/1200
f 2249/2249 1200/1200 77/77
f 79/79 81/81 1198/1198
f 2250/2250 1198/1198 81/81
f 2251/2251 131/131 2252/2252
f 133/133 2252/2252 131/131
f 2253/2253 87/87 2254/2254
f 89/89 2254/2254 87/87
f 2255/2255 91/91 2256/2256
f 93/93 2256/2256 91/91
f 1977/1977 2188/2188 2257/2257
f 3073/3073 2257/2257 2188/2188
f 2258/2258 99/99 2259/2259
f 101/101 2259/2259 99/99
f 2260/2260 103/103 2261/2261
f 105/105 2261/2261 103/103
f 2262/2262 107/107 2263/2263
f 109/109 2263/2263 107/107
f 2264/2264 111/111 2265/2265
f 113/113 2265/2265 111/111
f 2266/2266 115/115 2267/2267
f 117/117 2267/2267 115/115
f 1979/1979 119/119 2268/2268
f 121/121 2268/2268 119/119
f 2269/2269 123/123 2270/2270
f 125/125 2270/2270 123/123
f 2271/2271 127/127 2272/2272
f 129/129 2272/2272 127/127
f 1633/1633 2950/2950 2273/2273
f 2274/2274 2273/2273 2950/2950
f 1175/1175 1176/1176 1204/1204
f 2275/2275 1204/1204 1176/1176
f 1181/1181 1182/1182 2276/2276
f 2277/2277 2276/2276 1182/1182
f 1625/1625 2947/2947 2278/2278
f 2279/2279 2278/2278 2947/2947
f 1631/1631 2949/2949 2280/2280
f 2281/2281 2280/2280 2949/2949
f 1173/1173 1174/1174 2282/2282
f 2283/2283 2282/2282 1174/1174
f 1179/1179 1180/1180 2284/2284
f 2285/2285 2284/2284 1180/1180
f 1195/1195 163/163 2286/2286
f 2288/2288 2286/2286 163/163
f 1635/1635 2951/2951 1201/1201
f 2289/2289 1201/1201 2951/2951
f 1183/1183 1184/1184 2290/2290
f 2291/2291 2290/2290 1184/1184
f 1189/1189 1190/1190 1203/1203
f 2292/2292 1203/1203 1190/1190
f 2296/2296 2294/2294 3075/3075
f 3185/3185 3075/3075 2294/2294
f 1648/1648 3076/3076 1205/1205
f 2297/2297 1205/1205 3076/3076
f 1650/1650 3077/3077 1207/1207
f 2299/2299 1207/1207 3077/3077
f 2303/2303 2304/2304 2295/2295
f 2293/2293 2295/2295 2304/2304
f 1206/1206 2298/2298 1212/1212
f 2306/2306 1212/1212 2298/2298
f 2300/2300 2308/2308 1208/1208
f 1214/1214 1208/1208 2308/2308
f 2309/2309 2310/2310 1733/1733
f 1734/1734 1733/1733 2310/2310
f 2312/2312 2335/2335 2311/2311
f 2333/2333 2311/2311 2335/2335
f 2313/2313 2314/2314 427/427
f 2079/2079 427/427 2314/2314
f 2316/2316 2315/2315 236/236
f 235/235 236/236 2315/2315
f 1220/1220 1662/1662 2317/2317
f 243/243 2317/2317 1662/1662
f 237/237 212/212 2319/2319
f 210/210 2319/2319 212/212
f 2321/2321 220/220 3078/3078
f 218/218 3078/3078 220/220
f 2958/2958 2322/2322 2959/2959
f 2323/2323 2959/2959 2322/2322
f 2324/2324 2325/2325 1230/1230
f 1231/1231 1230/1230 2325/2325
f 2960/2960 2326/2326 1666/1666
f 2328/2328 1666/1666 2326/2326
f 2330/2330 194/194 2961/2961
f 204/204 2961/2961 194/194
f 2331/2331 1661/1661 245/245
f 246/246 245/245 1661/1661
f 3078/3078 2332/2332 3079/3079
f 2334/2334 3079/3079 2332/2332
f 1223/1223 1664/1664 1228/1228
f 2336/2336 1228/1228 1664/1664
f 3186/3186 3080/3080 2337/2337
f 2338/2338 2337/2337 3080/3080
f 260/260 259/259 2340/2340
f 2342/2342 2340/2340 259/259
f 1670/1670 3081/3081 1237/1237
f 2343/2343 1237/1237 3081/3081
f 3186/3186 2337/2337 2345/2345
f 2347/2347 2345/2345 2337/2337
f 2349/2349 3085/3085 2348/2348
f 3082/3082 2348/2348 3085/3085
f 2600/2600 2350/2350 3187/3187
f 2351/2351 3187/3187 2350/2350
f 3188/3188 3083/3083 2353/2353
f 2352/2352 2353/2353 3083/3083
f 2064/2064 3084/3084 1678/1678
f 2354/2354 1678/1678 3084/3084
f 3086/3086 2355/2355 3189/3189
f 2357/2357 3189/3189 2355/2355
f 2360/2360 1246/1246 3088/3088
f 1683/1683 3088/3088 1246/1246
f 3189/3189 2357/2357 2361/2361
f 2362/2362 2361/2361 2357/2357
f 2366/2366 2065/2065 2365/2365
f 281/281 2365/2365 2065/2065
f 308/308 307/307 2367/2367
f 3089/3089 2367/2367 307/307
f 324/324 3091/3091 326/326
f 2368/2368 326/326 3091/3091
f 2370/2370 2369/2369 385/385
f 2077/2077 385/385 2369/2369
f 2371/2371 298/298 2413/2413
f 296/296 2413/2413 298/298
f 2372/2372 2373/2373 1726/1726
f 386/386 1726/1726 2373/2373
f 1703/1703 1702/1702 2375/2375
f 2374/2374 2375/2375 1702/1702
f 2376/2376 2377/2377 2415/2415
f 2416/2416 2415/2415 2377/2377
f 301/301 302/302 2378/2378
f 2411/2411 2378/2378 302/302
f 2379/2379 333/333 303/303
f 304/304 303/303 333/333
f 2381/2381 3090/3090 2382/2382
f 3091/3091 2382/2382 3090/3090
f 2385/2385 311/311 2383/2383
f 313/313 2383/2383 311/311
f 1260/1260 1703/1703 2386/2386
f 3089/3089 2386/2386 1703/1703
f 2388/2388 342/342 2404/2404
f 340/340 2404/2404 342/342
f 338/338 390/390 337/337
f 2389/2389 337/337 390/390
f 2390/2390 348/348 2409/2409
f 347/347 2409/2409 348/348
f 369/369 2391/2391 346/346
f 345/345 346/346 2391/2391
f 375/375 2392/2392 2075/2075
f 2393/2393 2075/2075 2392/2392
f 380/380 2395/2395 382/382
f 2394/2394 382/382 2395/2395
f 2396/2396 2397/2397 394/394
f 388/388 394/394 2397/2397
f 2399/2399 2398/2398 2400/2400
f 370/370 2400/2400 2398/2398
f 2400/2400 370/370 2401/2401
f 368/368 2401/2401 370/370
f 344/344 1265/1265 2402/2402
f 3092/3092 2402/2402 1265/1265
f 360/360 376/376 2403/2403
f 374/374 2403/2403 376/376
f 2404/2404 340/340 2405/2405
f 378/378 2405/2405 340/340
f 2410/2410 302/302 2408/2408
f 300/300 2408/2408 302/302
f 302/302 2410/2410 2411/2411
f 2412/2412 2411/2411 2410/2410
f 2414/2414 1728/1728 336/336
f 338/338 336/336 1728/1728
f 2417/2417 2418/2418 351/351
f 352/352 351/351 2418/2418
f 2307/2307 189/189 2420/2420
f 2430/2430 2420/2420 189/189
f 2423/2423 2421/2421 1211/1211
f 183/183 1211/1211 2421/2421
f 2424/2424 2305/2305 2426/2426
f 186/186 2426/2426 2305/2305
f 2419/2419 2425/2425 1213/1213
f 185/185 1213/1213 2425/2425
f 2427/2427 2301/2301 2422/2422
f 181/181 2422/2422 2301/2301
f 2429/2429 191/191 3093/3093
f 1215/1215 3093/3093 191/191
f 1221/1221 2318/2318 1731/1731
f 2432/2432 1731/1731 2318/2318
f 2956/2956 2433/2433 2955/2955
f 2435/2435 2955/2955 2433/2433
f 2438/2438 1292/1292 2439/2439
f 1295/1295 2439/2439 1292/1292
f 1294/1294 433/433 2440/2440
f 2441/2441 2440/2440 433/433
f 2442/2442 2441/2441 434/434
f 433/433 434/434 2441/2441
f 2445/2445 2444/2444 438/438
f 437/437 438/438 2444/2444
f 1289/1289 2449/2449 2434/2434
f 2446/2446 2434/2434 2449/2449
f 1288/1288 2448/2448 1289/1289
f 2449/2449 1289/1289 2448/2448
f 1291/1291 1290/1290 2450/2450
f 2451/2451 2450/2450 1290/1290
f 2977/2977 3094/3094 2431/2431
f 2453/2453 2431/2431 3094/3094
f 1118/1118 1591/1591 33/33
f 2454/2454 33/33 1591/1591
f 23/23 25/25 2025/2025
f 2455/2455 2025/2025 25/25
f 3190/3190 3158/3158 3191/3191
f 1489/1489 1488/1488 2459/2459
f 1486/1486 2461/2461 1487/1487
f 3192/3192 3193/3193 3194/3194
f 1482/1482 1909/1909 1307/1307
f 2463/2463 1307/1307 1909/1909
f 1919/1919 2153/2153 2467/2467
f 3195/3195 3196/3196 3038/3038
f 2462/2462 2469/2469 1306/1306
f 1315/1315 1306/1306 2469/2469
f 2474/2474 1320/1320 2464/2464
f 1309/1309 2464/2464 1320/1320
f 3058/3058 1920/1920 2987/2987
f 2468/2468 2987/2987 1920/1920
f 1327/1327 1316/1316 2481/2481
f 2470/2470 2481/2481 1316/1316
f 2484/2484 1328/1328 2984/2984
f 1321/1321 2984/2984 1328/1328
f 3197/3197 2479/2479 3198/3198
f 2991/2991 3199/3199 2477/2477
f 2488/2488 1334/1334 2482/2482
f 1326/1326 2482/2482 1334/1334
f 2483/2483 2489/2489 1329/1329
f 1336/1336 1329/1329 2489/2489
f 3160/3160 3200/3200 3201/3201
f 2494/2494 2493/2493 2486/2486
f 2497/2497 1345/1345 2487/2487
f 1335/1335 2487/2487 1345/1345
f 1347/1347 1337/1337 2498/2498
f 3202/3202 3203/3203 3204/3204
f 3205/3205 1923/1923 3206/3206
f 2495/2495 2998/2998 1499/1499
f 2504/2504 1354/1354 2496/2496
f 1344/1344 2496/2496 1354/1354
f 1358/1358 1346/1346 2509/2509
f 2499/2499 2509/2509 1346/1346
f 3207/3207 3208/3208 3209/3209
f 1536/1536 1534/1534 2512/2512
f 1530/1530 2516/2516 1532/1532
f 1767/1767 1532/1532 2516/2516
f 3210/3210 3211/3211 3212/3212
f 3002/3002 1370/1370 1528/1528
f 1540/1540 1961/1961 2525/2525
f 2511/2511 2525/2525 1961/1961
f 2517/2517 2526/2526 2518/2518
f 1780/1780 1369/1369 3213/3213
f 2531/2531 1380/1380 3003/3003
f 2521/2521 3005/3005 3214/3214
f 3215/3215 3216/3216 3119/3119
f 2524/2524 3012/3012 1541/1541
f 1385/1385 3217/3217 3218/3218
f 2527/2527 2537/2537 1377/1377
f 2542/2542 1388/1388 3219/3219
f 1381/1381 3219/3219 1388/1388
f 1986/1986 2533/2533 1566/1566
f 3220/3220 3221/3221 3222/3222
f 2550/2550 1401/1401 2538/2538
f 1386/1386 3223/3223 1398/1398
f 2540/2540 2553/2553 2541/2541
f 3224/3224 1389/1389 3021/3021
f 1564/1564 2547/2547 2557/2557
f 2556/2556 2557/2557 2547/2547
f 2560/2560 1800/1800 2549/2549
f 1400/1400 2549/2549 1800/1800
f 1801/1801 1403/1403 2562/2562
f 3129/3129 3225/3225 3226/3226
f 3022/3022 1542/1542 2555/2555
f 3227/3227 3228/3228 3229/3229
f 2573/2573 1422/1422 2558/2558
f 2559/2559 2558/2558 1422/1422
f 3230/3230 2564/2564 3030/3030
f 3231/3231 3028/3028 1416/1416
f 2/2 2591/2591 2582/2582
f 2581/2581 2582/2582 2591/2591
f 1437/1437 1283/1283 2584/2584
f 4/4 2584/2584 1283/1283
f 2063/2063 272/272 1809/1809
f 2585/2585 1809/1809 272/272
f 637/637 2588/2588 638/638
f 1280/1280 638/638 2588/2588
f 2/2 2601/2601 2591/2591
f 2589/2589 2591/2591 2601/2601
f 2593/2593 644/644 2598/2598
f 642/642 2598/2598 644/644
f 2590/2590 2594/2594 2124/2124
f 2596/2596 2124/2124 2594/2594
f 2599/2599 2600/2600 3132/3132
f 3187/3187 3132/3132 2600/2600
f 2602/2602 1/1 2604/2604
f 1142/1142 2604/2604 1/1
f 2063/2063 2592/2592 1677/1677
f 2603/2603 1677/1677 2592/2592
f 2607/2607 2792/2792 2605/2605
f 892/892 2605/2605 2792/2792
f 3142/3142 3133/3133 2609/2609
f 2610/2610 2609/2609 3133/3133
f 2614/2614 2613/2613 888/888
f 2143/2143 888/888 2613/2613
f 2619/2619 874/874 2617/2617
f 876/876 2617/2617 874/874
f 3178/3178 3135/3135 2621/2621
f 2622/2622 2621/2621 3135/3135
f 3134/3134 3136/3136 2625/2625
f 2626/2626 2625/2625 3136/3136
f 2631/2631 2632/2632 2814/2814
f 919/919 2814/2814 2632/2632
f 2173/2173 3137/3137 2635/2635
f 2633/2633 2635/2635 3137/3137
f 849/849 851/851 2638/2638
f 2192/2192 2638/2638 851/851
f 833/833 835/835 2639/2639
f 884/884 2639/2639 835/835
f 2643/2643 2644/2644 2796/2796
f 894/894 2796/2796 2644/2644
f 2646/2646 2161/2161 2648/2648
f 914/914 2648/2648 2161/2161
f 685/685 687/687 2650/2650
f 3139/3139 2650/2650 687/687
f 753/753 755/755 2651/2651
f 2779/2779 2651/2651 755/755
f 2654/2654 2653/2653 921/921
f 922/922 921/921 2653/2653
f 2658/2658 2657/2657 1491/1491
f 901/901 1491/1491 2657/2657
f 2661/2661 1005/1005 2662/2662
f 1007/1007 2662/2662 1005/1005
f 1948/1948 1949/1949 2665/2665
f 2666/2666 2665/2665 1949/1949
f 2670/2670 2176/2176 2672/2672
f 974/974 2672/2672 2176/2176
f 2675/2675 2676/2676 2787/2787
f 889/889 2787/2787 2676/2676
f 1950/1950 1951/1951 2679/2679
f 2677/2677 2679/2679 1951/1951
f 2681/2681 721/721 909/909
f 723/723 909/909 721/721
f 733/733 735/735 2684/2684
f 1021/1021 2684/2684 735/735
f 1940/1940 1941/1941 2687/2687
f 2685/2685 2687/2687 1941/1941
f 2174/2174 3140/3140 2691/2691
f 2689/2689 2691/2691 3140/3140
f 1944/1944 1945/1945 2693/2693
f 2694/2694 2693/2693 1945/1945
f 2175/2175 3141/3141 2699/2699
f 2697/2697 2699/2699 3141/3141
f 2702/2702 829/829 2840/2840
f 831/831 2840/2840 829/829
f 2705/2705 2706/2706 2803/2803
f 910/910 2803/2803 2706/2706
f 805/805 3143/3143 806/806
f 2707/2707 806/806 3143/3143
f 2171/2171 3144/3144 2711/2711
f 2709/2709 2711/2711 3144/3144
f 2715/2715 1023/1023 2713/2713
f 3145/3145 2713/2713 1023/1023
f 1936/1936 1937/1937 2719/2719
f 2717/2717 2719/2719 1937/1937
f 1952/1952 1953/1953 2721/2721
f 2722/2722 2721/2721 1953/1953
f 785/785 787/787 2726/2726
f 3146/3146 2726/2726 787/787
f 1942/1942 1943/1943 2727/2727
f 2728/2728 2727/2727 1943/1943
f 2733/2733 2168/2168 2731/2731
f 925/925 2731/2731 2168/2168
f 2170/2170 3147/3147 2737/2737
f 2735/2735 2737/2737 3147/3147
f 2741/2741 916/916 2739/2739
f 3148/3148 2739/2739 916/916
f 1946/1946 1947/1947 2745/2745
f 2743/2743 2745/2745 1947/1947
f 777/777 3149/3149 778/778
f 2747/2747 778/778 3149/3149
f 707/707 708/708 2749/2749
f 2790/2790 2749/2749 708/708
f 2172/2172 3150/3150 2751/2751
f 2752/2752 2751/2751 3150/3150
f 2757/2757 2758/2758 2786/2786
f 927/927 2786/2786 2758/2758
f 2761/2761 3138/3138 2759/2759
f 2798/2798 2759/2759 3138/3138
f 701/701 703/703 2763/2763
f 1010/1010 2763/2763 703/703
f 1938/1938 1939/1939 2765/2765
f 2766/2766 2765/2765 1939/1939
f 2771/2771 2808/2808 2769/2769
f 917/917 2769/2769 2808/2808
f 1481/1481 131/131 2773/2773
f 2251/2251 2773/2773 131/131
f 1472/1472 87/87 2774/2774
f 2253/2253 2774/2774 87/87
f 1473/1473 91/91 2775/2775
f 2255/2255 2775/2775 91/91
f 1474/1474 99/99 2776/2776
f 2258/2258 2776/2776 99/99
f 1475/1475 103/103 2777/2777
f 2260/2260 2777/2777 103/103
f 1476/1476 107/107 2778/2778
f 2262/2262 2778/2778 107/107
f 1477/1477 111/111 2780/2780
f 2264/2264 2780/2780 111/111
f 1478/1478 115/115 2781/2781
f 2266/2266 2781/2781 115/115
f 1479/1479 123/123 2782/2782
f 2269/2269 2782/2782 123/123
f 1480/1480 127/127 2783/2783
f 2271/2271 2783/2783 127/127
f 2786/2786 927/927 2785/2785
f 928/928 2785/2785 927/927
f 2787/2787 889/889 3034/3034
f 3232/3232 3233/3233 3234/3234
f 2791/2791 2790/2790 890/890
f 708/708 890/890 2790/2790
f 3235/3235 3236/3236 3040/3040
f 895/895 2797/2797 894/894
f 2799/2799 2798/2798 1558/1558
f 1017/1017 3159/3159 3237/3237
f 724/724 684/684 2802/2802
f 905/905 2802/2802 684/684
f 2803/2803 910/910 3043/3043
f 908/908 3043/3043 910/910
f 2809/2809 3148/3148 1503/1503
f 916/916 1503/1503 3148/3148
f 2811/2811 3238/3238 3239/3239
f 3240/3240 3239/3239 3238/3238
f 3050/3050 3145/3145 1560/1560
f 3241/3241 3242/3242 3243/3243
f 1524/1524 741/741 2820/2820
f 743/743 2820/2820 741/741
f 1515/1515 1936/1936 2822/2822
f 3147/3147 2822/2822 1936/1936
f 1516/1516 1938/1938 2824/2824
f 3136/3136 2824/2824 1938/1938
f 1517/1517 1940/1940 2826/2826
f 3144/3144 2826/2826 1940/1940
f 1518/1518 1942/1942 2828/2828
f 3150/3150 2828/2828 1942/1942
f 1519/1519 1944/1944 2830/2830
f 3137/3137 2830/2830 1944/1944
f 1520/1520 1946/1946 2832/2832
f 3140/3140 2832/2832 1946/1946
f 1521/1521 1948/1948 2834/2834
f 3133/3133 2834/2834 1948/1948
f 1522/1522 1950/1950 2836/2836
f 3141/3141 2836/2836 1950/1950
f 1523/1523 1952/1952 2838/2838
f 3149/3149 2838/2838 1952/1952
f 3244/3244 3245/3245 3246/3246
f 3247/3247 3248/3248 3249/3249
f 2840/2840 831/831 2841/2841
f 3250/3250 3251/3251 3252/3252
f 2842/2842 798/798 1531/1531
f 976/976 1531/1531 798/798
f 856/856 820/820 3051/3051
f 1535/1535 3051/3051 820/820
f 2852/2852 762/762 1565/1565
f 1464/1464 1565/1565 762/762
f 3253/3253 3254/3254 3255/3255
f 3256/3256 3257/3257 3258/3258
f 772/772 839/839 2854/2854
f 3259/3259 3260/3260 3261/3261
f 2855/2855 826/826 1546/1546
f 700/700 1546/1546 826/826
f 3262/3262 3263/3263 3264/3264
f 1548/1548 3054/3054 768/768
f 2862/2862 750/750 1569/1569
f 1462/1462 1569/1569 750/750
f 2863/2863 2043/2043 2864/2864
f 96/96 2864/2864 2043/2043
f 2865/2865 2048/2048 2866/2866
f 120/120 2866/2866 2048/2048
f 3265/3265 1492/1492 3266/3266
f 3267/3267 3268/3268 3269/3269
f 736/736 1456/1456 2874/2874
f 1931/1931 3270/3270 3271/3271
f 2875/2875 3134/3134 2876/2876
f 3135/3135 2876/2876 3134/3134
f 2877/2877 3142/3142 2878/2878
f 3143/3143 2878/2878 3142/3142
f 2881/2881 3272/3272 3215/3215
f 1541/1541 2532/2532 984/984
f 2886/2886 3273/3273 1404/1404
f 1407/1407 1796/1796 1000/1000
f 3065/3065 2889/2889 3066/3066
f 2891/2891 3066/3066 2889/2889
f 2021/2021 2893/2893 2022/2022
f 2894/2894 2022/2022 2893/2893
f 1123/1123 2895/2895 1092/1092
f 1093/1093 1092/1092 2895/2895
f 2031/2031 2032/2032 2898/2898
f 2896/2896 2898/2898 2032/2032
f 1136/1136 2900/2900 1068/1068
f 1069/1069 1068/1068 2900/2900
f 1101/1101 2937/2937 1103/1103
f 2902/2902 1103/1103 2937/2937
f 1062/1062 1063/1063 2904/2904
f 3068/3068 2904/2904 1063/1063
f 2906/2906 1087/1087 1589/1589
f 1085/1085 1589/1589 1087/1087
f 1130/1130 2907/2907 1080/1080
f 1081/1081 1080/1080 2907/2907
f 1077/1077 2932/2932 1079/1079
f 2908/2908 1079/1079 2932/2932
f 3064/3064 2909/2909 1075/1075
f 1074/1074 1075/1075 2909/2909
f 2018/2018 2910/2910 2019/2019
f 2912/2912 2019/2019 2910/2910
f 1053/1053 2933/2933 1055/1055
f 2913/2913 1055/1055 2933/2933
f 2914/2914 1047/1047 1590/1590
f 1045/1045 1590/1590 1047/1047
f 2916/2916 1064/1064 2027/2027
f 1066/1066 2027/2027 1064/1064
f 2918/2918 2917/2917 3182/3182
f 3181/3181 3182/3182 2917/2917
f 2922/2922 2225/2225 1126/1126
f 23/23 1126/1126 2225/2225
f 2923/2923 27/27 2921/2921
f 1156/1156 2921/2921 27/27
f 2926/2926 2229/2229 1133/1133
f 31/31 1133/1133 2229/2229
f 2927/2927 38/38 3183/3183
f 1159/1159 3183/3183 38/38
f 2929/2929 1104/1104 2928/2928
f 1106/1106 2928/2928 1104/1104
f 2930/2930 1094/1094 1140/1140
f 1584/1584 1140/1140 1094/1094
f 2026/2026 461/461 1592/1592
f 2931/2931 1592/1592 461/461
f 1066/1066 1067/1067 1593/1593
f 2934/2934 1593/1593 1067/1067
f 2935/2935 1082/1082 3182/3182
f 1580/1580 3182/3182 1082/1082
f 455/455 457/457 1594/1594
f 2936/2936 1594/1594 457/457
f 2938/2938 1070/1070 2929/2929
f 1104/1104 2929/2929 1070/1070

